   Compiling rmudos v0.1.0 (/home/devon/RUST/RMUDOS)
    Finished `release` profile [optimized] target(s) in 16.00s
     Running `target/release/rmudos --config config.toml`
[2m2026-08-18T01:31:29.066242Z[0m [32m INFO[0m [2mrmudos[0m[2m:[0m starting rmudos [3mmud[0m[2m=[0mRustMud [3mmudlib[0m[2m=[0mmudlib
[2m2026-08-18T01:31:29.066277Z[0m [32m INFO[0m [2mrmudos::vm[0m[2m:[0m load_object start [3mpath[0m[2m=[0m/adm/obj/simul_efun
[2m2026-08-18T01:31:29.066285Z[0m [32m INFO[0m [2mrmudos::compiler[0m[2m:[0m compile start [3mpath[0m[2m=[0m/adm/obj/simul_efun [3mfile[0m[2m=[0mmudlib/adm/obj/simul_efun.c
[2m2026-08-18T01:31:29.069940Z[0m [32m INFO[0m [2mrmudos::compiler[0m[2m:[0m compile done [3mpath[0m[2m=[0m/adm/obj/simul_efun [3melapsed_ms[0m[2m=[0m3
[2m2026-08-18T01:31:29.069978Z[0m [32m INFO[0m [2mrmudos::vm[0m[2m:[0m load_object compile ok [3mpath[0m[2m=[0m/adm/obj/simul_efun [3melapsed_ms[0m[2m=[0m3
[2m2026-08-18T01:31:29.069982Z[0m [32m INFO[0m [2mrmudos::vm[0m[2m:[0m load_object create() [3mpath[0m[2m=[0m/adm/obj/simul_efun
[2m2026-08-18T01:31:29.069985Z[0m [32m INFO[0m [2mrmudos::vm[0m[2m:[0m load_object done [3mpath[0m[2m=[0m/adm/obj/simul_efun
[2m2026-08-18T01:31:29.069987Z[0m [32m INFO[0m [2mrmudos::vm[0m[2m:[0m simul_efun object loaded [3mpath[0m[2m=[0m/adm/obj/simul_efun
[2m2026-08-18T01:31:29.069988Z[0m [32m INFO[0m [2mrmudos::vm[0m[2m:[0m load_object start [3mpath[0m[2m=[0m/adm/obj/master
[2m2026-08-18T01:31:29.069990Z[0m [32m INFO[0m [2mrmudos::compiler[0m[2m:[0m compile start [3mpath[0m[2m=[0m/adm/obj/master [3mfile[0m[2m=[0mmudlib/adm/obj/master.c
[2m2026-08-18T01:31:29.072545Z[0m [32m INFO[0m [2mrmudos::compiler[0m[2m:[0m compile done [3mpath[0m[2m=[0m/adm/obj/master [3melapsed_ms[0m[2m=[0m2
[2m2026-08-18T01:31:29.072554Z[0m [32m INFO[0m [2mrmudos::vm[0m[2m:[0m load_object compile ok [3mpath[0m[2m=[0m/adm/obj/master [3melapsed_ms[0m[2m=[0m2
[2m2026-08-18T01:31:29.072556Z[0m [32m INFO[0m [2mrmudos::vm[0m[2m:[0m load_object create() [3mpath[0m[2m=[0m/adm/obj/master
[2m2026-08-18T01:31:29.072558Z[0m [32m INFO[0m [2mrmudos::vm[0m[2m:[0m load_object done [3mpath[0m[2m=[0m/adm/obj/master
[2m2026-08-18T01:31:29.092754Z[0m [32m INFO[0m [2mrmudos::efun::mudos_extra[0m[2m:[0m file_size start [3mpath[0m[2m=[0m"/log/master"
[2m2026-08-18T01:31:29.096313Z[0m [32m INFO[0m [2mrmudos::efun::mudos_extra[0m[2m:[0m file_size done [3mpath[0m[2m=[0m"/log/master" [3msize[0m[2m=[0m47 [3melapsed_ms[0m[2m=[0m3
[2m2026-08-18T01:31:29.102473Z[0m [32m INFO[0m [2mrmudos::efun::mudos_extra[0m[2m:[0m file_size start [3mpath[0m[2m=[0m"/adm/db/preload.db"
[2m2026-08-18T01:31:29.102509Z[0m [32m INFO[0m [2mrmudos::efun::mudos_extra[0m[2m:[0m file_size done [3mpath[0m[2m=[0m"/adm/db/preload.db" [3msize[0m[2m=[0m698 [3melapsed_ms[0m[2m=[0m0
[2m2026-08-18T01:31:29.102581Z[0m [32m INFO[0m [2mrmudos::efun::mudos_extra[0m[2m:[0m file_size start [3mpath[0m[2m=[0m"/daemon/command.c"
[2m2026-08-18T01:31:29.102593Z[0m [32m INFO[0m [2mrmudos::efun::mudos_extra[0m[2m:[0m file_size done [3mpath[0m[2m=[0m"/daemon/command.c" [3msize[0m[2m=[0m2492 [3melapsed_ms[0m[2m=[0m0
[2m2026-08-18T01:31:29.102611Z[0m [32m INFO[0m [2mrmudos::efun::mudos_extra[0m[2m:[0m file_size start [3mpath[0m[2m=[0m"/log/master"
[2m2026-08-18T01:31:29.102880Z[0m [32m INFO[0m [2mrmudos::efun::mudos_extra[0m[2m:[0m file_size done [3mpath[0m[2m=[0m"/log/master" [3msize[0m[2m=[0m760 [3melapsed_ms[0m[2m=[0m0
[2m2026-08-18T01:31:29.103276Z[0m [32m INFO[0m [2mrmudos::vm[0m[2m:[0m load_object start [3mpath[0m[2m=[0m/daemon/command
[2m2026-08-18T01:31:29.103293Z[0m [32m INFO[0m [2mrmudos::compiler[0m[2m:[0m compile start [3mpath[0m[2m=[0m/daemon/command [3mfile[0m[2m=[0mmudlib/daemon/command.c
[2m2026-08-18T01:31:29.103943Z[0m [32m INFO[0m [2mrmudos::compiler[0m[2m:[0m compile done [3mpath[0m[2m=[0m/daemon/command [3melapsed_ms[0m[2m=[0m0
[2m2026-08-18T01:31:29.103953Z[0m [32m INFO[0m [2mrmudos::vm[0m[2m:[0m load_object compile ok [3mpath[0m[2m=[0m/daemon/command [3melapsed_ms[0m[2m=[0m0
[2m2026-08-18T01:31:29.103956Z[0m [32m INFO[0m [2mrmudos::vm[0m[2m:[0m load_object create() [3mpath[0m[2m=[0m/daemon/command
[2m2026-08-18T01:31:29.103977Z[0m [32m INFO[0m [2mrmudos::efun::mudos_extra[0m[2m:[0m file_size start [3mpath[0m[2m=[0m"/cmds/skills"
[2m2026-08-18T01:31:29.104152Z[0m [32m INFO[0m [2mrmudos::efun::mudos_extra[0m[2m:[0m file_size done [3mpath[0m[2m=[0m"/cmds/skills" [3msize[0m[2m=[0m-2 [3melapsed_ms[0m[2m=[0m0
[2m2026-08-18T01:31:29.104156Z[0m [32m INFO[0m [2mrmudos::efun::mudos_extra[0m[2m:[0m get_dir start [3mpath[0m[2m=[0m/cmds/skills/_*.c [3mdetailed[0m[2m=[0mfalse
[2m2026-08-18T01:31:29.104325Z[0m [32m INFO[0m [2mrmudos::efun::mudos_extra[0m[2m:[0m get_dir done [3mpath[0m[2m=[0m/cmds/skills/_*.c [3mentries[0m[2m=[0m0 [3melapsed_ms[0m[2m=[0m0
[2m2026-08-18T01:31:29.104336Z[0m [32m INFO[0m [2mrmudos::efun::mudos_extra[0m[2m:[0m file_size start [3mpath[0m[2m=[0m"/cmds/system"
[2m2026-08-18T01:31:29.104475Z[0m [32m INFO[0m [2mrmudos::efun::mudos_extra[0m[2m:[0m file_size done [3mpath[0m[2m=[0m"/cmds/system" [3msize[0m[2m=[0m-2 [3melapsed_ms[0m[2m=[0m0
[2m2026-08-18T01:31:29.104479Z[0m [32m INFO[0m [2mrmudos::efun::mudos_extra[0m[2m:[0m get_dir start [3mpath[0m[2m=[0m/cmds/system/_*.c [3mdetailed[0m[2m=[0mfalse
[2m2026-08-18T01:31:29.104641Z[0m [32m INFO[0m [2mrmudos::efun::mudos_extra[0m[2m:[0m get_dir done [3mpath[0m[2m=[0m/cmds/system/_*.c [3mentries[0m[2m=[0m43 [3melapsed_ms[0m[2m=[0m0
[2m2026-08-18T01:31:29.105287Z[0m [32m INFO[0m [2mrmudos::efun::mudos_extra[0m[2m:[0m file_size start [3mpath[0m[2m=[0m"/cmds/creator"
[2m2026-08-18T01:31:29.105492Z[0m [32m INFO[0m [2mrmudos::efun::mudos_extra[0m[2m:[0m file_size done [3mpath[0m[2m=[0m"/cmds/creator" [3msize[0m[2m=[0m-2 [3melapsed_ms[0m[2m=[0m0
[2m2026-08-18T01:31:29.105498Z[0m [32m INFO[0m [2mrmudos::efun::mudos_extra[0m[2m:[0m get_dir start [3mpath[0m[2m=[0m/cmds/creator/_*.c [3mdetailed[0m[2m=[0mfalse
[2m2026-08-18T01:31:29.105696Z[0m [32m INFO[0m [2mrmudos::efun::mudos_extra[0m[2m:[0m get_dir done [3mpath[0m[2m=[0m/cmds/creator/_*.c [3mentries[0m[2m=[0m52 [3melapsed_ms[0m[2m=[0m0
[2m2026-08-18T01:31:29.107381Z[0m [32m INFO[0m [2mrmudos::efun::mudos_extra[0m[2m:[0m file_size start [3mpath[0m[2m=[0m"/cmds/mortal"
[2m2026-08-18T01:31:29.107573Z[0m [32m INFO[0m [2mrmudos::efun::mudos_extra[0m[2m:[0m file_size done [3mpath[0m[2m=[0m"/cmds/mortal" [3msize[0m[2m=[0m-2 [3melapsed_ms[0m[2m=[0m0
[2m2026-08-18T01:31:29.107580Z[0m [32m INFO[0m [2mrmudos::efun::mudos_extra[0m[2m:[0m get_dir start [3mpath[0m[2m=[0m/cmds/mortal/_*.c [3mdetailed[0m[2m=[0mfalse
[2m2026-08-18T01:31:29.107834Z[0m [32m INFO[0m [2mrmudos::efun::mudos_extra[0m[2m:[0m get_dir done [3mpath[0m[2m=[0m/cmds/mortal/_*.c [3mentries[0m[2m=[0m93 [3melapsed_ms[0m[2m=[0m0
[2m2026-08-18T01:31:29.113528Z[0m [32m INFO[0m [2mrmudos::vm[0m[2m:[0m load_object done [3mpath[0m[2m=[0m/daemon/command
[2m2026-08-18T01:31:29.113559Z[0m [32m INFO[0m [2mrmudos::efun::mudos_extra[0m[2m:[0m file_size start [3mpath[0m[2m=[0m"/adm/daemon/delayed_function_d.c"
[2m2026-08-18T01:31:29.113582Z[0m [32m INFO[0m [2mrmudos::efun::mudos_extra[0m[2m:[0m file_size done [3mpath[0m[2m=[0m"/adm/daemon/delayed_function_d.c" [3msize[0m[2m=[0m6598 [3melapsed_ms[0m[2m=[0m0
[2m2026-08-18T01:31:29.113606Z[0m [32m INFO[0m [2mrmudos::efun::mudos_extra[0m[2m:[0m file_size start [3mpath[0m[2m=[0m"/log/master"
[2m2026-08-18T01:31:29.113862Z[0m [32m INFO[0m [2mrmudos::efun::mudos_extra[0m[2m:[0m file_size done [3mpath[0m[2m=[0m"/log/master" [3msize[0m[2m=[0m31 [3melapsed_ms[0m[2m=[0m0
[2m2026-08-18T01:31:29.114251Z[0m [32m INFO[0m [2mrmudos::vm[0m[2m:[0m load_object start [3mpath[0m[2m=[0m/adm/daemon/delayed_function_d
[2m2026-08-18T01:31:29.114259Z[0m [32m INFO[0m [2mrmudos::compiler[0m[2m:[0m compile start [3mpath[0m[2m=[0m/adm/daemon/delayed_function_d [3mfile[0m[2m=[0mmudlib/adm/daemon/delayed_function_d.c
[2m2026-08-18T01:31:29.114609Z[0m [32m INFO[0m [2mrmudos::compiler[0m[2m:[0m compile done [3mpath[0m[2m=[0m/adm/daemon/delayed_function_d [3melapsed_ms[0m[2m=[0m0
[2m2026-08-18T01:31:29.114616Z[0m [32m INFO[0m [2mrmudos::vm[0m[2m:[0m load_object compile ok [3mpath[0m[2m=[0m/adm/daemon/delayed_function_d [3melapsed_ms[0m[2m=[0m0
[2m2026-08-18T01:31:29.114619Z[0m [32m INFO[0m [2mrmudos::vm[0m[2m:[0m load_object create() [3mpath[0m[2m=[0m/adm/daemon/delayed_function_d
[2m2026-08-18T01:31:29.114622Z[0m [32m INFO[0m [2mrmudos::vm[0m[2m:[0m load_object done [3mpath[0m[2m=[0m/adm/daemon/delayed_function_d
[2m2026-08-18T01:31:29.114637Z[0m [32m INFO[0m [2mrmudos::efun::mudos_extra[0m[2m:[0m file_size start [3mpath[0m[2m=[0m"/adm/daemon/astronomy_d.c"
[2m2026-08-18T01:31:29.114649Z[0m [32m INFO[0m [2mrmudos::efun::mudos_extra[0m[2m:[0m file_size done [3mpath[0m[2m=[0m"/adm/daemon/astronomy_d.c" [3msize[0m[2m=[0m5132 [3melapsed_ms[0m[2m=[0m0
[2m2026-08-18T01:31:29.114669Z[0m [32m INFO[0m [2mrmudos::efun::mudos_extra[0m[2m:[0m file_size start [3mpath[0m[2m=[0m"/log/master"
[2m2026-08-18T01:31:29.114889Z[0m [32m INFO[0m [2mrmudos::efun::mudos_extra[0m[2m:[0m file_size done [3mpath[0m[2m=[0m"/log/master" [3msize[0m[2m=[0m46 [3melapsed_ms[0m[2m=[0m0
[2m2026-08-18T01:31:29.115184Z[0m [32m INFO[0m [2mrmudos::vm[0m[2m:[0m load_object start [3mpath[0m[2m=[0m/adm/daemon/astronomy_d
[2m2026-08-18T01:31:29.115192Z[0m [32m INFO[0m [2mrmudos::compiler[0m[2m:[0m compile start [3mpath[0m[2m=[0m/adm/daemon/astronomy_d [3mfile[0m[2m=[0mmudlib/adm/daemon/astronomy_d.c
[2m2026-08-18T01:31:29.115563Z[0m [32m INFO[0m [2mrmudos::compiler[0m[2m:[0m compile done [3mpath[0m[2m=[0m/adm/daemon/astronomy_d [3melapsed_ms[0m[2m=[0m0
[2m2026-08-18T01:31:29.115570Z[0m [32m INFO[0m [2mrmudos::vm[0m[2m:[0m load_object compile ok [3mpath[0m[2m=[0m/adm/daemon/astronomy_d [3melapsed_ms[0m[2m=[0m0
[2m2026-08-18T01:31:29.115572Z[0m [32m INFO[0m [2mrmudos::vm[0m[2m:[0m load_object create() [3mpath[0m[2m=[0m/adm/daemon/astronomy_d
[2m2026-08-18T01:31:29.115589Z[0m [32m INFO[0m [2mrmudos::vm[0m[2m:[0m load_object start [3mpath[0m[2m=[0m/daemon/events_d
[2m2026-08-18T01:31:29.115591Z[0m [32m INFO[0m [2mrmudos::compiler[0m[2m:[0m compile start [3mpath[0m[2m=[0m/daemon/events_d [3mfile[0m[2m=[0mmudlib/daemon/events_d.c
[2m2026-08-18T01:31:29.116130Z[0m [32m INFO[0m [2mrmudos::compiler[0m[2m:[0m compile done [3mpath[0m[2m=[0m/daemon/events_d [3melapsed_ms[0m[2m=[0m0
[2m2026-08-18T01:31:29.116139Z[0m [32m INFO[0m [2mrmudos::vm[0m[2m:[0m load_object compile ok [3mpath[0m[2m=[0m/daemon/events_d [3melapsed_ms[0m[2m=[0m0
[2m2026-08-18T01:31:29.116141Z[0m [32m INFO[0m [2mrmudos::vm[0m[2m:[0m load_object create() [3mpath[0m[2m=[0m/daemon/events_d
[2m2026-08-18T01:31:29.117020Z[0m [32m INFO[0m [2mrmudos::vm[0m[2m:[0m load_object start [3mpath[0m[2m=[0m/daemon/events_d
[2m2026-08-18T01:31:29.117028Z[0m [32m INFO[0m [2mrmudos::compiler[0m[2m:[0m compile start [3mpath[0m[2m=[0m/daemon/events_d [3mfile[0m[2m=[0mmudlib/daemon/events_d.c
[2m2026-08-18T01:31:29.117499Z[0m [32m INFO[0m [2mrmudos::compiler[0m[2m:[0m compile done [3mpath[0m[2m=[0m/daemon/events_d [3melapsed_ms[0m[2m=[0m0
[2m2026-08-18T01:31:29.117505Z[0m [32m INFO[0m [2mrmudos::vm[0m[2m:[0m load_object compile ok [3mpath[0m[2m=[0m/daemon/events_d [3melapsed_ms[0m[2m=[0m0
[2m2026-08-18T01:31:29.117507Z[0m [32m INFO[0m [2mrmudos::vm[0m[2m:[0m load_object create() [3mpath[0m[2m=[0m/daemon/events_d
[2m2026-08-18T01:31:29.117628Z[0m [32m INFO[0m [2mrmudos::vm[0m[2m:[0m load_object done [3mpath[0m[2m=[0m/adm/daemon/astronomy_d
[2m2026-08-18T01:31:29.117643Z[0m [32m INFO[0m [2mrmudos::efun::mudos_extra[0m[2m:[0m file_size start [3mpath[0m[2m=[0m"/daemon/castle_d.c"
[2m2026-08-18T01:31:29.117656Z[0m [32m INFO[0m [2mrmudos::efun::mudos_extra[0m[2m:[0m file_size done [3mpath[0m[2m=[0m"/daemon/castle_d.c" [3msize[0m[2m=[0m3805 [3melapsed_ms[0m[2m=[0m0
[2m2026-08-18T01:31:29.117673Z[0m [32m INFO[0m [2mrmudos::efun::mudos_extra[0m[2m:[0m file_size start [3mpath[0m[2m=[0m"/log/master"
[2m2026-08-18T01:31:29.117902Z[0m [32m INFO[0m [2mrmudos::efun::mudos_extra[0m[2m:[0m file_size done [3mpath[0m[2m=[0m"/log/master" [3msize[0m[2m=[0m39 [3melapsed_ms[0m[2m=[0m0
[2m2026-08-18T01:31:29.118176Z[0m [32m INFO[0m [2mrmudos::vm[0m[2m:[0m load_object start [3mpath[0m[2m=[0m/daemon/castle_d
[2m2026-08-18T01:31:29.118181Z[0m [32m INFO[0m [2mrmudos::compiler[0m[2m:[0m compile start [3mpath[0m[2m=[0m/daemon/castle_d [3mfile[0m[2m=[0mmudlib/daemon/castle_d.c
[2m2026-08-18T01:31:29.118469Z[0m [32m INFO[0m [2mrmudos::compiler[0m[2m:[0m compile done [3mpath[0m[2m=[0m/daemon/castle_d [3melapsed_ms[0m[2m=[0m0
[2m2026-08-18T01:31:29.118472Z[0m [32m INFO[0m [2mrmudos::vm[0m[2m:[0m load_object compile ok [3mpath[0m[2m=[0m/daemon/castle_d [3melapsed_ms[0m[2m=[0m0
[2m2026-08-18T01:31:29.118473Z[0m [32m INFO[0m [2mrmudos::vm[0m[2m:[0m load_object create() [3mpath[0m[2m=[0m/daemon/castle_d
[2m2026-08-18T01:31:29.118500Z[0m [32m INFO[0m [2mrmudos::vm[0m[2m:[0m load_object start [3mpath[0m[2m=[0m/daemon/events_d
[2m2026-08-18T01:31:29.118503Z[0m [32m INFO[0m [2mrmudos::compiler[0m[2m:[0m compile start [3mpath[0m[2m=[0m/daemon/events_d [3mfile[0m[2m=[0mmudlib/daemon/events_d.c
[2m2026-08-18T01:31:29.119001Z[0m [32m INFO[0m [2mrmudos::compiler[0m[2m:[0m compile done [3mpath[0m[2m=[0m/daemon/events_d [3melapsed_ms[0m[2m=[0m0
[2m2026-08-18T01:31:29.119005Z[0m [32m INFO[0m [2mrmudos::vm[0m[2m:[0m load_object compile ok [3mpath[0m[2m=[0m/daemon/events_d [3melapsed_ms[0m[2m=[0m0
[2m2026-08-18T01:31:29.119007Z[0m [32m INFO[0m [2mrmudos::vm[0m[2m:[0m load_object create() [3mpath[0m[2m=[0m/daemon/events_d
[2m2026-08-18T01:31:29.119126Z[0m [32m INFO[0m [2mrmudos::vm[0m[2m:[0m load_object start [3mpath[0m[2m=[0m/daemon/events_d
[2m2026-08-18T01:31:29.119130Z[0m [32m INFO[0m [2mrmudos::compiler[0m[2m:[0m compile start [3mpath[0m[2m=[0m/daemon/events_d [3mfile[0m[2m=[0mmudlib/daemon/events_d.c
[2m2026-08-18T01:31:29.119599Z[0m [32m INFO[0m [2mrmudos::compiler[0m[2m:[0m compile done [3mpath[0m[2m=[0m/daemon/events_d [3melapsed_ms[0m[2m=[0m0
[2m2026-08-18T01:31:29.119602Z[0m [32m INFO[0m [2mrmudos::vm[0m[2m:[0m load_object compile ok [3mpath[0m[2m=[0m/daemon/events_d [3melapsed_ms[0m[2m=[0m0
[2m2026-08-18T01:31:29.119604Z[0m [32m INFO[0m [2mrmudos::vm[0m[2m:[0m load_object create() [3mpath[0m[2m=[0m/daemon/events_d
[2m2026-08-18T01:31:29.119716Z[0m [32m INFO[0m [2mrmudos::vm[0m[2m:[0m load_object done [3mpath[0m[2m=[0m/daemon/castle_d
[2m2026-08-18T01:31:29.119731Z[0m [32m INFO[0m [2mrmudos::efun::mudos_extra[0m[2m:[0m file_size start [3mpath[0m[2m=[0m"/adm/daemon/guild_d.c"
[2m2026-08-18T01:31:29.119743Z[0m [32m INFO[0m [2mrmudos::efun::mudos_extra[0m[2m:[0m file_size done [3mpath[0m[2m=[0m"/adm/daemon/guild_d.c" [3msize[0m[2m=[0m24015 [3melapsed_ms[0m[2m=[0m0
[2m2026-08-18T01:31:29.119760Z[0m [32m INFO[0m [2mrmudos::efun::mudos_extra[0m[2m:[0m file_size start [3mpath[0m[2m=[0m"/log/master"
[2m2026-08-18T01:31:29.120013Z[0m [32m INFO[0m [2mrmudos::efun::mudos_extra[0m[2m:[0m file_size done [3mpath[0m[2m=[0m"/log/master" [3msize[0m[2m=[0m32 [3melapsed_ms[0m[2m=[0m0
[2m2026-08-18T01:31:29.120293Z[0m [32m INFO[0m [2mrmudos::vm[0m[2m:[0m load_object start [3mpath[0m[2m=[0m/adm/daemon/guild_d
[2m2026-08-18T01:31:29.120298Z[0m [32m INFO[0m [2mrmudos::compiler[0m[2m:[0m compile start [3mpath[0m[2m=[0m/adm/daemon/guild_d [3mfile[0m[2m=[0mmudlib/adm/daemon/guild_d.c
[2m2026-08-18T01:31:29.121939Z[0m [32m INFO[0m [2mrmudos::compiler[0m[2m:[0m compile done [3mpath[0m[2m=[0m/adm/daemon/guild_d [3melapsed_ms[0m[2m=[0m1
[2m2026-08-18T01:31:29.122039Z[0m [32m INFO[0m [2mrmudos::vm[0m[2m:[0m load_object compile ok [3mpath[0m[2m=[0m/adm/daemon/guild_d [3melapsed_ms[0m[2m=[0m1
[2m2026-08-18T01:31:29.122072Z[0m [32m INFO[0m [2mrmudos::vm[0m[2m:[0m load_object create() [3mpath[0m[2m=[0m/adm/daemon/guild_d
[2m2026-08-18T01:31:29.122100Z[0m [32m INFO[0m [2mrmudos::efun::mudos_extra[0m[2m:[0m file_size start [3mpath[0m[2m=[0m"/adm/save/daemons/guild_d.o"
[2m2026-08-18T01:31:29.122285Z[0m [32m INFO[0m [2mrmudos::efun::mudos_extra[0m[2m:[0m file_size done [3mpath[0m[2m=[0m"/adm/save/daemons/guild_d.o" [3msize[0m[2m=[0m-1 [3melapsed_ms[0m[2m=[0m0
[2m2026-08-18T01:31:29.122295Z[0m [32m INFO[0m [2mrmudos::vm[0m[2m:[0m load_object done [3mpath[0m[2m=[0m/adm/daemon/guild_d
[2m2026-08-18T01:31:29.122308Z[0m [32m INFO[0m [2mrmudos::efun::mudos_extra[0m[2m:[0m file_size start [3mpath[0m[2m=[0m"/adm/daemon/race_d.c"
[2m2026-08-18T01:31:29.122319Z[0m [32m INFO[0m [2mrmudos::efun::mudos_extra[0m[2m:[0m file_size done [3mpath[0m[2m=[0m"/adm/daemon/race_d.c" [3msize[0m[2m=[0m8018 [3melapsed_ms[0m[2m=[0m0
[2m2026-08-18T01:31:29.122334Z[0m [32m INFO[0m [2mrmudos::efun::mudos_extra[0m[2m:[0m file_size start [3mpath[0m[2m=[0m"/log/master"
[2m2026-08-18T01:31:29.122549Z[0m [32m INFO[0m [2mrmudos::efun::mudos_extra[0m[2m:[0m file_size done [3mpath[0m[2m=[0m"/log/master" [3msize[0m[2m=[0m35 [3melapsed_ms[0m[2m=[0m0
[2m2026-08-18T01:31:29.122828Z[0m [32m INFO[0m [2mrmudos::vm[0m[2m:[0m load_object start [3mpath[0m[2m=[0m/adm/daemon/race_d
[2m2026-08-18T01:31:29.122836Z[0m [32m INFO[0m [2mrmudos::compiler[0m[2m:[0m compile start [3mpath[0m[2m=[0m/adm/daemon/race_d [3mfile[0m[2m=[0mmudlib/adm/daemon/race_d.c
[2m2026-08-18T01:31:29.123325Z[0m [32m INFO[0m [2mrmudos::compiler[0m[2m:[0m compile done [3mpath[0m[2m=[0m/adm/daemon/race_d [3melapsed_ms[0m[2m=[0m0
[2m2026-08-18T01:31:29.123332Z[0m [32m INFO[0m [2mrmudos::vm[0m[2m:[0m load_object compile ok [3mpath[0m[2m=[0m/adm/daemon/race_d [3melapsed_ms[0m[2m=[0m0
[2m2026-08-18T01:31:29.123334Z[0m [32m INFO[0m [2mrmudos::vm[0m[2m:[0m load_object create() [3mpath[0m[2m=[0m/adm/daemon/race_d
[2m2026-08-18T01:31:29.123360Z[0m [32m INFO[0m [2mrmudos::efun::mudos_extra[0m[2m:[0m file_size start [3mpath[0m[2m=[0m"/daemon/db/races.db"
[2m2026-08-18T01:31:29.123516Z[0m [32m INFO[0m [2mrmudos::efun::mudos_extra[0m[2m:[0m file_size done [3mpath[0m[2m=[0m"/daemon/db/races.db" [3msize[0m[2m=[0m2739 [3melapsed_ms[0m[2m=[0m0
[2m2026-08-18T01:31:29.137786Z[0m [32m INFO[0m [2mrmudos::efun::mudos_extra[0m[2m:[0m file_size start [3mpath[0m[2m=[0m"/daemon/db/races/human"
[2m2026-08-18T01:31:29.138012Z[0m [32m INFO[0m [2mrmudos::efun::mudos_extra[0m[2m:[0m file_size done [3mpath[0m[2m=[0m"/daemon/db/races/human" [3msize[0m[2m=[0m207 [3melapsed_ms[0m[2m=[0m0
[2m2026-08-18T01:31:29.138349Z[0m [32m INFO[0m [2mrmudos::efun::mudos_extra[0m[2m:[0m file_size start [3mpath[0m[2m=[0m"/daemon/db/races/seraph"
[2m2026-08-18T01:31:29.138560Z[0m [32m INFO[0m [2mrmudos::efun::mudos_extra[0m[2m:[0m file_size done [3mpath[0m[2m=[0m"/daemon/db/races/seraph" [3msize[0m[2m=[0m240 [3melapsed_ms[0m[2m=[0m0
[2m2026-08-18T01:31:29.138939Z[0m [32m INFO[0m [2mrmudos::efun::mudos_extra[0m[2m:[0m file_size start [3mpath[0m[2m=[0m"/daemon/db/races/sword-demon"
[2m2026-08-18T01:31:29.139123Z[0m [32m INFO[0m [2mrmudos::efun::mudos_extra[0m[2m:[0m file_size done [3mpath[0m[2m=[0m"/daemon/db/races/sword-demon" [3msize[0m[2m=[0m240 [3melapsed_ms[0m[2m=[0m0
[2m2026-08-18T01:31:29.139634Z[0m [32m INFO[0m [2mrmudos::efun::mudos_extra[0m[2m:[0m file_size start [3mpath[0m[2m=[0m"/daemon/db/races/gromek"
[2m2026-08-18T01:31:29.139825Z[0m [32m INFO[0m [2mrmudos::efun::mudos_extra[0m[2m:[0m file_size done [3mpath[0m[2m=[0m"/daemon/db/races/gromek" [3msize[0m[2m=[0m240 [3melapsed_ms[0m[2m=[0m0
[2m2026-08-18T01:31:29.140407Z[0m [32m INFO[0m [2mrmudos::efun::mudos_extra[0m[2m:[0m file_size start [3mpath[0m[2m=[0m"/daemon/db/races/sprite"
[2m2026-08-18T01:31:29.140607Z[0m [32m INFO[0m [2mrmudos::efun::mudos_extra[0m[2m:[0m file_size done [3mpath[0m[2m=[0m"/daemon/db/races/sprite" [3msize[0m[2m=[0m240 [3melapsed_ms[0m[2m=[0m0
[2m2026-08-18T01:31:29.141283Z[0m [32m INFO[0m [2mrmudos::efun::mudos_extra[0m[2m:[0m file_size start [3mpath[0m[2m=[0m"/daemon/db/races/ent"
[2m2026-08-18T01:31:29.141470Z[0m [32m INFO[0m [2mrmudos::efun::mudos_extra[0m[2m:[0m file_size done [3mpath[0m[2m=[0m"/daemon/db/races/ent" [3msize[0m[2m=[0m163 [3melapsed_ms[0m[2m=[0m0
[2m2026-08-18T01:31:29.142225Z[0m [32m INFO[0m [2mrmudos::efun::mudos_extra[0m[2m:[0m file_size start [3mpath[0m[2m=[0m"/daemon/db/races/thranx"
[2m2026-08-18T01:31:29.142444Z[0m [32m INFO[0m [2mrmudos::efun::mudos_extra[0m[2m:[0m file_size done [3mpath[0m[2m=[0m"/daemon/db/races/thranx" [3msize[0m[2m=[0m289 [3melapsed_ms[0m[2m=[0m0
[2m2026-08-18T01:31:29.143451Z[0m [32m INFO[0m [2mrmudos::efun::mudos_extra[0m[2m:[0m file_size start [3mpath[0m[2m=[0m"/daemon/db/races/centaur"
[2m2026-08-18T01:31:29.143652Z[0m [32m INFO[0m [2mrmudos::efun::mudos_extra[0m[2m:[0m file_size done [3mpath[0m[2m=[0m"/daemon/db/races/centaur" [3msize[0m[2m=[0m415 [3melapsed_ms[0m[2m=[0m0
[2m2026-08-18T01:31:29.144848Z[0m [32m INFO[0m [2mrmudos::vm[0m[2m:[0m load_object done [3mpath[0m[2m=[0m/adm/daemon/race_d
[2m2026-08-18T01:31:29.144864Z[0m [32m INFO[0m [2mrmudos::efun::mudos_extra[0m[2m:[0m file_size start [3mpath[0m[2m=[0m"/adm/daemon/inactivity_d.c"
[2m2026-08-18T01:31:29.144876Z[0m [32m INFO[0m [2mrmudos::efun::mudos_extra[0m[2m:[0m file_size done [3mpath[0m[2m=[0m"/adm/daemon/inactivity_d.c" [3msize[0m[2m=[0m3813 [3melapsed_ms[0m[2m=[0m0
[2m2026-08-18T01:31:29.144892Z[0m [32m INFO[0m [2mrmudos::efun::mudos_extra[0m[2m:[0m file_size start [3mpath[0m[2m=[0m"/log/master"
[2m2026-08-18T01:31:29.145122Z[0m [32m INFO[0m [2mrmudos::efun::mudos_extra[0m[2m:[0m file_size done [3mpath[0m[2m=[0m"/log/master" [3msize[0m[2m=[0m34 [3melapsed_ms[0m[2m=[0m0
[2m2026-08-18T01:31:29.145562Z[0m [32m INFO[0m [2mrmudos::vm[0m[2m:[0m load_object start [3mpath[0m[2m=[0m/adm/daemon/inactivity_d
[2m2026-08-18T01:31:29.145570Z[0m [32m INFO[0m [2mrmudos::compiler[0m[2m:[0m compile start [3mpath[0m[2m=[0m/adm/daemon/inactivity_d [3mfile[0m[2m=[0mmudlib/adm/daemon/inactivity_d.c
[2m2026-08-18T01:31:29.145886Z[0m [32m INFO[0m [2mrmudos::compiler[0m[2m:[0m compile done [3mpath[0m[2m=[0m/adm/daemon/inactivity_d [3melapsed_ms[0m[2m=[0m0
[2m2026-08-18T01:31:29.145890Z[0m [32m INFO[0m [2mrmudos::vm[0m[2m:[0m load_object compile ok [3mpath[0m[2m=[0m/adm/daemon/inactivity_d [3melapsed_ms[0m[2m=[0m0
[2m2026-08-18T01:31:29.145892Z[0m [32m INFO[0m [2mrmudos::vm[0m[2m:[0m load_object create() [3mpath[0m[2m=[0m/adm/daemon/inactivity_d
[2m2026-08-18T01:31:29.145915Z[0m [32m INFO[0m [2mrmudos::efun::mudos_extra[0m[2m:[0m file_size start [3mpath[0m[2m=[0m"/adm/save/daemons/inactivity.o"
[2m2026-08-18T01:31:29.146594Z[0m [32m INFO[0m [2mrmudos::efun::mudos_extra[0m[2m:[0m file_size done [3mpath[0m[2m=[0m"/adm/save/daemons/inactivity.o" [3msize[0m[2m=[0m135 [3melapsed_ms[0m[2m=[0m0
[2m2026-08-18T01:31:29.147027Z[0m [32m INFO[0m [2mrmudos::vm[0m[2m:[0m load_object start [3mpath[0m[2m=[0m/daemon/events_d
[2m2026-08-18T01:31:29.147038Z[0m [32m INFO[0m [2mrmudos::compiler[0m[2m:[0m compile start [3mpath[0m[2m=[0m/daemon/events_d [3mfile[0m[2m=[0mmudlib/daemon/events_d.c
[2m2026-08-18T01:31:29.147595Z[0m [32m INFO[0m [2mrmudos::compiler[0m[2m:[0m compile done [3mpath[0m[2m=[0m/daemon/events_d [3melapsed_ms[0m[2m=[0m0
[2m2026-08-18T01:31:29.147602Z[0m [32m INFO[0m [2mrmudos::vm[0m[2m:[0m load_object compile ok [3mpath[0m[2m=[0m/daemon/events_d [3melapsed_ms[0m[2m=[0m0
[2m2026-08-18T01:31:29.147604Z[0m [32m INFO[0m [2mrmudos::vm[0m[2m:[0m load_object create() [3mpath[0m[2m=[0m/daemon/events_d
[2m2026-08-18T01:31:29.147769Z[0m [32m INFO[0m [2mrmudos::efun::mudos_extra[0m[2m:[0m file_size start [3mpath[0m[2m=[0m"/log/auto_remove"
[2m2026-08-18T01:31:29.148006Z[0m [32m INFO[0m [2mrmudos::efun::mudos_extra[0m[2m:[0m file_size done [3mpath[0m[2m=[0m"/log/auto_remove" [3msize[0m[2m=[0m44 [3melapsed_ms[0m[2m=[0m0
[2m2026-08-18T01:31:29.148482Z[0m [32m INFO[0m [2mrmudos::efun::mudos_extra[0m[2m:[0m get_dir start [3mpath[0m[2m=[0m/adm/save/users/ [3mdetailed[0m[2m=[0mfalse
[2m2026-08-18T01:31:29.148652Z[0m [32m INFO[0m [2mrmudos::efun::mudos_extra[0m[2m:[0m get_dir done [3mpath[0m[2m=[0m/adm/save/users/ [3mentries[0m[2m=[0m7 [3melapsed_ms[0m[2m=[0m0
[2m2026-08-18T01:31:29.148657Z[0m [32m INFO[0m [2mrmudos::efun::mudos_extra[0m[2m:[0m file_size start [3mpath[0m[2m=[0m"/adm/save/users/z"
[2m2026-08-18T01:31:29.148827Z[0m [32m INFO[0m [2mrmudos::efun::mudos_extra[0m[2m:[0m file_size done [3mpath[0m[2m=[0m"/adm/save/users/z" [3msize[0m[2m=[0m-2 [3melapsed_ms[0m[2m=[0m0
[2m2026-08-18T01:31:29.148832Z[0m [32m INFO[0m [2mrmudos::efun::mudos_extra[0m[2m:[0m get_dir start [3mpath[0m[2m=[0m/adm/save/users/z/ [3mdetailed[0m[2m=[0mtrue
[2m2026-08-18T01:31:29.149036Z[0m [32m INFO[0m [2mrmudos::efun::mudos_extra[0m[2m:[0m get_dir done [3mpath[0m[2m=[0m/adm/save/users/z/ [3mentries[0m[2m=[0m15 [3melapsed_ms[0m[2m=[0m0
[2m2026-08-18T01:31:29.152230Z[0m [32m INFO[0m [2mrmudos::efun::mudos_extra[0m[2m:[0m file_size start [3mpath[0m[2m=[0m"/adm/save/users/t"
[2m2026-08-18T01:31:29.152386Z[0m [32m INFO[0m [2mrmudos::efun::mudos_extra[0m[2m:[0m file_size done [3mpath[0m[2m=[0m"/adm/save/users/t" [3msize[0m[2m=[0m-2 [3melapsed_ms[0m[2m=[0m0
[2m2026-08-18T01:31:29.152392Z[0m [32m INFO[0m [2mrmudos::efun::mudos_extra[0m[2m:[0m get_dir start [3mpath[0m[2m=[0m/adm/save/users/t/ [3mdetailed[0m[2m=[0mtrue
[2m2026-08-18T01:31:29.152568Z[0m [32m INFO[0m [2mrmudos::efun::mudos_extra[0m[2m:[0m get_dir done [3mpath[0m[2m=[0m/adm/save/users/t/ [3mentries[0m[2m=[0m9 [3melapsed_ms[0m[2m=[0m0
[2m2026-08-18T01:31:29.154355Z[0m [32m INFO[0m [2mrmudos::efun::mudos_extra[0m[2m:[0m file_size start [3mpath[0m[2m=[0m"/adm/save/users/rid"
[2m2026-08-18T01:31:29.154519Z[0m [32m INFO[0m [2mrmudos::efun::mudos_extra[0m[2m:[0m file_size done [3mpath[0m[2m=[0m"/adm/save/users/rid" [3msize[0m[2m=[0m-2 [3melapsed_ms[0m[2m=[0m0
[2m2026-08-18T01:31:29.154527Z[0m [32m INFO[0m [2mrmudos::efun::mudos_extra[0m[2m:[0m file_size start [3mpath[0m[2m=[0m"/adm/save/users/r"
[2m2026-08-18T01:31:29.154685Z[0m [32m INFO[0m [2mrmudos::efun::mudos_extra[0m[2m:[0m file_size done [3mpath[0m[2m=[0m"/adm/save/users/r" [3msize[0m[2m=[0m-2 [3melapsed_ms[0m[2m=[0m0
[2m2026-08-18T01:31:29.154699Z[0m [32m INFO[0m [2mrmudos::efun::mudos_extra[0m[2m:[0m get_dir start [3mpath[0m[2m=[0m/adm/save/users/r/ [3mdetailed[0m[2m=[0mtrue
[2m2026-08-18T01:31:29.154879Z[0m [32m INFO[0m [2mrmudos::efun::mudos_extra[0m[2m:[0m get_dir done [3mpath[0m[2m=[0m/adm/save/users/r/ [3mentries[0m[2m=[0m1 [3melapsed_ms[0m[2m=[0m0
[2m2026-08-18T01:31:29.155954Z[0m [32m INFO[0m [2mrmudos::efun::mudos_extra[0m[2m:[0m file_size start [3mpath[0m[2m=[0m"/adm/save/users/p"
[2m2026-08-18T01:31:29.156295Z[0m [32m INFO[0m [2mrmudos::efun::mudos_extra[0m[2m:[0m file_size done [3mpath[0m[2m=[0m"/adm/save/users/p" [3msize[0m[2m=[0m-2 [3melapsed_ms[0m[2m=[0m0
[2m2026-08-18T01:31:29.156305Z[0m [32m INFO[0m [2mrmudos::efun::mudos_extra[0m[2m:[0m get_dir start [3mpath[0m[2m=[0m/adm/save/users/p/ [3mdetailed[0m[2m=[0mtrue
[2m2026-08-18T01:31:29.156490Z[0m [32m INFO[0m [2mrmudos::efun::mudos_extra[0m[2m:[0m get_dir done [3mpath[0m[2m=[0m/adm/save/users/p/ [3mentries[0m[2m=[0m1 [3melapsed_ms[0m[2m=[0m0
[2m2026-08-18T01:31:29.156708Z[0m [32m INFO[0m [2mrmudos::efun::mudos_extra[0m[2m:[0m file_size start [3mpath[0m[2m=[0m"/adm/save/users/0"
[2m2026-08-18T01:31:29.156871Z[0m [32m INFO[0m [2mrmudos::efun::mudos_extra[0m[2m:[0m file_size done [3mpath[0m[2m=[0m"/adm/save/users/0" [3msize[0m[2m=[0m-2 [3melapsed_ms[0m[2m=[0m0
[2m2026-08-18T01:31:29.156878Z[0m [32m INFO[0m [2mrmudos::efun::mudos_extra[0m[2m:[0m get_dir start [3mpath[0m[2m=[0m/adm/save/users/0/ [3mdetailed[0m[2m=[0mtrue
[2m2026-08-18T01:31:29.157047Z[0m [32m INFO[0m [2mrmudos::efun::mudos_extra[0m[2m:[0m get_dir done [3mpath[0m[2m=[0m/adm/save/users/0/ [3mentries[0m[2m=[0m2 [3melapsed_ms[0m[2m=[0m0
[2m2026-08-18T01:31:29.157455Z[0m [32m INFO[0m [2mrmudos::efun::mudos_extra[0m[2m:[0m file_size start [3mpath[0m[2m=[0m"/adm/save/users/.gitkeep"
[2m2026-08-18T01:31:29.157634Z[0m [32m INFO[0m [2mrmudos::efun::mudos_extra[0m[2m:[0m file_size done [3mpath[0m[2m=[0m"/adm/save/users/.gitkeep" [3msize[0m[2m=[0m0 [3melapsed_ms[0m[2m=[0m0
[2m2026-08-18T01:31:29.157661Z[0m [32m INFO[0m [2mrmudos::vm[0m[2m:[0m load_object start [3mpath[0m[2m=[0m/daemon/events_d
[2m2026-08-18T01:31:29.157664Z[0m [32m INFO[0m [2mrmudos::compiler[0m[2m:[0m compile start [3mpath[0m[2m=[0m/daemon/events_d [3mfile[0m[2m=[0mmudlib/daemon/events_d.c
[2m2026-08-18T01:31:29.158194Z[0m [32m INFO[0m [2mrmudos::compiler[0m[2m:[0m compile done [3mpath[0m[2m=[0m/daemon/events_d [3melapsed_ms[0m[2m=[0m0
[2m2026-08-18T01:31:29.158198Z[0m [32m INFO[0m [2mrmudos::vm[0m[2m:[0m load_object compile ok [3mpath[0m[2m=[0m/daemon/events_d [3melapsed_ms[0m[2m=[0m0
[2m2026-08-18T01:31:29.158200Z[0m [32m INFO[0m [2mrmudos::vm[0m[2m:[0m load_object create() [3mpath[0m[2m=[0m/daemon/events_d
[2m2026-08-18T01:31:29.158391Z[0m [32m INFO[0m [2mrmudos::vm[0m[2m:[0m load_object done [3mpath[0m[2m=[0m/adm/daemon/inactivity_d
[2m2026-08-18T01:31:29.158407Z[0m [32m INFO[0m [2mrmudos::efun::mudos_extra[0m[2m:[0m file_size start [3mpath[0m[2m=[0m"/daemon/localpost.c"
[2m2026-08-18T01:31:29.158418Z[0m [32m INFO[0m [2mrmudos::efun::mudos_extra[0m[2m:[0m file_size done [3mpath[0m[2m=[0m"/daemon/localpost.c" [3msize[0m[2m=[0m9077 [3melapsed_ms[0m[2m=[0m0
[2m2026-08-18T01:31:29.158452Z[0m [32m INFO[0m [2mrmudos::efun::mudos_extra[0m[2m:[0m file_size start [3mpath[0m[2m=[0m"/log/master"
[2m2026-08-18T01:31:29.158684Z[0m [32m INFO[0m [2mrmudos::efun::mudos_extra[0m[2m:[0m file_size done [3mpath[0m[2m=[0m"/log/master" [3msize[0m[2m=[0m40 [3melapsed_ms[0m[2m=[0m0
[2m2026-08-18T01:31:29.158958Z[0m [32m INFO[0m [2mrmudos::vm[0m[2m:[0m load_object start [3mpath[0m[2m=[0m/daemon/localpost
[2m2026-08-18T01:31:29.158961Z[0m [32m INFO[0m [2mrmudos::compiler[0m[2m:[0m compile start [3mpath[0m[2m=[0m/daemon/localpost [3mfile[0m[2m=[0mmudlib/daemon/localpost.c
[2m2026-08-18T01:31:29.159567Z[0m [32m INFO[0m [2mrmudos::compiler[0m[2m:[0m compile done [3mpath[0m[2m=[0m/daemon/localpost [3melapsed_ms[0m[2m=[0m0
[2m2026-08-18T01:31:29.159572Z[0m [32m INFO[0m [2mrmudos::vm[0m[2m:[0m load_object compile ok [3mpath[0m[2m=[0m/daemon/localpost [3melapsed_ms[0m[2m=[0m0
[2m2026-08-18T01:31:29.159574Z[0m [32m INFO[0m [2mrmudos::vm[0m[2m:[0m load_object create() [3mpath[0m[2m=[0m/daemon/localpost
[2m2026-08-18T01:31:29.159889Z[0m [32m INFO[0m [2mrmudos::vm[0m[2m:[0m load_object done [3mpath[0m[2m=[0m/daemon/localpost
[2m2026-08-18T01:31:29.159902Z[0m [32m INFO[0m [2mrmudos::efun::mudos_extra[0m[2m:[0m file_size start [3mpath[0m[2m=[0m"/daemon/remotepost.c"
[2m2026-08-18T01:31:29.159915Z[0m [32m INFO[0m [2mrmudos::efun::mudos_extra[0m[2m:[0m file_size done [3mpath[0m[2m=[0m"/daemon/remotepost.c" [3msize[0m[2m=[0m4747 [3melapsed_ms[0m[2m=[0m0
[2m2026-08-18T01:31:29.159946Z[0m [32m INFO[0m [2mrmudos::efun::mudos_extra[0m[2m:[0m file_size start [3mpath[0m[2m=[0m"/log/master"
[2m2026-08-18T01:31:29.160169Z[0m [32m INFO[0m [2mrmudos::efun::mudos_extra[0m[2m:[0m file_size done [3mpath[0m[2m=[0m"/log/master" [3msize[0m[2m=[0m33 [3melapsed_ms[0m[2m=[0m0
[2m2026-08-18T01:31:29.160446Z[0m [32m INFO[0m [2mrmudos::vm[0m[2m:[0m load_object start [3mpath[0m[2m=[0m/daemon/remotepost
[2m2026-08-18T01:31:29.160450Z[0m [32m INFO[0m [2mrmudos::compiler[0m[2m:[0m compile start [3mpath[0m[2m=[0m/daemon/remotepost [3mfile[0m[2m=[0mmudlib/daemon/remotepost.c
[2m2026-08-18T01:31:29.160848Z[0m [32m INFO[0m [2mrmudos::compiler[0m[2m:[0m compile done [3mpath[0m[2m=[0m/daemon/remotepost [3melapsed_ms[0m[2m=[0m0
[2m2026-08-18T01:31:29.160852Z[0m [32m INFO[0m [2mrmudos::vm[0m[2m:[0m load_object compile ok [3mpath[0m[2m=[0m/daemon/remotepost [3melapsed_ms[0m[2m=[0m0
[2m2026-08-18T01:31:29.160854Z[0m [32m INFO[0m [2mrmudos::vm[0m[2m:[0m load_object create() [3mpath[0m[2m=[0m/daemon/remotepost
[2m2026-08-18T01:31:29.160879Z[0m [32m INFO[0m [2mrmudos::efun::mudos_extra[0m[2m:[0m file_size start [3mpath[0m[2m=[0m"/adm/save/daemons/mailqueue.o"
[2m2026-08-18T01:31:29.161057Z[0m [32m INFO[0m [2mrmudos::efun::mudos_extra[0m[2m:[0m file_size done [3mpath[0m[2m=[0m"/adm/save/daemons/mailqueue.o" [3msize[0m[2m=[0m-1 [3melapsed_ms[0m[2m=[0m0
[2m2026-08-18T01:31:29.161069Z[0m [32m INFO[0m [2mrmudos::vm[0m[2m:[0m load_object done [3mpath[0m[2m=[0m/daemon/remotepost
[2m2026-08-18T01:31:29.161080Z[0m [32m INFO[0m [2mrmudos::efun::mudos_extra[0m[2m:[0m file_size start [3mpath[0m[2m=[0m"/daemon/letter.c"
[2m2026-08-18T01:31:29.161092Z[0m [32m INFO[0m [2mrmudos::efun::mudos_extra[0m[2m:[0m file_size done [3mpath[0m[2m=[0m"/daemon/letter.c" [3msize[0m[2m=[0m7122 [3melapsed_ms[0m[2m=[0m0
[2m2026-08-18T01:31:29.161108Z[0m [32m INFO[0m [2mrmudos::efun::mudos_extra[0m[2m:[0m file_size start [3mpath[0m[2m=[0m"/log/master"
[2m2026-08-18T01:31:29.161356Z[0m [32m INFO[0m [2mrmudos::efun::mudos_extra[0m[2m:[0m file_size done [3mpath[0m[2m=[0m"/log/master" [3msize[0m[2m=[0m34 [3melapsed_ms[0m[2m=[0m0
[2m2026-08-18T01:31:29.161669Z[0m [32m INFO[0m [2mrmudos::vm[0m[2m:[0m load_object start [3mpath[0m[2m=[0m/daemon/letter
[2m2026-08-18T01:31:29.161673Z[0m [32m INFO[0m [2mrmudos::compiler[0m[2m:[0m compile start [3mpath[0m[2m=[0m/daemon/letter [3mfile[0m[2m=[0mmudlib/daemon/letter.c
[2m2026-08-18T01:31:29.162374Z[0m [32m INFO[0m [2mrmudos::compiler[0m[2m:[0m compile done [3mpath[0m[2m=[0m/daemon/letter [3melapsed_ms[0m[2m=[0m0
[2m2026-08-18T01:31:29.162381Z[0m [32m INFO[0m [2mrmudos::vm[0m[2m:[0m load_object compile ok [3mpath[0m[2m=[0m/daemon/letter [3melapsed_ms[0m[2m=[0m0
[2m2026-08-18T01:31:29.162384Z[0m [32m INFO[0m [2mrmudos::vm[0m[2m:[0m load_object create() [3mpath[0m[2m=[0m/daemon/letter
[2m2026-08-18T01:31:29.162401Z[0m [32m INFO[0m [2mrmudos::efun::mudos_extra[0m[2m:[0m file_size start [3mpath[0m[2m=[0m"/adm/save/letters/0"
[2m2026-08-18T01:31:29.162581Z[0m [32m INFO[0m [2mrmudos::efun::mudos_extra[0m[2m:[0m file_size done [3mpath[0m[2m=[0m"/adm/save/letters/0" [3msize[0m[2m=[0m-1 [3melapsed_ms[0m[2m=[0m0
[2m2026-08-18T01:31:29.162586Z[0m [32m INFO[0m [2mrmudos::efun::mudos_extra[0m[2m:[0m file_size start [3mpath[0m[2m=[0m"/adm/save/letters/1"
[2m2026-08-18T01:31:29.162804Z[0m [32m INFO[0m [2mrmudos::efun::mudos_extra[0m[2m:[0m file_size done [3mpath[0m[2m=[0m"/adm/save/letters/1" [3msize[0m[2m=[0m-1 [3melapsed_ms[0m[2m=[0m0
[2m2026-08-18T01:31:29.162813Z[0m [32m INFO[0m [2mrmudos::efun::mudos_extra[0m[2m:[0m file_size start [3mpath[0m[2m=[0m"/adm/save/letters/2"
[2m2026-08-18T01:31:29.163033Z[0m [32m INFO[0m [2mrmudos::efun::mudos_extra[0m[2m:[0m file_size done [3mpath[0m[2m=[0m"/adm/save/letters/2" [3msize[0m[2m=[0m-1 [3melapsed_ms[0m[2m=[0m0
[2m2026-08-18T01:31:29.163039Z[0m [32m INFO[0m [2mrmudos::efun::mudos_extra[0m[2m:[0m file_size start [3mpath[0m[2m=[0m"/adm/save/letters/3"
[2m2026-08-18T01:31:29.163218Z[0m [32m INFO[0m [2mrmudos::efun::mudos_extra[0m[2m:[0m file_size done [3mpath[0m[2m=[0m"/adm/save/letters/3" [3msize[0m[2m=[0m-1 [3melapsed_ms[0m[2m=[0m0
[2m2026-08-18T01:31:29.163222Z[0m [32m INFO[0m [2mrmudos::efun::mudos_extra[0m[2m:[0m file_size start [3mpath[0m[2m=[0m"/adm/save/letters/4"
[2m2026-08-18T01:31:29.163388Z[0m [32m INFO[0m [2mrmudos::efun::mudos_extra[0m[2m:[0m file_size done [3mpath[0m[2m=[0m"/adm/save/letters/4" [3msize[0m[2m=[0m-1 [3melapsed_ms[0m[2m=[0m0
[2m2026-08-18T01:31:29.163392Z[0m [32m INFO[0m [2mrmudos::efun::mudos_extra[0m[2m:[0m file_size start [3mpath[0m[2m=[0m"/adm/save/letters/5"
[2m2026-08-18T01:31:29.163551Z[0m [32m INFO[0m [2mrmudos::efun::mudos_extra[0m[2m:[0m file_size done [3mpath[0m[2m=[0m"/adm/save/letters/5" [3msize[0m[2m=[0m-1 [3melapsed_ms[0m[2m=[0m0
[2m2026-08-18T01:31:29.163555Z[0m [32m INFO[0m [2mrmudos::efun::mudos_extra[0m[2m:[0m file_size start [3mpath[0m[2m=[0m"/adm/save/letters/6"
[2m2026-08-18T01:31:29.163714Z[0m [32m INFO[0m [2mrmudos::efun::mudos_extra[0m[2m:[0m file_size done [3mpath[0m[2m=[0m"/adm/save/letters/6" [3msize[0m[2m=[0m-1 [3melapsed_ms[0m[2m=[0m0
[2m2026-08-18T01:31:29.163717Z[0m [32m INFO[0m [2mrmudos::efun::mudos_extra[0m[2m:[0m file_size start [3mpath[0m[2m=[0m"/adm/save/letters/7"
[2m2026-08-18T01:31:29.163874Z[0m [32m INFO[0m [2mrmudos::efun::mudos_extra[0m[2m:[0m file_size done [3mpath[0m[2m=[0m"/adm/save/letters/7" [3msize[0m[2m=[0m-1 [3melapsed_ms[0m[2m=[0m0
[2m2026-08-18T01:31:29.163878Z[0m [32m INFO[0m [2mrmudos::efun::mudos_extra[0m[2m:[0m file_size start [3mpath[0m[2m=[0m"/adm/save/letters/8"
[2m2026-08-18T01:31:29.164035Z[0m [32m INFO[0m [2mrmudos::efun::mudos_extra[0m[2m:[0m file_size done [3mpath[0m[2m=[0m"/adm/save/letters/8" [3msize[0m[2m=[0m-1 [3melapsed_ms[0m[2m=[0m0
[2m2026-08-18T01:31:29.164038Z[0m [32m INFO[0m [2mrmudos::efun::mudos_extra[0m[2m:[0m file_size start [3mpath[0m[2m=[0m"/adm/save/letters/9"
[2m2026-08-18T01:31:29.164196Z[0m [32m INFO[0m [2mrmudos::efun::mudos_extra[0m[2m:[0m file_size done [3mpath[0m[2m=[0m"/adm/save/letters/9" [3msize[0m[2m=[0m-1 [3melapsed_ms[0m[2m=[0m0
[2m2026-08-18T01:31:29.164200Z[0m [32m INFO[0m [2mrmudos::efun::mudos_extra[0m[2m:[0m get_dir start [3mpath[0m[2m=[0m/adm/save/postal/ [3mdetailed[0m[2m=[0mfalse
[2m2026-08-18T01:31:29.164358Z[0m [32m INFO[0m [2mrmudos::efun::mudos_extra[0m[2m:[0m get_dir done [3mpath[0m[2m=[0m/adm/save/postal/ [3mentries[0m[2m=[0m2 [3melapsed_ms[0m[2m=[0m0
[2m2026-08-18T01:31:29.164363Z[0m [32m INFO[0m [2mrmudos::efun::mudos_extra[0m[2m:[0m file_size start [3mpath[0m[2m=[0m"/adm/save/postal/t"
[2m2026-08-18T01:31:29.164524Z[0m [32m INFO[0m [2mrmudos::efun::mudos_extra[0m[2m:[0m file_size done [3mpath[0m[2m=[0m"/adm/save/postal/t" [3msize[0m[2m=[0m-2 [3melapsed_ms[0m[2m=[0m0
[2m2026-08-18T01:31:29.164528Z[0m [32m INFO[0m [2mrmudos::efun::mudos_extra[0m[2m:[0m get_dir start [3mpath[0m[2m=[0m/adm/save/postal/t/ [3mdetailed[0m[2m=[0mfalse
[2m2026-08-18T01:31:29.164706Z[0m [32m INFO[0m [2mrmudos::efun::mudos_extra[0m[2m:[0m get_dir done [3mpath[0m[2m=[0m/adm/save/postal/t/ [3mentries[0m[2m=[0m0 [3melapsed_ms[0m[2m=[0m0
[2m2026-08-18T01:31:29.164711Z[0m [32m INFO[0m [2mrmudos::efun::mudos_extra[0m[2m:[0m file_size start [3mpath[0m[2m=[0m"/adm/save/postal/r"
[2m2026-08-18T01:31:29.164871Z[0m [32m INFO[0m [2mrmudos::efun::mudos_extra[0m[2m:[0m file_size done [3mpath[0m[2m=[0m"/adm/save/postal/r" [3msize[0m[2m=[0m-2 [3melapsed_ms[0m[2m=[0m0
[2m2026-08-18T01:31:29.164875Z[0m [32m INFO[0m [2mrmudos::efun::mudos_extra[0m[2m:[0m get_dir start [3mpath[0m[2m=[0m/adm/save/postal/r/ [3mdetailed[0m[2m=[0mfalse
[2m2026-08-18T01:31:29.165039Z[0m [32m INFO[0m [2mrmudos::efun::mudos_extra[0m[2m:[0m get_dir done [3mpath[0m[2m=[0m/adm/save/postal/r/ [3mentries[0m[2m=[0m0 [3melapsed_ms[0m[2m=[0m0
[2m2026-08-18T01:31:29.165058Z[0m [32m INFO[0m [2mrmudos::vm[0m[2m:[0m load_object done [3mpath[0m[2m=[0m/daemon/letter
[2m2026-08-18T01:31:29.165070Z[0m [32m INFO[0m [2mrmudos::efun::mudos_extra[0m[2m:[0m file_size start [3mpath[0m[2m=[0m"/daemon/economy_d.c"
[2m2026-08-18T01:31:29.165082Z[0m [32m INFO[0m [2mrmudos::efun::mudos_extra[0m[2m:[0m file_size done [3mpath[0m[2m=[0m"/daemon/economy_d.c" [3msize[0m[2m=[0m2013 [3melapsed_ms[0m[2m=[0m0
[2m2026-08-18T01:31:29.165098Z[0m [32m INFO[0m [2mrmudos::efun::mudos_extra[0m[2m:[0m file_size start [3mpath[0m[2m=[0m"/log/master"
[2m2026-08-18T01:31:29.165339Z[0m [32m INFO[0m [2mrmudos::efun::mudos_extra[0m[2m:[0m file_size done [3mpath[0m[2m=[0m"/log/master" [3msize[0m[2m=[0m30 [3melapsed_ms[0m[2m=[0m0
[2m2026-08-18T01:31:29.165697Z[0m [32m INFO[0m [2mrmudos::vm[0m[2m:[0m load_object start [3mpath[0m[2m=[0m/daemon/economy_d
[2m2026-08-18T01:31:29.165702Z[0m [32m INFO[0m [2mrmudos::compiler[0m[2m:[0m compile start [3mpath[0m[2m=[0m/daemon/economy_d [3mfile[0m[2m=[0mmudlib/daemon/economy_d.c
[2m2026-08-18T01:31:29.165912Z[0m [32m INFO[0m [2mrmudos::compiler[0m[2m:[0m compile done [3mpath[0m[2m=[0m/daemon/economy_d [3melapsed_ms[0m[2m=[0m0
[2m2026-08-18T01:31:29.165916Z[0m [32m INFO[0m [2mrmudos::vm[0m[2m:[0m load_object compile ok [3mpath[0m[2m=[0m/daemon/economy_d [3melapsed_ms[0m[2m=[0m0
[2m2026-08-18T01:31:29.165918Z[0m [32m INFO[0m [2mrmudos::vm[0m[2m:[0m load_object create() [3mpath[0m[2m=[0m/daemon/economy_d
[2m2026-08-18T01:31:29.166067Z[0m [32m INFO[0m [2mrmudos::vm[0m[2m:[0m load_object done [3mpath[0m[2m=[0m/daemon/economy_d
[2m2026-08-18T01:31:29.166086Z[0m [32m INFO[0m [2mrmudos::efun::mudos_extra[0m[2m:[0m file_size start [3mpath[0m[2m=[0m"/daemon/events_d.c"
[2m2026-08-18T01:31:29.166101Z[0m [32m INFO[0m [2mrmudos::efun::mudos_extra[0m[2m:[0m file_size done [3mpath[0m[2m=[0m"/daemon/events_d.c" [3msize[0m[2m=[0m6905 [3melapsed_ms[0m[2m=[0m0
[2m2026-08-18T01:31:29.166119Z[0m [32m INFO[0m [2mrmudos::efun::mudos_extra[0m[2m:[0m file_size start [3mpath[0m[2m=[0m"/log/master"
[2m2026-08-18T01:31:29.166383Z[0m [32m INFO[0m [2mrmudos::efun::mudos_extra[0m[2m:[0m file_size done [3mpath[0m[2m=[0m"/log/master" [3msize[0m[2m=[0m33 [3melapsed_ms[0m[2m=[0m0
[2m2026-08-18T01:31:29.166704Z[0m [32m INFO[0m [2mrmudos::vm[0m[2m:[0m load_object start [3mpath[0m[2m=[0m/daemon/events_d
[2m2026-08-18T01:31:29.166709Z[0m [32m INFO[0m [2mrmudos::compiler[0m[2m:[0m compile start [3mpath[0m[2m=[0m/daemon/events_d [3mfile[0m[2m=[0mmudlib/daemon/events_d.c
[2m2026-08-18T01:31:29.167269Z[0m [32m INFO[0m [2mrmudos::compiler[0m[2m:[0m compile done [3mpath[0m[2m=[0m/daemon/events_d [3melapsed_ms[0m[2m=[0m0
[2m2026-08-18T01:31:29.167273Z[0m [32m INFO[0m [2mrmudos::vm[0m[2m:[0m load_object compile ok [3mpath[0m[2m=[0m/daemon/events_d [3melapsed_ms[0m[2m=[0m0
[2m2026-08-18T01:31:29.167275Z[0m [32m INFO[0m [2mrmudos::vm[0m[2m:[0m load_object create() [3mpath[0m[2m=[0m/daemon/events_d
[2m2026-08-18T01:31:29.167412Z[0m [32m INFO[0m [2mrmudos::efun::mudos_extra[0m[2m:[0m file_size start [3mpath[0m[2m=[0m"/adm/daemon/save_items_d.c"
[2m2026-08-18T01:31:29.167428Z[0m [32m INFO[0m [2mrmudos::efun::mudos_extra[0m[2m:[0m file_size done [3mpath[0m[2m=[0m"/adm/daemon/save_items_d.c" [3msize[0m[2m=[0m16433 [3melapsed_ms[0m[2m=[0m0
[2m2026-08-18T01:31:29.167446Z[0m [32m INFO[0m [2mrmudos::efun::mudos_extra[0m[2m:[0m file_size start [3mpath[0m[2m=[0m"/log/master"
[2m2026-08-18T01:31:29.167754Z[0m [32m INFO[0m [2mrmudos::efun::mudos_extra[0m[2m:[0m file_size done [3mpath[0m[2m=[0m"/log/master" [3msize[0m[2m=[0m32 [3melapsed_ms[0m[2m=[0m0
[2m2026-08-18T01:31:29.168095Z[0m [32m INFO[0m [2mrmudos::vm[0m[2m:[0m load_object start [3mpath[0m[2m=[0m/adm/daemon/save_items_d
[2m2026-08-18T01:31:29.168101Z[0m [32m INFO[0m [2mrmudos::compiler[0m[2m:[0m compile start [3mpath[0m[2m=[0m/adm/daemon/save_items_d [3mfile[0m[2m=[0mmudlib/adm/daemon/save_items_d.c
[2m2026-08-18T01:31:29.169127Z[0m [32m INFO[0m [2mrmudos::compiler[0m[2m:[0m compile done [3mpath[0m[2m=[0m/adm/daemon/save_items_d [3melapsed_ms[0m[2m=[0m1
[2m2026-08-18T01:31:29.169131Z[0m [32m INFO[0m [2mrmudos::vm[0m[2m:[0m load_object compile ok [3mpath[0m[2m=[0m/adm/daemon/save_items_d [3melapsed_ms[0m[2m=[0m1
[2m2026-08-18T01:31:29.169133Z[0m [32m INFO[0m [2mrmudos::vm[0m[2m:[0m load_object create() [3mpath[0m[2m=[0m/adm/daemon/save_items_d
[2m2026-08-18T01:31:29.169158Z[0m [32m INFO[0m [2mrmudos::efun::mudos_extra[0m[2m:[0m file_size start [3mpath[0m[2m=[0m"/adm/save/daemons/all_lockers.v"
[2m2026-08-18T01:31:29.169351Z[0m [32m INFO[0m [2mrmudos::efun::mudos_extra[0m[2m:[0m file_size done [3mpath[0m[2m=[0m"/adm/save/daemons/all_lockers.v" [3msize[0m[2m=[0m-1 [3melapsed_ms[0m[2m=[0m0
[2m2026-08-18T01:31:29.169407Z[0m [32m INFO[0m [2mrmudos::efun::mudos_extra[0m[2m:[0m file_size start [3mpath[0m[2m=[0m"/daemon/voter.c"
[2m2026-08-18T01:31:29.169421Z[0m [32m INFO[0m [2mrmudos::efun::mudos_extra[0m[2m:[0m file_size done [3mpath[0m[2m=[0m"/daemon/voter.c" [3msize[0m[2m=[0m891 [3melapsed_ms[0m[2m=[0m0
[2m2026-08-18T01:31:29.169439Z[0m [32m INFO[0m [2mrmudos::efun::mudos_extra[0m[2m:[0m file_size start [3mpath[0m[2m=[0m"/log/master"
[2m2026-08-18T01:31:29.169685Z[0m [32m INFO[0m [2mrmudos::efun::mudos_extra[0m[2m:[0m file_size done [3mpath[0m[2m=[0m"/log/master" [3msize[0m[2m=[0m40 [3melapsed_ms[0m[2m=[0m0
[2m2026-08-18T01:31:29.170009Z[0m [32m INFO[0m [2mrmudos::vm[0m[2m:[0m load_object start [3mpath[0m[2m=[0m/daemon/voter
[2m2026-08-18T01:31:29.170014Z[0m [32m INFO[0m [2mrmudos::compiler[0m[2m:[0m compile start [3mpath[0m[2m=[0m/daemon/voter [3mfile[0m[2m=[0mmudlib/daemon/voter.c
[2m2026-08-18T01:31:29.170088Z[0m [32m INFO[0m [2mrmudos::compiler[0m[2m:[0m compile start [3mpath[0m[2m=[0m/std/daemon [3mfile[0m[2m=[0mmudlib/std/daemon.c
[2m2026-08-18T01:31:29.170124Z[0m [32m INFO[0m [2mrmudos::compiler[0m[2m:[0m compile done [3mpath[0m[2m=[0m/std/daemon [3melapsed_ms[0m[2m=[0m0
[2m2026-08-18T01:31:29.170215Z[0m [32m INFO[0m [2mrmudos::compiler[0m[2m:[0m compile done [3mpath[0m[2m=[0m/daemon/voter [3melapsed_ms[0m[2m=[0m0
[2m2026-08-18T01:31:29.170222Z[0m [32m INFO[0m [2mrmudos::vm[0m[2m:[0m load_object compile ok [3mpath[0m[2m=[0m/daemon/voter [3melapsed_ms[0m[2m=[0m0
[2m2026-08-18T01:31:29.170224Z[0m [32m INFO[0m [2mrmudos::vm[0m[2m:[0m load_object create() [3mpath[0m[2m=[0m/daemon/voter
[2m2026-08-18T01:31:29.170239Z[0m [32m INFO[0m [2mrmudos::vm[0m[2m:[0m load_object done [3mpath[0m[2m=[0m/daemon/voter
[2m2026-08-18T01:31:29.170253Z[0m [32m INFO[0m [2mrmudos::efun::mudos_extra[0m[2m:[0m file_size start [3mpath[0m[2m=[0m"/daemon/terminal_d.c"
[2m2026-08-18T01:31:29.170398Z[0m [32m INFO[0m [2mrmudos::efun::mudos_extra[0m[2m:[0m file_size done [3mpath[0m[2m=[0m"/daemon/terminal_d.c" [3msize[0m[2m=[0m3563 [3melapsed_ms[0m[2m=[0m0
[2m2026-08-18T01:31:29.170423Z[0m [32m INFO[0m [2mrmudos::efun::mudos_extra[0m[2m:[0m file_size start [3mpath[0m[2m=[0m"/log/master"
[2m2026-08-18T01:31:29.170684Z[0m [32m INFO[0m [2mrmudos::efun::mudos_extra[0m[2m:[0m file_size done [3mpath[0m[2m=[0m"/log/master" [3msize[0m[2m=[0m29 [3melapsed_ms[0m[2m=[0m0
[2m2026-08-18T01:31:29.170978Z[0m [32m INFO[0m [2mrmudos::vm[0m[2m:[0m load_object start [3mpath[0m[2m=[0m/daemon/terminal_d
[2m2026-08-18T01:31:29.170982Z[0m [32m INFO[0m [2mrmudos::compiler[0m[2m:[0m compile start [3mpath[0m[2m=[0m/daemon/terminal_d [3mfile[0m[2m=[0mmudlib/daemon/terminal_d.c
[2m2026-08-18T01:31:29.171397Z[0m [32m INFO[0m [2mrmudos::compiler[0m[2m:[0m compile done [3mpath[0m[2m=[0m/daemon/terminal_d [3melapsed_ms[0m[2m=[0m0
[2m2026-08-18T01:31:29.171402Z[0m [32m INFO[0m [2mrmudos::vm[0m[2m:[0m load_object compile ok [3mpath[0m[2m=[0m/daemon/terminal_d [3melapsed_ms[0m[2m=[0m0
[2m2026-08-18T01:31:29.171406Z[0m [32m INFO[0m [2mrmudos::vm[0m[2m:[0m load_object create() [3mpath[0m[2m=[0m/daemon/terminal_d
[2m2026-08-18T01:31:29.171527Z[0m [32m INFO[0m [2mrmudos::vm[0m[2m:[0m load_object done [3mpath[0m[2m=[0m/daemon/terminal_d
[2m2026-08-18T01:31:29.171544Z[0m [32m INFO[0m [2mrmudos::efun::mudos_extra[0m[2m:[0m file_size start [3mpath[0m[2m=[0m"/d/damned/data/armour_db.c"
[2m2026-08-18T01:31:29.171560Z[0m [32m INFO[0m [2mrmudos::efun::mudos_extra[0m[2m:[0m file_size done [3mpath[0m[2m=[0m"/d/damned/data/armour_db.c" [3msize[0m[2m=[0m1657 [3melapsed_ms[0m[2m=[0m0
[2m2026-08-18T01:31:29.171579Z[0m [32m INFO[0m [2mrmudos::efun::mudos_extra[0m[2m:[0m file_size start [3mpath[0m[2m=[0m"/log/master"
[2m2026-08-18T01:31:29.171813Z[0m [32m INFO[0m [2mrmudos::efun::mudos_extra[0m[2m:[0m file_size done [3mpath[0m[2m=[0m"/log/master" [3msize[0m[2m=[0m34 [3melapsed_ms[0m[2m=[0m0
[2m2026-08-18T01:31:29.172081Z[0m [32m INFO[0m [2mrmudos::vm[0m[2m:[0m load_object start [3mpath[0m[2m=[0m/d/damned/data/armour_db
[2m2026-08-18T01:31:29.172084Z[0m [32m INFO[0m [2mrmudos::compiler[0m[2m:[0m compile start [3mpath[0m[2m=[0m/d/damned/data/armour_db [3mfile[0m[2m=[0mmudlib/d/damned/data/armour_db.c
[2m2026-08-18T01:31:29.172268Z[0m [32m INFO[0m [2mrmudos::compiler[0m[2m:[0m compile done [3mpath[0m[2m=[0m/d/damned/data/armour_db [3melapsed_ms[0m[2m=[0m0
[2m2026-08-18T01:31:29.172272Z[0m [32m INFO[0m [2mrmudos::vm[0m[2m:[0m load_object compile ok [3mpath[0m[2m=[0m/d/damned/data/armour_db [3melapsed_ms[0m[2m=[0m0
[2m2026-08-18T01:31:29.172274Z[0m [32m INFO[0m [2mrmudos::vm[0m[2m:[0m load_object create() [3mpath[0m[2m=[0m/d/damned/data/armour_db
[2m2026-08-18T01:31:29.172297Z[0m [32m INFO[0m [2mrmudos::efun::mudos_extra[0m[2m:[0m file_size start [3mpath[0m[2m=[0m"/d/damned/data/armour_types"
[2m2026-08-18T01:31:29.172487Z[0m [32m INFO[0m [2mrmudos::efun::mudos_extra[0m[2m:[0m file_size done [3mpath[0m[2m=[0m"/d/damned/data/armour_types" [3msize[0m[2m=[0m18115 [3melapsed_ms[0m[2m=[0m0
[2m2026-08-18T01:31:29.174667Z[0m [32m INFO[0m [2mrmudos::vm[0m[2m:[0m load_object start [3mpath[0m[2m=[0m/adm/daemon/refs_d
[2m2026-08-18T01:31:29.174671Z[0m [32m INFO[0m [2mrmudos::compiler[0m[2m:[0m compile start [3mpath[0m[2m=[0m/adm/daemon/refs_d [3mfile[0m[2m=[0mmudlib/adm/daemon/refs_d.c
[2m2026-08-18T01:31:29.174883Z[0m [32m INFO[0m [2mrmudos::compiler[0m[2m:[0m compile done [3mpath[0m[2m=[0m/adm/daemon/refs_d [3melapsed_ms[0m[2m=[0m0
[2m2026-08-18T01:31:29.174887Z[0m [32m INFO[0m [2mrmudos::vm[0m[2m:[0m load_object compile ok [3mpath[0m[2m=[0m/adm/daemon/refs_d [3melapsed_ms[0m[2m=[0m0
[2m2026-08-18T01:31:29.174888Z[0m [32m INFO[0m [2mrmudos::vm[0m[2m:[0m load_object create() [3mpath[0m[2m=[0m/adm/daemon/refs_d
[2m2026-08-18T01:31:29.174889Z[0m [32m INFO[0m [2mrmudos::vm[0m[2m:[0m load_object done [3mpath[0m[2m=[0m/adm/daemon/refs_d
[2m2026-08-18T01:31:29.174942Z[0m [32m INFO[0m [2mrmudos::vm[0m[2m:[0m load_object start [3mpath[0m[2m=[0m/({ "plate", "breast plate" })
[2m2026-08-18T01:31:29.174946Z[0m [32m INFO[0m [2mrmudos::compiler[0m[2m:[0m compile start [3mpath[0m[2m=[0m/({ "plate", "breast plate" }) [3mfile[0m[2m=[0mmudlib/({ "plate", "breast plate" }).c
[2m2026-08-18T01:31:29.174959Z[0m [33m WARN[0m [2mrmudos::vm[0m[2m:[0m load_object compile failed [3mpath[0m[2m=[0m/({ "plate", "breast plate" }) [3merror[0m[2m=[0mfailed to read LPC object mudlib/({ "plate", "breast plate" }).c: No such file or directory (os error 2)
[2m2026-08-18T01:31:29.174962Z[0m [32m INFO[0m [2mrmudos::vm[0m[2m:[0m load_object trying master compile_object [3mpath[0m[2m=[0m/({ "plate", "breast plate" })
[2m2026-08-18T01:31:29.174965Z[0m [32m INFO[0m [2mrmudos::vm[0m[2m:[0m load_object start [3mpath[0m[2m=[0m/adm/daemon/virtual_d
[2m2026-08-18T01:31:29.174966Z[0m [32m INFO[0m [2mrmudos::compiler[0m[2m:[0m compile start [3mpath[0m[2m=[0m/adm/daemon/virtual_d [3mfile[0m[2m=[0mmudlib/adm/daemon/virtual_d.c
[2m2026-08-18T01:31:29.175040Z[0m [32m INFO[0m [2mrmudos::compiler[0m[2m:[0m compile done [3mpath[0m[2m=[0m/adm/daemon/virtual_d [3melapsed_ms[0m[2m=[0m0
[2m2026-08-18T01:31:29.175045Z[0m [32m INFO[0m [2mrmudos::vm[0m[2m:[0m load_object compile ok [3mpath[0m[2m=[0m/adm/daemon/virtual_d [3melapsed_ms[0m[2m=[0m0
[2m2026-08-18T01:31:29.175047Z[0m [32m INFO[0m [2mrmudos::vm[0m[2m:[0m load_object create() [3mpath[0m[2m=[0m/adm/daemon/virtual_d
[2m2026-08-18T01:31:29.175048Z[0m [32m INFO[0m [2mrmudos::vm[0m[2m:[0m load_object done [3mpath[0m[2m=[0m/adm/daemon/virtual_d
[2m2026-08-18T01:31:29.175060Z[0m [32m INFO[0m [2mrmudos::efun::mudos_extra[0m[2m:[0m file_size start [3mpath[0m[2m=[0m"({ \"plate\", \"breast plate\" })"
[2m2026-08-18T01:31:29.175241Z[0m [32m INFO[0m [2mrmudos::efun::mudos_extra[0m[2m:[0m file_size done [3mpath[0m[2m=[0m"({ \"plate\", \"breast plate\" })" [3msize[0m[2m=[0m-1 [3melapsed_ms[0m[2m=[0m0
[2m2026-08-18T01:31:29.175246Z[0m [32m INFO[0m [2mrmudos::efun::mudos_extra[0m[2m:[0m file_size start [3mpath[0m[2m=[0m"0.c"
[2m2026-08-18T01:31:29.175411Z[0m [32m INFO[0m [2mrmudos::efun::mudos_extra[0m[2m:[0m file_size done [3mpath[0m[2m=[0m"0.c" [3msize[0m[2m=[0m-1 [3melapsed_ms[0m[2m=[0m0
[2m2026-08-18T01:31:29.175416Z[0m [32m INFO[0m [2mrmudos::vm[0m[2m:[0m load_object start [3mpath[0m[2m=[0m/adm/obj/server
[2m2026-08-18T01:31:29.175417Z[0m [32m INFO[0m [2mrmudos::compiler[0m[2m:[0m compile start [3mpath[0m[2m=[0m/adm/obj/server [3mfile[0m[2m=[0mmudlib/adm/obj/server.c
[2m2026-08-18T01:31:29.175491Z[0m [32m INFO[0m [2mrmudos::compiler[0m[2m:[0m compile done [3mpath[0m[2m=[0m/adm/obj/server [3melapsed_ms[0m[2m=[0m0
[2m2026-08-18T01:31:29.175494Z[0m [32m INFO[0m [2mrmudos::vm[0m[2m:[0m load_object compile ok [3mpath[0m[2m=[0m/adm/obj/server [3melapsed_ms[0m[2m=[0m0
[2m2026-08-18T01:31:29.175496Z[0m [32m INFO[0m [2mrmudos::vm[0m[2m:[0m load_object create() [3mpath[0m[2m=[0m/adm/obj/server
[2m2026-08-18T01:31:29.175505Z[0m [32m INFO[0m [2mrmudos::vm[0m[2m:[0m load_object done [3mpath[0m[2m=[0m/adm/obj/server
[2m2026-08-18T01:31:29.175512Z[0m [33m WARN[0m [2mrmudos::vm[0m[2m:[0m load_object compile_object did not return an object [3mpath[0m[2m=[0m/({ "plate", "breast plate" }) [3mresult[0m[2m=[0mOk(Null)
[2m2026-08-18T01:31:29.176194Z[0m [32m INFO[0m [2mrmudos::vm[0m[2m:[0m load_object start [3mpath[0m[2m=[0m/({ "torso" })
[2m2026-08-18T01:31:29.176199Z[0m [32m INFO[0m [2mrmudos::compiler[0m[2m:[0m compile start [3mpath[0m[2m=[0m/({ "torso" }) [3mfile[0m[2m=[0mmudlib/({ "torso" }).c
[2m2026-08-18T01:31:29.176203Z[0m [33m WARN[0m [2mrmudos::vm[0m[2m:[0m load_object compile failed [3mpath[0m[2m=[0m/({ "torso" }) [3merror[0m[2m=[0mfailed to read LPC object mudlib/({ "torso" }).c: No such file or directory (os error 2)
[2m2026-08-18T01:31:29.176205Z[0m [32m INFO[0m [2mrmudos::vm[0m[2m:[0m load_object trying master compile_object [3mpath[0m[2m=[0m/({ "torso" })
[2m2026-08-18T01:31:29.176219Z[0m [32m INFO[0m [2mrmudos::efun::mudos_extra[0m[2m:[0m file_size start [3mpath[0m[2m=[0m"({ \"torso\" })"
[2m2026-08-18T01:31:29.176412Z[0m [32m INFO[0m [2mrmudos::efun::mudos_extra[0m[2m:[0m file_size done [3mpath[0m[2m=[0m"({ \"torso\" })" [3msize[0m[2m=[0m-1 [3melapsed_ms[0m[2m=[0m0
[2m2026-08-18T01:31:29.176418Z[0m [32m INFO[0m [2mrmudos::efun::mudos_extra[0m[2m:[0m file_size start [3mpath[0m[2m=[0m"0.c"
[2m2026-08-18T01:31:29.176600Z[0m [32m INFO[0m [2mrmudos::efun::mudos_extra[0m[2m:[0m file_size done [3mpath[0m[2m=[0m"0.c" [3msize[0m[2m=[0m-1 [3melapsed_ms[0m[2m=[0m0
[2m2026-08-18T01:31:29.176611Z[0m [33m WARN[0m [2mrmudos::vm[0m[2m:[0m load_object compile_object did not return an object [3mpath[0m[2m=[0m/({ "torso" }) [3mresult[0m[2m=[0mOk(Null)
[2m2026-08-18T01:31:29.178121Z[0m [32m INFO[0m [2mrmudos::vm[0m[2m:[0m load_object start [3mpath[0m[2m=[0m/({ "torso" })
[2m2026-08-18T01:31:29.178126Z[0m [32m INFO[0m [2mrmudos::compiler[0m[2m:[0m compile start [3mpath[0m[2m=[0m/({ "torso" }) [3mfile[0m[2m=[0mmudlib/({ "torso" }).c
[2m2026-08-18T01:31:29.178130Z[0m [33m WARN[0m [2mrmudos::vm[0m[2m:[0m load_object compile failed [3mpath[0m[2m=[0m/({ "torso" }) [3merror[0m[2m=[0mfailed to read LPC object mudlib/({ "torso" }).c: No such file or directory (os error 2)
[2m2026-08-18T01:31:29.178132Z[0m [32m INFO[0m [2mrmudos::vm[0m[2m:[0m load_object trying master compile_object [3mpath[0m[2m=[0m/({ "torso" })
[2m2026-08-18T01:31:29.178142Z[0m [32m INFO[0m [2mrmudos::efun::mudos_extra[0m[2m:[0m file_size start [3mpath[0m[2m=[0m"({ \"torso\" })"
[2m2026-08-18T01:31:29.178328Z[0m [32m INFO[0m [2mrmudos::efun::mudos_extra[0m[2m:[0m file_size done [3mpath[0m[2m=[0m"({ \"torso\" })" [3msize[0m[2m=[0m-1 [3melapsed_ms[0m[2m=[0m0
[2m2026-08-18T01:31:29.178333Z[0m [32m INFO[0m [2mrmudos::efun::mudos_extra[0m[2m:[0m file_size start [3mpath[0m[2m=[0m"0.c"
[2m2026-08-18T01:31:29.178492Z[0m [32m INFO[0m [2mrmudos::efun::mudos_extra[0m[2m:[0m file_size done [3mpath[0m[2m=[0m"0.c" [3msize[0m[2m=[0m-1 [3melapsed_ms[0m[2m=[0m0
[2m2026-08-18T01:31:29.178502Z[0m [33m WARN[0m [2mrmudos::vm[0m[2m:[0m load_object compile_object did not return an object [3mpath[0m[2m=[0m/({ "torso" }) [3mresult[0m[2m=[0mOk(Null)
[2m2026-08-18T01:31:29.182791Z[0m [32m INFO[0m [2mrmudos::vm[0m[2m:[0m load_object start [3mpath[0m[2m=[0m/({"corslet", "plate" })
[2m2026-08-18T01:31:29.182798Z[0m [32m INFO[0m [2mrmudos::compiler[0m[2m:[0m compile start [3mpath[0m[2m=[0m/({"corslet", "plate" }) [3mfile[0m[2m=[0mmudlib/({"corslet", "plate" }).c
[2m2026-08-18T01:31:29.182804Z[0m [33m WARN[0m [2mrmudos::vm[0m[2m:[0m load_object compile failed [3mpath[0m[2m=[0m/({"corslet", "plate" }) [3merror[0m[2m=[0mfailed to read LPC object mudlib/({"corslet", "plate" }).c: No such file or directory (os error 2)
[2m2026-08-18T01:31:29.182807Z[0m [32m INFO[0m [2mrmudos::vm[0m[2m:[0m load_object trying master compile_object [3mpath[0m[2m=[0m/({"corslet", "plate" })
[2m2026-08-18T01:31:29.182818Z[0m [32m INFO[0m [2mrmudos::efun::mudos_extra[0m[2m:[0m file_size start [3mpath[0m[2m=[0m"({\"corslet\", \"plate\" })"
[2m2026-08-18T01:31:29.183013Z[0m [32m INFO[0m [2mrmudos::efun::mudos_extra[0m[2m:[0m file_size done [3mpath[0m[2m=[0m"({\"corslet\", \"plate\" })" [3msize[0m[2m=[0m-1 [3melapsed_ms[0m[2m=[0m0
[2m2026-08-18T01:31:29.183018Z[0m [32m INFO[0m [2mrmudos::efun::mudos_extra[0m[2m:[0m file_size start [3mpath[0m[2m=[0m"0.c"
[2m2026-08-18T01:31:29.183195Z[0m [32m INFO[0m [2mrmudos::efun::mudos_extra[0m[2m:[0m file_size done [3mpath[0m[2m=[0m"0.c" [3msize[0m[2m=[0m-1 [3melapsed_ms[0m[2m=[0m0
[2m2026-08-18T01:31:29.183206Z[0m [33m WARN[0m [2mrmudos::vm[0m[2m:[0m load_object compile_object did not return an object [3mpath[0m[2m=[0m/({"corslet", "plate" }) [3mresult[0m[2m=[0mOk(Null)
[2m2026-08-18T01:31:29.183887Z[0m [32m INFO[0m [2mrmudos::vm[0m[2m:[0m load_object start [3mpath[0m[2m=[0m/({"torso"})
[2m2026-08-18T01:31:29.183898Z[0m [32m INFO[0m [2mrmudos::compiler[0m[2m:[0m compile start [3mpath[0m[2m=[0m/({"torso"}) [3mfile[0m[2m=[0mmudlib/({"torso"}).c
[2m2026-08-18T01:31:29.183906Z[0m [33m WARN[0m [2mrmudos::vm[0m[2m:[0m load_object compile failed [3mpath[0m[2m=[0m/({"torso"}) [3merror[0m[2m=[0mfailed to read LPC object mudlib/({"torso"}).c: No such file or directory (os error 2)
[2m2026-08-18T01:31:29.183908Z[0m [32m INFO[0m [2mrmudos::vm[0m[2m:[0m load_object trying master compile_object [3mpath[0m[2m=[0m/({"torso"})
[2m2026-08-18T01:31:29.183920Z[0m [32m INFO[0m [2mrmudos::efun::mudos_extra[0m[2m:[0m file_size start [3mpath[0m[2m=[0m"({\"torso\"})"
[2m2026-08-18T01:31:29.184112Z[0m [32m INFO[0m [2mrmudos::efun::mudos_extra[0m[2m:[0m file_size done [3mpath[0m[2m=[0m"({\"torso\"})" [3msize[0m[2m=[0m-1 [3melapsed_ms[0m[2m=[0m0
[2m2026-08-18T01:31:29.184118Z[0m [32m INFO[0m [2mrmudos::efun::mudos_extra[0m[2m:[0m file_size start [3mpath[0m[2m=[0m"0.c"
[2m2026-08-18T01:31:29.184293Z[0m [32m INFO[0m [2mrmudos::efun::mudos_extra[0m[2m:[0m file_size done [3mpath[0m[2m=[0m"0.c" [3msize[0m[2m=[0m-1 [3melapsed_ms[0m[2m=[0m0
[2m2026-08-18T01:31:29.184303Z[0m [33m WARN[0m [2mrmudos::vm[0m[2m:[0m load_object compile_object did not return an object [3mpath[0m[2m=[0m/({"torso"}) [3mresult[0m[2m=[0mOk(Null)
[2m2026-08-18T01:31:29.189580Z[0m [32m INFO[0m [2mrmudos::vm[0m[2m:[0m load_object start [3mpath[0m[2m=[0m/({ "coif", "chain coif" })
[2m2026-08-18T01:31:29.189590Z[0m [32m INFO[0m [2mrmudos::compiler[0m[2m:[0m compile start [3mpath[0m[2m=[0m/({ "coif", "chain coif" }) [3mfile[0m[2m=[0mmudlib/({ "coif", "chain coif" }).c
[2m2026-08-18T01:31:29.189599Z[0m [33m WARN[0m [2mrmudos::vm[0m[2m:[0m load_object compile failed [3mpath[0m[2m=[0m/({ "coif", "chain coif" }) [3merror[0m[2m=[0mfailed to read LPC object mudlib/({ "coif", "chain coif" }).c: No such file or directory (os error 2)
[2m2026-08-18T01:31:29.189601Z[0m [32m INFO[0m [2mrmudos::vm[0m[2m:[0m load_object trying master compile_object [3mpath[0m[2m=[0m/({ "coif", "chain coif" })
[2m2026-08-18T01:31:29.189612Z[0m [32m INFO[0m [2mrmudos::efun::mudos_extra[0m[2m:[0m file_size start [3mpath[0m[2m=[0m"({ \"coif\", \"chain coif\" })"
[2m2026-08-18T01:31:29.189793Z[0m [32m INFO[0m [2mrmudos::efun::mudos_extra[0m[2m:[0m file_size done [3mpath[0m[2m=[0m"({ \"coif\", \"chain coif\" })" [3msize[0m[2m=[0m-1 [3melapsed_ms[0m[2m=[0m0
[2m2026-08-18T01:31:29.189800Z[0m [32m INFO[0m [2mrmudos::efun::mudos_extra[0m[2m:[0m file_size start [3mpath[0m[2m=[0m"0.c"
[2m2026-08-18T01:31:29.189988Z[0m [32m INFO[0m [2mrmudos::efun::mudos_extra[0m[2m:[0m file_size done [3mpath[0m[2m=[0m"0.c" [3msize[0m[2m=[0m-1 [3melapsed_ms[0m[2m=[0m0
[2m2026-08-18T01:31:29.189998Z[0m [33m WARN[0m [2mrmudos::vm[0m[2m:[0m load_object compile_object did not return an object [3mpath[0m[2m=[0m/({ "coif", "chain coif" }) [3mresult[0m[2m=[0mOk(Null)
[2m2026-08-18T01:31:29.190644Z[0m [32m INFO[0m [2mrmudos::vm[0m[2m:[0m load_object start [3mpath[0m[2m=[0m/({ "head" })
[2m2026-08-18T01:31:29.190648Z[0m [32m INFO[0m [2mrmudos::compiler[0m[2m:[0m compile start [3mpath[0m[2m=[0m/({ "head" }) [3mfile[0m[2m=[0mmudlib/({ "head" }).c
[2m2026-08-18T01:31:29.190651Z[0m [33m WARN[0m [2mrmudos::vm[0m[2m:[0m load_object compile failed [3mpath[0m[2m=[0m/({ "head" }) [3merror[0m[2m=[0mfailed to read LPC object mudlib/({ "head" }).c: No such file or directory (os error 2)
[2m2026-08-18T01:31:29.190653Z[0m [32m INFO[0m [2mrmudos::vm[0m[2m:[0m load_object trying master compile_object [3mpath[0m[2m=[0m/({ "head" })
[2m2026-08-18T01:31:29.190663Z[0m [32m INFO[0m [2mrmudos::efun::mudos_extra[0m[2m:[0m file_size start [3mpath[0m[2m=[0m"({ \"head\" })"
[2m2026-08-18T01:31:29.190827Z[0m [32m INFO[0m [2mrmudos::efun::mudos_extra[0m[2m:[0m file_size done [3mpath[0m[2m=[0m"({ \"head\" })" [3msize[0m[2m=[0m-1 [3melapsed_ms[0m[2m=[0m0
[2m2026-08-18T01:31:29.190832Z[0m [32m INFO[0m [2mrmudos::efun::mudos_extra[0m[2m:[0m file_size start [3mpath[0m[2m=[0m"0.c"
[2m2026-08-18T01:31:29.190990Z[0m [32m INFO[0m [2mrmudos::efun::mudos_extra[0m[2m:[0m file_size done [3mpath[0m[2m=[0m"0.c" [3msize[0m[2m=[0m-1 [3melapsed_ms[0m[2m=[0m0
[2m2026-08-18T01:31:29.190999Z[0m [33m WARN[0m [2mrmudos::vm[0m[2m:[0m load_object compile_object did not return an object [3mpath[0m[2m=[0m/({ "head" }) [3mresult[0m[2m=[0mOk(Null)
[2m2026-08-18T01:31:29.196699Z[0m [32m INFO[0m [2mrmudos::vm[0m[2m:[0m load_object start [3mpath[0m[2m=[0m/({ "greaves", "scale greaves" })
[2m2026-08-18T01:31:29.196704Z[0m [32m INFO[0m [2mrmudos::compiler[0m[2m:[0m compile start [3mpath[0m[2m=[0m/({ "greaves", "scale greaves" }) [3mfile[0m[2m=[0mmudlib/({ "greaves", "scale greaves" }).c
[2m2026-08-18T01:31:29.196707Z[0m [33m WARN[0m [2mrmudos::vm[0m[2m:[0m load_object compile failed [3mpath[0m[2m=[0m/({ "greaves", "scale greaves" }) [3merror[0m[2m=[0mfailed to read LPC object mudlib/({ "greaves", "scale greaves" }).c: No such file or directory (os error 2)
[2m2026-08-18T01:31:29.196709Z[0m [32m INFO[0m [2mrmudos::vm[0m[2m:[0m load_object trying master compile_object [3mpath[0m[2m=[0m/({ "greaves", "scale greaves" })
[2m2026-08-18T01:31:29.196720Z[0m [32m INFO[0m [2mrmudos::efun::mudos_extra[0m[2m:[0m file_size start [3mpath[0m[2m=[0m"({ \"greaves\", \"scale greaves\" })"
[2m2026-08-18T01:31:29.196886Z[0m [32m INFO[0m [2mrmudos::efun::mudos_extra[0m[2m:[0m file_size done [3mpath[0m[2m=[0m"({ \"greaves\", \"scale greaves\" })" [3msize[0m[2m=[0m-1 [3melapsed_ms[0m[2m=[0m0
[2m2026-08-18T01:31:29.196891Z[0m [32m INFO[0m [2mrmudos::efun::mudos_extra[0m[2m:[0m file_size start [3mpath[0m[2m=[0m"0.c"
[2m2026-08-18T01:31:29.197045Z[0m [32m INFO[0m [2mrmudos::efun::mudos_extra[0m[2m:[0m file_size done [3mpath[0m[2m=[0m"0.c" [3msize[0m[2m=[0m-1 [3melapsed_ms[0m[2m=[0m0
[2m2026-08-18T01:31:29.197054Z[0m [33m WARN[0m [2mrmudos::vm[0m[2m:[0m load_object compile_object did not return an object [3mpath[0m[2m=[0m/({ "greaves", "scale greaves" }) [3mresult[0m[2m=[0mOk(Null)
[2m2026-08-18T01:31:29.197705Z[0m [32m INFO[0m [2mrmudos::vm[0m[2m:[0m load_object start [3mpath[0m[2m=[0m/({ "right leg", "left leg" })
[2m2026-08-18T01:31:29.197710Z[0m [32m INFO[0m [2mrmudos::compiler[0m[2m:[0m compile start [3mpath[0m[2m=[0m/({ "right leg", "left leg" }) [3mfile[0m[2m=[0mmudlib/({ "right leg", "left leg" }).c
[2m2026-08-18T01:31:29.197713Z[0m [33m WARN[0m [2mrmudos::vm[0m[2m:[0m load_object compile failed [3mpath[0m[2m=[0m/({ "right leg", "left leg" }) [3merror[0m[2m=[0mfailed to read LPC object mudlib/({ "right leg", "left leg" }).c: No such file or directory (os error 2)
[2m2026-08-18T01:31:29.197715Z[0m [32m INFO[0m [2mrmudos::vm[0m[2m:[0m load_object trying master compile_object [3mpath[0m[2m=[0m/({ "right leg", "left leg" })
[2m2026-08-18T01:31:29.197724Z[0m [32m INFO[0m [2mrmudos::efun::mudos_extra[0m[2m:[0m file_size start [3mpath[0m[2m=[0m"({ \"right leg\", \"left leg\" })"
[2m2026-08-18T01:31:29.197880Z[0m [32m INFO[0m [2mrmudos::efun::mudos_extra[0m[2m:[0m file_size done [3mpath[0m[2m=[0m"({ \"right leg\", \"left leg\" })" [3msize[0m[2m=[0m-1 [3melapsed_ms[0m[2m=[0m0
[2m2026-08-18T01:31:29.197884Z[0m [32m INFO[0m [2mrmudos::efun::mudos_extra[0m[2m:[0m file_size start [3mpath[0m[2m=[0m"0.c"
[2m2026-08-18T01:31:29.198043Z[0m [32m INFO[0m [2mrmudos::efun::mudos_extra[0m[2m:[0m file_size done [3mpath[0m[2m=[0m"0.c" [3msize[0m[2m=[0m-1 [3melapsed_ms[0m[2m=[0m0
[2m2026-08-18T01:31:29.198052Z[0m [33m WARN[0m [2mrmudos::vm[0m[2m:[0m load_object compile_object did not return an object [3mpath[0m[2m=[0m/({ "right leg", "left leg" }) [3mresult[0m[2m=[0mOk(Null)
[2m2026-08-18T01:31:29.203647Z[0m [32m INFO[0m [2mrmudos::vm[0m[2m:[0m load_object start [3mpath[0m[2m=[0m/({ "greaves", "plate greaves" })
[2m2026-08-18T01:31:29.203652Z[0m [32m INFO[0m [2mrmudos::compiler[0m[2m:[0m compile start [3mpath[0m[2m=[0m/({ "greaves", "plate greaves" }) [3mfile[0m[2m=[0mmudlib/({ "greaves", "plate greaves" }).c
[2m2026-08-18T01:31:29.203656Z[0m [33m WARN[0m [2mrmudos::vm[0m[2m:[0m load_object compile failed [3mpath[0m[2m=[0m/({ "greaves", "plate greaves" }) [3merror[0m[2m=[0mfailed to read LPC object mudlib/({ "greaves", "plate greaves" }).c: No such file or directory (os error 2)
[2m2026-08-18T01:31:29.203658Z[0m [32m INFO[0m [2mrmudos::vm[0m[2m:[0m load_object trying master compile_object [3mpath[0m[2m=[0m/({ "greaves", "plate greaves" })
[2m2026-08-18T01:31:29.203668Z[0m [32m INFO[0m [2mrmudos::efun::mudos_extra[0m[2m:[0m file_size start [3mpath[0m[2m=[0m"({ \"greaves\", \"plate greaves\" })"
[2m2026-08-18T01:31:29.203884Z[0m [32m INFO[0m [2mrmudos::efun::mudos_extra[0m[2m:[0m file_size done [3mpath[0m[2m=[0m"({ \"greaves\", \"plate greaves\" })" [3msize[0m[2m=[0m-1 [3melapsed_ms[0m[2m=[0m0
[2m2026-08-18T01:31:29.203892Z[0m [32m INFO[0m [2mrmudos::efun::mudos_extra[0m[2m:[0m file_size start [3mpath[0m[2m=[0m"0.c"
[2m2026-08-18T01:31:29.204047Z[0m [32m INFO[0m [2mrmudos::efun::mudos_extra[0m[2m:[0m file_size done [3mpath[0m[2m=[0m"0.c" [3msize[0m[2m=[0m-1 [3melapsed_ms[0m[2m=[0m0
[2m2026-08-18T01:31:29.204058Z[0m [33m WARN[0m [2mrmudos::vm[0m[2m:[0m load_object compile_object did not return an object [3mpath[0m[2m=[0m/({ "greaves", "plate greaves" }) [3mresult[0m[2m=[0mOk(Null)
[2m2026-08-18T01:31:29.204774Z[0m [32m INFO[0m [2mrmudos::vm[0m[2m:[0m load_object start [3mpath[0m[2m=[0m/({ "right leg", "left leg" })
[2m2026-08-18T01:31:29.204782Z[0m [32m INFO[0m [2mrmudos::compiler[0m[2m:[0m compile start [3mpath[0m[2m=[0m/({ "right leg", "left leg" }) [3mfile[0m[2m=[0mmudlib/({ "right leg", "left leg" }).c
[2m2026-08-18T01:31:29.204789Z[0m [33m WARN[0m [2mrmudos::vm[0m[2m:[0m load_object compile failed [3mpath[0m[2m=[0m/({ "right leg", "left leg" }) [3merror[0m[2m=[0mfailed to read LPC object mudlib/({ "right leg", "left leg" }).c: No such file or directory (os error 2)
[2m2026-08-18T01:31:29.204792Z[0m [32m INFO[0m [2mrmudos::vm[0m[2m:[0m load_object trying master compile_object [3mpath[0m[2m=[0m/({ "right leg", "left leg" })
[2m2026-08-18T01:31:29.204804Z[0m [32m INFO[0m [2mrmudos::efun::mudos_extra[0m[2m:[0m file_size start [3mpath[0m[2m=[0m"({ \"right leg\", \"left leg\" })"
[2m2026-08-18T01:31:29.205009Z[0m [32m INFO[0m [2mrmudos::efun::mudos_extra[0m[2m:[0m file_size done [3mpath[0m[2m=[0m"({ \"right leg\", \"left leg\" })" [3msize[0m[2m=[0m-1 [3melapsed_ms[0m[2m=[0m0
[2m2026-08-18T01:31:29.205020Z[0m [32m INFO[0m [2mrmudos::efun::mudos_extra[0m[2m:[0m file_size start [3mpath[0m[2m=[0m"0.c"
[2m2026-08-18T01:31:29.205200Z[0m [32m INFO[0m [2mrmudos::efun::mudos_extra[0m[2m:[0m file_size done [3mpath[0m[2m=[0m"0.c" [3msize[0m[2m=[0m-1 [3melapsed_ms[0m[2m=[0m0
[2m2026-08-18T01:31:29.205212Z[0m [33m WARN[0m [2mrmudos::vm[0m[2m:[0m load_object compile_object did not return an object [3mpath[0m[2m=[0m/({ "right leg", "left leg" }) [3mresult[0m[2m=[0mOk(Null)
[2m2026-08-18T01:31:29.210431Z[0m [32m INFO[0m [2mrmudos::vm[0m[2m:[0m load_object start [3mpath[0m[2m=[0m/({"mail", "scale mail"})
[2m2026-08-18T01:31:29.210439Z[0m [32m INFO[0m [2mrmudos::compiler[0m[2m:[0m compile start [3mpath[0m[2m=[0m/({"mail", "scale mail"}) [3mfile[0m[2m=[0mmudlib/({"mail", "scale mail"}).c
[2m2026-08-18T01:31:29.210447Z[0m [33m WARN[0m [2mrmudos::vm[0m[2m:[0m load_object compile failed [3mpath[0m[2m=[0m/({"mail", "scale mail"}) [3merror[0m[2m=[0mfailed to read LPC object mudlib/({"mail", "scale mail"}).c: No such file or directory (os error 2)
[2m2026-08-18T01:31:29.210449Z[0m [32m INFO[0m [2mrmudos::vm[0m[2m:[0m load_object trying master compile_object [3mpath[0m[2m=[0m/({"mail", "scale mail"})
[2m2026-08-18T01:31:29.210460Z[0m [32m INFO[0m [2mrmudos::efun::mudos_extra[0m[2m:[0m file_size start [3mpath[0m[2m=[0m"({\"mail\", \"scale mail\"})"
[2m2026-08-18T01:31:29.210651Z[0m [32m INFO[0m [2mrmudos::efun::mudos_extra[0m[2m:[0m file_size done [3mpath[0m[2m=[0m"({\"mail\", \"scale mail\"})" [3msize[0m[2m=[0m-1 [3melapsed_ms[0m[2m=[0m0
[2m2026-08-18T01:31:29.210661Z[0m [32m INFO[0m [2mrmudos::efun::mudos_extra[0m[2m:[0m file_size start [3mpath[0m[2m=[0m"0.c"
[2m2026-08-18T01:31:29.210831Z[0m [32m INFO[0m [2mrmudos::efun::mudos_extra[0m[2m:[0m file_size done [3mpath[0m[2m=[0m"0.c" [3msize[0m[2m=[0m-1 [3melapsed_ms[0m[2m=[0m0
[2m2026-08-18T01:31:29.210843Z[0m [33m WARN[0m [2mrmudos::vm[0m[2m:[0m load_object compile_object did not return an object [3mpath[0m[2m=[0m/({"mail", "scale mail"}) [3mresult[0m[2m=[0mOk(Null)
[2m2026-08-18T01:31:29.211491Z[0m [32m INFO[0m [2mrmudos::vm[0m[2m:[0m load_object start [3mpath[0m[2m=[0m/({"torso"})
[2m2026-08-18T01:31:29.211495Z[0m [32m INFO[0m [2mrmudos::compiler[0m[2m:[0m compile start [3mpath[0m[2m=[0m/({"torso"}) [3mfile[0m[2m=[0mmudlib/({"torso"}).c
[2m2026-08-18T01:31:29.211500Z[0m [33m WARN[0m [2mrmudos::vm[0m[2m:[0m load_object compile failed [3mpath[0m[2m=[0m/({"torso"}) [3merror[0m[2m=[0mfailed to read LPC object mudlib/({"torso"}).c: No such file or directory (os error 2)
[2m2026-08-18T01:31:29.211502Z[0m [32m INFO[0m [2mrmudos::vm[0m[2m:[0m load_object trying master compile_object [3mpath[0m[2m=[0m/({"torso"})
[2m2026-08-18T01:31:29.211514Z[0m [32m INFO[0m [2mrmudos::efun::mudos_extra[0m[2m:[0m file_size start [3mpath[0m[2m=[0m"({\"torso\"})"
[2m2026-08-18T01:31:29.211691Z[0m [32m INFO[0m [2mrmudos::efun::mudos_extra[0m[2m:[0m file_size done [3mpath[0m[2m=[0m"({\"torso\"})" [3msize[0m[2m=[0m-1 [3melapsed_ms[0m[2m=[0m0
[2m2026-08-18T01:31:29.211696Z[0m [32m INFO[0m [2mrmudos::efun::mudos_extra[0m[2m:[0m file_size start [3mpath[0m[2m=[0m"0.c"
[2m2026-08-18T01:31:29.211870Z[0m [32m INFO[0m [2mrmudos::efun::mudos_extra[0m[2m:[0m file_size done [3mpath[0m[2m=[0m"0.c" [3msize[0m[2m=[0m-1 [3melapsed_ms[0m[2m=[0m0
[2m2026-08-18T01:31:29.211881Z[0m [33m WARN[0m [2mrmudos::vm[0m[2m:[0m load_object compile_object did not return an object [3mpath[0m[2m=[0m/({"torso"}) [3mresult[0m[2m=[0mOk(Null)
[2m2026-08-18T01:31:29.217043Z[0m [32m INFO[0m [2mrmudos::vm[0m[2m:[0m load_object start [3mpath[0m[2m=[0m/({ "greaves", "chain greaves" })
[2m2026-08-18T01:31:29.217050Z[0m [32m INFO[0m [2mrmudos::compiler[0m[2m:[0m compile start [3mpath[0m[2m=[0m/({ "greaves", "chain greaves" }) [3mfile[0m[2m=[0mmudlib/({ "greaves", "chain greaves" }).c
[2m2026-08-18T01:31:29.217054Z[0m [33m WARN[0m [2mrmudos::vm[0m[2m:[0m load_object compile failed [3mpath[0m[2m=[0m/({ "greaves", "chain greaves" }) [3merror[0m[2m=[0mfailed to read LPC object mudlib/({ "greaves", "chain greaves" }).c: No such file or directory (os error 2)
[2m2026-08-18T01:31:29.217056Z[0m [32m INFO[0m [2mrmudos::vm[0m[2m:[0m load_object trying master compile_object [3mpath[0m[2m=[0m/({ "greaves", "chain greaves" })
[2m2026-08-18T01:31:29.217066Z[0m [32m INFO[0m [2mrmudos::efun::mudos_extra[0m[2m:[0m file_size start [3mpath[0m[2m=[0m"({ \"greaves\", \"chain greaves\" })"
[2m2026-08-18T01:31:29.217228Z[0m [32m INFO[0m [2mrmudos::efun::mudos_extra[0m[2m:[0m file_size done [3mpath[0m[2m=[0m"({ \"greaves\", \"chain greaves\" })" [3msize[0m[2m=[0m-1 [3melapsed_ms[0m[2m=[0m0
[2m2026-08-18T01:31:29.217236Z[0m [32m INFO[0m [2mrmudos::efun::mudos_extra[0m[2m:[0m file_size start [3mpath[0m[2m=[0m"0.c"
[2m2026-08-18T01:31:29.217396Z[0m [32m INFO[0m [2mrmudos::efun::mudos_extra[0m[2m:[0m file_size done [3mpath[0m[2m=[0m"0.c" [3msize[0m[2m=[0m-1 [3melapsed_ms[0m[2m=[0m0
[2m2026-08-18T01:31:29.217409Z[0m [33m WARN[0m [2mrmudos::vm[0m[2m:[0m load_object compile_object did not return an object [3mpath[0m[2m=[0m/({ "greaves", "chain greaves" }) [3mresult[0m[2m=[0mOk(Null)
[2m2026-08-18T01:31:29.218040Z[0m [32m INFO[0m [2mrmudos::vm[0m[2m:[0m load_object start [3mpath[0m[2m=[0m/({ "right leg", "left leg" })
[2m2026-08-18T01:31:29.218045Z[0m [32m INFO[0m [2mrmudos::compiler[0m[2m:[0m compile start [3mpath[0m[2m=[0m/({ "right leg", "left leg" }) [3mfile[0m[2m=[0mmudlib/({ "right leg", "left leg" }).c
[2m2026-08-18T01:31:29.218049Z[0m [33m WARN[0m [2mrmudos::vm[0m[2m:[0m load_object compile failed [3mpath[0m[2m=[0m/({ "right leg", "left leg" }) [3merror[0m[2m=[0mfailed to read LPC object mudlib/({ "right leg", "left leg" }).c: No such file or directory (os error 2)
[2m2026-08-18T01:31:29.218051Z[0m [32m INFO[0m [2mrmudos::vm[0m[2m:[0m load_object trying master compile_object [3mpath[0m[2m=[0m/({ "right leg", "left leg" })
[2m2026-08-18T01:31:29.218061Z[0m [32m INFO[0m [2mrmudos::efun::mudos_extra[0m[2m:[0m file_size start [3mpath[0m[2m=[0m"({ \"right leg\", \"left leg\" })"
[2m2026-08-18T01:31:29.218242Z[0m [32m INFO[0m [2mrmudos::efun::mudos_extra[0m[2m:[0m file_size done [3mpath[0m[2m=[0m"({ \"right leg\", \"left leg\" })" [3msize[0m[2m=[0m-1 [3melapsed_ms[0m[2m=[0m0
[2m2026-08-18T01:31:29.218250Z[0m [32m INFO[0m [2mrmudos::efun::mudos_extra[0m[2m:[0m file_size start [3mpath[0m[2m=[0m"0.c"
[2m2026-08-18T01:31:29.218420Z[0m [32m INFO[0m [2mrmudos::efun::mudos_extra[0m[2m:[0m file_size done [3mpath[0m[2m=[0m"0.c" [3msize[0m[2m=[0m-1 [3melapsed_ms[0m[2m=[0m0
[2m2026-08-18T01:31:29.218432Z[0m [33m WARN[0m [2mrmudos::vm[0m[2m:[0m load_object compile_object did not return an object [3mpath[0m[2m=[0m/({ "right leg", "left leg" }) [3mresult[0m[2m=[0mOk(Null)
[2m2026-08-18T01:31:29.224375Z[0m [32m INFO[0m [2mrmudos::vm[0m[2m:[0m load_object start [3mpath[0m[2m=[0m/({"mail", "chain mail"})
[2m2026-08-18T01:31:29.224383Z[0m [32m INFO[0m [2mrmudos::compiler[0m[2m:[0m compile start [3mpath[0m[2m=[0m/({"mail", "chain mail"}) [3mfile[0m[2m=[0mmudlib/({"mail", "chain mail"}).c
[2m2026-08-18T01:31:29.224389Z[0m [33m WARN[0m [2mrmudos::vm[0m[2m:[0m load_object compile failed [3mpath[0m[2m=[0m/({"mail", "chain mail"}) [3merror[0m[2m=[0mfailed to read LPC object mudlib/({"mail", "chain mail"}).c: No such file or directory (os error 2)
[2m2026-08-18T01:31:29.224392Z[0m [32m INFO[0m [2mrmudos::vm[0m[2m:[0m load_object trying master compile_object [3mpath[0m[2m=[0m/({"mail", "chain mail"})
[2m2026-08-18T01:31:29.224403Z[0m [32m INFO[0m [2mrmudos::efun::mudos_extra[0m[2m:[0m file_size start [3mpath[0m[2m=[0m"({\"mail\", \"chain mail\"})"
[2m2026-08-18T01:31:29.224588Z[0m [32m INFO[0m [2mrmudos::efun::mudos_extra[0m[2m:[0m file_size done [3mpath[0m[2m=[0m"({\"mail\", \"chain mail\"})" [3msize[0m[2m=[0m-1 [3melapsed_ms[0m[2m=[0m0
[2m2026-08-18T01:31:29.224594Z[0m [32m INFO[0m [2mrmudos::efun::mudos_extra[0m[2m:[0m file_size start [3mpath[0m[2m=[0m"0.c"
[2m2026-08-18T01:31:29.224768Z[0m [32m INFO[0m [2mrmudos::efun::mudos_extra[0m[2m:[0m file_size done [3mpath[0m[2m=[0m"0.c" [3msize[0m[2m=[0m-1 [3melapsed_ms[0m[2m=[0m0
[2m2026-08-18T01:31:29.224796Z[0m [33m WARN[0m [2mrmudos::vm[0m[2m:[0m load_object compile_object did not return an object [3mpath[0m[2m=[0m/({"mail", "chain mail"}) [3mresult[0m[2m=[0mOk(Null)
[2m2026-08-18T01:31:29.225469Z[0m [32m INFO[0m [2mrmudos::vm[0m[2m:[0m load_object start [3mpath[0m[2m=[0m/({"torso"})
[2m2026-08-18T01:31:29.225478Z[0m [32m INFO[0m [2mrmudos::compiler[0m[2m:[0m compile start [3mpath[0m[2m=[0m/({"torso"}) [3mfile[0m[2m=[0mmudlib/({"torso"}).c
[2m2026-08-18T01:31:29.225487Z[0m [33m WARN[0m [2mrmudos::vm[0m[2m:[0m load_object compile failed [3mpath[0m[2m=[0m/({"torso"}) [3merror[0m[2m=[0mfailed to read LPC object mudlib/({"torso"}).c: No such file or directory (os error 2)
[2m2026-08-18T01:31:29.225490Z[0m [32m INFO[0m [2mrmudos::vm[0m[2m:[0m load_object trying master compile_object [3mpath[0m[2m=[0m/({"torso"})
[2m2026-08-18T01:31:29.225501Z[0m [32m INFO[0m [2mrmudos::efun::mudos_extra[0m[2m:[0m file_size start [3mpath[0m[2m=[0m"({\"torso\"})"
[2m2026-08-18T01:31:29.225684Z[0m [32m INFO[0m [2mrmudos::efun::mudos_extra[0m[2m:[0m file_size done [3mpath[0m[2m=[0m"({\"torso\"})" [3msize[0m[2m=[0m-1 [3melapsed_ms[0m[2m=[0m0
[2m2026-08-18T01:31:29.225687Z[0m [32m INFO[0m [2mrmudos::efun::mudos_extra[0m[2m:[0m file_size start [3mpath[0m[2m=[0m"0.c"
[2m2026-08-18T01:31:29.225872Z[0m [32m INFO[0m [2mrmudos::efun::mudos_extra[0m[2m:[0m file_size done [3mpath[0m[2m=[0m"0.c" [3msize[0m[2m=[0m-1 [3melapsed_ms[0m[2m=[0m0
[2m2026-08-18T01:31:29.225882Z[0m [33m WARN[0m [2mrmudos::vm[0m[2m:[0m load_object compile_object did not return an object [3mpath[0m[2m=[0m/({"torso"}) [3mresult[0m[2m=[0mOk(Null)
[2m2026-08-18T01:31:29.231820Z[0m [32m INFO[0m [2mrmudos::vm[0m[2m:[0m load_object start [3mpath[0m[2m=[0m/({"vest", "chain vest"})
[2m2026-08-18T01:31:29.231828Z[0m [32m INFO[0m [2mrmudos::compiler[0m[2m:[0m compile start [3mpath[0m[2m=[0m/({"vest", "chain vest"}) [3mfile[0m[2m=[0mmudlib/({"vest", "chain vest"}).c
[2m2026-08-18T01:31:29.231835Z[0m [33m WARN[0m [2mrmudos::vm[0m[2m:[0m load_object compile failed [3mpath[0m[2m=[0m/({"vest", "chain vest"}) [3merror[0m[2m=[0mfailed to read LPC object mudlib/({"vest", "chain vest"}).c: No such file or directory (os error 2)
[2m2026-08-18T01:31:29.231838Z[0m [32m INFO[0m [2mrmudos::vm[0m[2m:[0m load_object trying master compile_object [3mpath[0m[2m=[0m/({"vest", "chain vest"})
[2m2026-08-18T01:31:29.231848Z[0m [32m INFO[0m [2mrmudos::efun::mudos_extra[0m[2m:[0m file_size start [3mpath[0m[2m=[0m"({\"vest\", \"chain vest\"})"
[2m2026-08-18T01:31:29.232015Z[0m [32m INFO[0m [2mrmudos::efun::mudos_extra[0m[2m:[0m file_size done [3mpath[0m[2m=[0m"({\"vest\", \"chain vest\"})" [3msize[0m[2m=[0m-1 [3melapsed_ms[0m[2m=[0m0
[2m2026-08-18T01:31:29.232021Z[0m [32m INFO[0m [2mrmudos::efun::mudos_extra[0m[2m:[0m file_size start [3mpath[0m[2m=[0m"0.c"
[2m2026-08-18T01:31:29.232174Z[0m [32m INFO[0m [2mrmudos::efun::mudos_extra[0m[2m:[0m file_size done [3mpath[0m[2m=[0m"0.c" [3msize[0m[2m=[0m-1 [3melapsed_ms[0m[2m=[0m0
[2m2026-08-18T01:31:29.232184Z[0m [33m WARN[0m [2mrmudos::vm[0m[2m:[0m load_object compile_object did not return an object [3mpath[0m[2m=[0m/({"vest", "chain vest"}) [3mresult[0m[2m=[0mOk(Null)
[2m2026-08-18T01:31:29.232788Z[0m [32m INFO[0m [2mrmudos::vm[0m[2m:[0m load_object start [3mpath[0m[2m=[0m/({"torso"})
[2m2026-08-18T01:31:29.232793Z[0m [32m INFO[0m [2mrmudos::compiler[0m[2m:[0m compile start [3mpath[0m[2m=[0m/({"torso"}) [3mfile[0m[2m=[0mmudlib/({"torso"}).c
[2m2026-08-18T01:31:29.232796Z[0m [33m WARN[0m [2mrmudos::vm[0m[2m:[0m load_object compile failed [3mpath[0m[2m=[0m/({"torso"}) [3merror[0m[2m=[0mfailed to read LPC object mudlib/({"torso"}).c: No such file or directory (os error 2)
[2m2026-08-18T01:31:29.232798Z[0m [32m INFO[0m [2mrmudos::vm[0m[2m:[0m load_object trying master compile_object [3mpath[0m[2m=[0m/({"torso"})
[2m2026-08-18T01:31:29.232808Z[0m [32m INFO[0m [2mrmudos::efun::mudos_extra[0m[2m:[0m file_size start [3mpath[0m[2m=[0m"({\"torso\"})"
[2m2026-08-18T01:31:29.232975Z[0m [32m INFO[0m [2mrmudos::efun::mudos_extra[0m[2m:[0m file_size done [3mpath[0m[2m=[0m"({\"torso\"})" [3msize[0m[2m=[0m-1 [3melapsed_ms[0m[2m=[0m0
[2m2026-08-18T01:31:29.232980Z[0m [32m INFO[0m [2mrmudos::efun::mudos_extra[0m[2m:[0m file_size start [3mpath[0m[2m=[0m"0.c"
[2m2026-08-18T01:31:29.233147Z[0m [32m INFO[0m [2mrmudos::efun::mudos_extra[0m[2m:[0m file_size done [3mpath[0m[2m=[0m"0.c" [3msize[0m[2m=[0m-1 [3melapsed_ms[0m[2m=[0m0
[2m2026-08-18T01:31:29.233156Z[0m [33m WARN[0m [2mrmudos::vm[0m[2m:[0m load_object compile_object did not return an object [3mpath[0m[2m=[0m/({"torso"}) [3mresult[0m[2m=[0mOk(Null)
[2m2026-08-18T01:31:29.238824Z[0m [32m INFO[0m [2mrmudos::vm[0m[2m:[0m load_object start [3mpath[0m[2m=[0m/({ "jacket", "leather jacket", "studded jacket", "studded leather jacket" })
[2m2026-08-18T01:31:29.238830Z[0m [32m INFO[0m [2mrmudos::compiler[0m[2m:[0m compile start [3mpath[0m[2m=[0m/({ "jacket", "leather jacket", "studded jacket", "studded leather jacket" }) [3mfile[0m[2m=[0mmudlib/({ "jacket", "leather jacket", "studded jacket", "studded leather jacket" }).c
[2m2026-08-18T01:31:29.238835Z[0m [33m WARN[0m [2mrmudos::vm[0m[2m:[0m load_object compile failed [3mpath[0m[2m=[0m/({ "jacket", "leather jacket", "studded jacket", "studded leather jacket" }) [3merror[0m[2m=[0mfailed to read LPC object mudlib/({ "jacket", "leather jacket", "studded jacket", "studded leather jacket" }).c: No such file or directory (os error 2)
[2m2026-08-18T01:31:29.238837Z[0m [32m INFO[0m [2mrmudos::vm[0m[2m:[0m load_object trying master compile_object [3mpath[0m[2m=[0m/({ "jacket", "leather jacket", "studded jacket", "studded leather jacket" })
[2m2026-08-18T01:31:29.238846Z[0m [32m INFO[0m [2mrmudos::efun::mudos_extra[0m[2m:[0m file_size start [3mpath[0m[2m=[0m"({ \"jacket\", \"leather jacket\", \"studded jacket\", \"studded leather jacket\" })"
[2m2026-08-18T01:31:29.239102Z[0m [32m INFO[0m [2mrmudos::efun::mudos_extra[0m[2m:[0m file_size done [3mpath[0m[2m=[0m"({ \"jacket\", \"leather jacket\", \"studded jacket\", \"studded leather jacket\" })" [3msize[0m[2m=[0m-1 [3melapsed_ms[0m[2m=[0m0
[2m2026-08-18T01:31:29.239111Z[0m [32m INFO[0m [2mrmudos::efun::mudos_extra[0m[2m:[0m file_size start [3mpath[0m[2m=[0m"0.c"
[2m2026-08-18T01:31:29.239277Z[0m [32m INFO[0m [2mrmudos::efun::mudos_extra[0m[2m:[0m file_size done [3mpath[0m[2m=[0m"0.c" [3msize[0m[2m=[0m-1 [3melapsed_ms[0m[2m=[0m0
[2m2026-08-18T01:31:29.239301Z[0m [33m WARN[0m [2mrmudos::vm[0m[2m:[0m load_object compile_object did not return an object [3mpath[0m[2m=[0m/({ "jacket", "leather jacket", "studded jacket", "studded leather jacket" }) [3mresult[0m[2m=[0mOk(Null)
[2m2026-08-18T01:31:29.240004Z[0m [32m INFO[0m [2mrmudos::vm[0m[2m:[0m load_object start [3mpath[0m[2m=[0m/({ "torso", "right arm", "left arm" })
[2m2026-08-18T01:31:29.240012Z[0m [32m INFO[0m [2mrmudos::compiler[0m[2m:[0m compile start [3mpath[0m[2m=[0m/({ "torso", "right arm", "left arm" }) [3mfile[0m[2m=[0mmudlib/({ "torso", "right arm", "left arm" }).c
[2m2026-08-18T01:31:29.240020Z[0m [33m WARN[0m [2mrmudos::vm[0m[2m:[0m load_object compile failed [3mpath[0m[2m=[0m/({ "torso", "right arm", "left arm" }) [3merror[0m[2m=[0mfailed to read LPC object mudlib/({ "torso", "right arm", "left arm" }).c: No such file or directory (os error 2)
[2m2026-08-18T01:31:29.240022Z[0m [32m INFO[0m [2mrmudos::vm[0m[2m:[0m load_object trying master compile_object [3mpath[0m[2m=[0m/({ "torso", "right arm", "left arm" })
[2m2026-08-18T01:31:29.240033Z[0m [32m INFO[0m [2mrmudos::efun::mudos_extra[0m[2m:[0m file_size start [3mpath[0m[2m=[0m"({ \"torso\", \"right arm\", \"left arm\" })"
[2m2026-08-18T01:31:29.240201Z[0m [32m INFO[0m [2mrmudos::efun::mudos_extra[0m[2m:[0m file_size done [3mpath[0m[2m=[0m"({ \"torso\", \"right arm\", \"left arm\" })" [3msize[0m[2m=[0m-1 [3melapsed_ms[0m[2m=[0m0
[2m2026-08-18T01:31:29.240205Z[0m [32m INFO[0m [2mrmudos::efun::mudos_extra[0m[2m:[0m file_size start [3mpath[0m[2m=[0m"0.c"
[2m2026-08-18T01:31:29.240377Z[0m [32m INFO[0m [2mrmudos::efun::mudos_extra[0m[2m:[0m file_size done [3mpath[0m[2m=[0m"0.c" [3msize[0m[2m=[0m-1 [3melapsed_ms[0m[2m=[0m0
[2m2026-08-18T01:31:29.240387Z[0m [33m WARN[0m [2mrmudos::vm[0m[2m:[0m load_object compile_object did not return an object [3mpath[0m[2m=[0m/({ "torso", "right arm", "left arm" }) [3mresult[0m[2m=[0mOk(Null)
[2m2026-08-18T01:31:29.245875Z[0m [32m INFO[0m [2mrmudos::vm[0m[2m:[0m load_object start [3mpath[0m[2m=[0m/({ "vest", "studded vest", "studded leather vest", "leather vest" })
[2m2026-08-18T01:31:29.245886Z[0m [32m INFO[0m [2mrmudos::compiler[0m[2m:[0m compile start [3mpath[0m[2m=[0m/({ "vest", "studded vest", "studded leather vest", "leather vest" }) [3mfile[0m[2m=[0mmudlib/({ "vest", "studded vest", "studded leather vest", "leather vest" }).c
[2m2026-08-18T01:31:29.245896Z[0m [33m WARN[0m [2mrmudos::vm[0m[2m:[0m load_object compile failed [3mpath[0m[2m=[0m/({ "vest", "studded vest", "studded leather vest", "leather vest" }) [3merror[0m[2m=[0mfailed to read LPC object mudlib/({ "vest", "studded vest", "studded leather vest", "leather vest" }).c: No such file or directory (os error 2)
[2m2026-08-18T01:31:29.245899Z[0m [32m INFO[0m [2mrmudos::vm[0m[2m:[0m load_object trying master compile_object [3mpath[0m[2m=[0m/({ "vest", "studded vest", "studded leather vest", "leather vest" })
[2m2026-08-18T01:31:29.245912Z[0m [32m INFO[0m [2mrmudos::efun::mudos_extra[0m[2m:[0m file_size start [3mpath[0m[2m=[0m"({ \"vest\", \"studded vest\", \"studded leather vest\", \"leather vest\" })"
[2m2026-08-18T01:31:29.246166Z[0m [32m INFO[0m [2mrmudos::efun::mudos_extra[0m[2m:[0m file_size done [3mpath[0m[2m=[0m"({ \"vest\", \"studded vest\", \"studded leather vest\", \"leather vest\" })" [3msize[0m[2m=[0m-1 [3melapsed_ms[0m[2m=[0m0
[2m2026-08-18T01:31:29.246181Z[0m [32m INFO[0m [2mrmudos::efun::mudos_extra[0m[2m:[0m file_size start [3mpath[0m[2m=[0m"0.c"
[2m2026-08-18T01:31:29.246384Z[0m [32m INFO[0m [2mrmudos::efun::mudos_extra[0m[2m:[0m file_size done [3mpath[0m[2m=[0m"0.c" [3msize[0m[2m=[0m-1 [3melapsed_ms[0m[2m=[0m0
[2m2026-08-18T01:31:29.246410Z[0m [33m WARN[0m [2mrmudos::vm[0m[2m:[0m load_object compile_object did not return an object [3mpath[0m[2m=[0m/({ "vest", "studded vest", "studded leather vest", "leather vest" }) [3mresult[0m[2m=[0mOk(Null)
[2m2026-08-18T01:31:29.247125Z[0m [32m INFO[0m [2mrmudos::vm[0m[2m:[0m load_object start [3mpath[0m[2m=[0m/({ "torso" })
[2m2026-08-18T01:31:29.247133Z[0m [32m INFO[0m [2mrmudos::compiler[0m[2m:[0m compile start [3mpath[0m[2m=[0m/({ "torso" }) [3mfile[0m[2m=[0mmudlib/({ "torso" }).c
[2m2026-08-18T01:31:29.247139Z[0m [33m WARN[0m [2mrmudos::vm[0m[2m:[0m load_object compile failed [3mpath[0m[2m=[0m/({ "torso" }) [3merror[0m[2m=[0mfailed to read LPC object mudlib/({ "torso" }).c: No such file or directory (os error 2)
[2m2026-08-18T01:31:29.247141Z[0m [32m INFO[0m [2mrmudos::vm[0m[2m:[0m load_object trying master compile_object [3mpath[0m[2m=[0m/({ "torso" })
[2m2026-08-18T01:31:29.247154Z[0m [32m INFO[0m [2mrmudos::efun::mudos_extra[0m[2m:[0m file_size start [3mpath[0m[2m=[0m"({ \"torso\" })"
[2m2026-08-18T01:31:29.247327Z[0m [32m INFO[0m [2mrmudos::efun::mudos_extra[0m[2m:[0m file_size done [3mpath[0m[2m=[0m"({ \"torso\" })" [3msize[0m[2m=[0m-1 [3melapsed_ms[0m[2m=[0m0
[2m2026-08-18T01:31:29.247333Z[0m [32m INFO[0m [2mrmudos::efun::mudos_extra[0m[2m:[0m file_size start [3mpath[0m[2m=[0m"0.c"
[2m2026-08-18T01:31:29.247492Z[0m [32m INFO[0m [2mrmudos::efun::mudos_extra[0m[2m:[0m file_size done [3mpath[0m[2m=[0m"0.c" [3msize[0m[2m=[0m-1 [3melapsed_ms[0m[2m=[0m0
[2m2026-08-18T01:31:29.247502Z[0m [33m WARN[0m [2mrmudos::vm[0m[2m:[0m load_object compile_object did not return an object [3mpath[0m[2m=[0m/({ "torso" }) [3mresult[0m[2m=[0mOk(Null)
[2m2026-08-18T01:31:29.252941Z[0m [32m INFO[0m [2mrmudos::vm[0m[2m:[0m load_object start [3mpath[0m[2m=[0m/({ "pants", "studded pants", "leather pants", "studded leather pants" })
[2m2026-08-18T01:31:29.252946Z[0m [32m INFO[0m [2mrmudos::compiler[0m[2m:[0m compile start [3mpath[0m[2m=[0m/({ "pants", "studded pants", "leather pants", "studded leather pants" }) [3mfile[0m[2m=[0mmudlib/({ "pants", "studded pants", "leather pants", "studded leather pants" }).c
[2m2026-08-18T01:31:29.252950Z[0m [33m WARN[0m [2mrmudos::vm[0m[2m:[0m load_object compile failed [3mpath[0m[2m=[0m/({ "pants", "studded pants", "leather pants", "studded leather pants" }) [3merror[0m[2m=[0mfailed to read LPC object mudlib/({ "pants", "studded pants", "leather pants", "studded leather pants" }).c: No such file or directory (os error 2)
[2m2026-08-18T01:31:29.252952Z[0m [32m INFO[0m [2mrmudos::vm[0m[2m:[0m load_object trying master compile_object [3mpath[0m[2m=[0m/({ "pants", "studded pants", "leather pants", "studded leather pants" })
[2m2026-08-18T01:31:29.252962Z[0m [32m INFO[0m [2mrmudos::efun::mudos_extra[0m[2m:[0m file_size start [3mpath[0m[2m=[0m"({ \"pants\", \"studded pants\", \"leather pants\", \"studded leather pants\" })"
[2m2026-08-18T01:31:29.253122Z[0m [32m INFO[0m [2mrmudos::efun::mudos_extra[0m[2m:[0m file_size done [3mpath[0m[2m=[0m"({ \"pants\", \"studded pants\", \"leather pants\", \"studded leather pants\" })" [3msize[0m[2m=[0m-1 [3melapsed_ms[0m[2m=[0m0
[2m2026-08-18T01:31:29.253127Z[0m [32m INFO[0m [2mrmudos::efun::mudos_extra[0m[2m:[0m file_size start [3mpath[0m[2m=[0m"0.c"
[2m2026-08-18T01:31:29.253279Z[0m [32m INFO[0m [2mrmudos::efun::mudos_extra[0m[2m:[0m file_size done [3mpath[0m[2m=[0m"0.c" [3msize[0m[2m=[0m-1 [3melapsed_ms[0m[2m=[0m0
[2m2026-08-18T01:31:29.253289Z[0m [33m WARN[0m [2mrmudos::vm[0m[2m:[0m load_object compile_object did not return an object [3mpath[0m[2m=[0m/({ "pants", "studded pants", "leather pants", "studded leather pants" }) [3mresult[0m[2m=[0mOk(Null)
[2m2026-08-18T01:31:29.253928Z[0m [32m INFO[0m [2mrmudos::vm[0m[2m:[0m load_object start [3mpath[0m[2m=[0m/({ "right leg", "left leg" })
[2m2026-08-18T01:31:29.253931Z[0m [32m INFO[0m [2mrmudos::compiler[0m[2m:[0m compile start [3mpath[0m[2m=[0m/({ "right leg", "left leg" }) [3mfile[0m[2m=[0mmudlib/({ "right leg", "left leg" }).c
[2m2026-08-18T01:31:29.253935Z[0m [33m WARN[0m [2mrmudos::vm[0m[2m:[0m load_object compile failed [3mpath[0m[2m=[0m/({ "right leg", "left leg" }) [3merror[0m[2m=[0mfailed to read LPC object mudlib/({ "right leg", "left leg" }).c: No such file or directory (os error 2)
[2m2026-08-18T01:31:29.253936Z[0m [32m INFO[0m [2mrmudos::vm[0m[2m:[0m load_object trying master compile_object [3mpath[0m[2m=[0m/({ "right leg", "left leg" })
[2m2026-08-18T01:31:29.253946Z[0m [32m INFO[0m [2mrmudos::efun::mudos_extra[0m[2m:[0m file_size start [3mpath[0m[2m=[0m"({ \"right leg\", \"left leg\" })"
[2m2026-08-18T01:31:29.254127Z[0m [32m INFO[0m [2mrmudos::efun::mudos_extra[0m[2m:[0m file_size done [3mpath[0m[2m=[0m"({ \"right leg\", \"left leg\" })" [3msize[0m[2m=[0m-1 [3melapsed_ms[0m[2m=[0m0
[2m2026-08-18T01:31:29.254132Z[0m [32m INFO[0m [2mrmudos::efun::mudos_extra[0m[2m:[0m file_size start [3mpath[0m[2m=[0m"0.c"
[2m2026-08-18T01:31:29.254302Z[0m [32m INFO[0m [2mrmudos::efun::mudos_extra[0m[2m:[0m file_size done [3mpath[0m[2m=[0m"0.c" [3msize[0m[2m=[0m-1 [3melapsed_ms[0m[2m=[0m0
[2m2026-08-18T01:31:29.254312Z[0m [33m WARN[0m [2mrmudos::vm[0m[2m:[0m load_object compile_object did not return an object [3mpath[0m[2m=[0m/({ "right leg", "left leg" }) [3mresult[0m[2m=[0mOk(Null)
[2m2026-08-18T01:31:29.259799Z[0m [32m INFO[0m [2mrmudos::vm[0m[2m:[0m load_object start [3mpath[0m[2m=[0m/({ "jacket", "leather jacket" })
[2m2026-08-18T01:31:29.259805Z[0m [32m INFO[0m [2mrmudos::compiler[0m[2m:[0m compile start [3mpath[0m[2m=[0m/({ "jacket", "leather jacket" }) [3mfile[0m[2m=[0mmudlib/({ "jacket", "leather jacket" }).c
[2m2026-08-18T01:31:29.259811Z[0m [33m WARN[0m [2mrmudos::vm[0m[2m:[0m load_object compile failed [3mpath[0m[2m=[0m/({ "jacket", "leather jacket" }) [3merror[0m[2m=[0mfailed to read LPC object mudlib/({ "jacket", "leather jacket" }).c: No such file or directory (os error 2)
[2m2026-08-18T01:31:29.259813Z[0m [32m INFO[0m [2mrmudos::vm[0m[2m:[0m load_object trying master compile_object [3mpath[0m[2m=[0m/({ "jacket", "leather jacket" })
[2m2026-08-18T01:31:29.259823Z[0m [32m INFO[0m [2mrmudos::efun::mudos_extra[0m[2m:[0m file_size start [3mpath[0m[2m=[0m"({ \"jacket\", \"leather jacket\" })"
[2m2026-08-18T01:31:29.260046Z[0m [32m INFO[0m [2mrmudos::efun::mudos_extra[0m[2m:[0m file_size done [3mpath[0m[2m=[0m"({ \"jacket\", \"leather jacket\" })" [3msize[0m[2m=[0m-1 [3melapsed_ms[0m[2m=[0m0
[2m2026-08-18T01:31:29.260054Z[0m [32m INFO[0m [2mrmudos::efun::mudos_extra[0m[2m:[0m file_size start [3mpath[0m[2m=[0m"0.c"
[2m2026-08-18T01:31:29.260299Z[0m [32m INFO[0m [2mrmudos::efun::mudos_extra[0m[2m:[0m file_size done [3mpath[0m[2m=[0m"0.c" [3msize[0m[2m=[0m-1 [3melapsed_ms[0m[2m=[0m0
[2m2026-08-18T01:31:29.260317Z[0m [33m WARN[0m [2mrmudos::vm[0m[2m:[0m load_object compile_object did not return an object [3mpath[0m[2m=[0m/({ "jacket", "leather jacket" }) [3mresult[0m[2m=[0mOk(Null)
[2m2026-08-18T01:31:29.260943Z[0m [32m INFO[0m [2mrmudos::vm[0m[2m:[0m load_object start [3mpath[0m[2m=[0m/({ "torso", "right arm", "left arm" })
[2m2026-08-18T01:31:29.260947Z[0m [32m INFO[0m [2mrmudos::compiler[0m[2m:[0m compile start [3mpath[0m[2m=[0m/({ "torso", "right arm", "left arm" }) [3mfile[0m[2m=[0mmudlib/({ "torso", "right arm", "left arm" }).c
[2m2026-08-18T01:31:29.260952Z[0m [33m WARN[0m [2mrmudos::vm[0m[2m:[0m load_object compile failed [3mpath[0m[2m=[0m/({ "torso", "right arm", "left arm" }) [3merror[0m[2m=[0mfailed to read LPC object mudlib/({ "torso", "right arm", "left arm" }).c: No such file or directory (os error 2)
[2m2026-08-18T01:31:29.260954Z[0m [32m INFO[0m [2mrmudos::vm[0m[2m:[0m load_object trying master compile_object [3mpath[0m[2m=[0m/({ "torso", "right arm", "left arm" })
[2m2026-08-18T01:31:29.260963Z[0m [32m INFO[0m [2mrmudos::efun::mudos_extra[0m[2m:[0m file_size start [3mpath[0m[2m=[0m"({ \"torso\", \"right arm\", \"left arm\" })"
[2m2026-08-18T01:31:29.261123Z[0m [32m INFO[0m [2mrmudos::efun::mudos_extra[0m[2m:[0m file_size done [3mpath[0m[2m=[0m"({ \"torso\", \"right arm\", \"left arm\" })" [3msize[0m[2m=[0m-1 [3melapsed_ms[0m[2m=[0m0
[2m2026-08-18T01:31:29.261131Z[0m [32m INFO[0m [2mrmudos::efun::mudos_extra[0m[2m:[0m file_size start [3mpath[0m[2m=[0m"0.c"
[2m2026-08-18T01:31:29.261289Z[0m [32m INFO[0m [2mrmudos::efun::mudos_extra[0m[2m:[0m file_size done [3mpath[0m[2m=[0m"0.c" [3msize[0m[2m=[0m-1 [3melapsed_ms[0m[2m=[0m0
[2m2026-08-18T01:31:29.261298Z[0m [33m WARN[0m [2mrmudos::vm[0m[2m:[0m load_object compile_object did not return an object [3mpath[0m[2m=[0m/({ "torso", "right arm", "left arm" }) [3mresult[0m[2m=[0mOk(Null)
[2m2026-08-18T01:31:29.267266Z[0m [32m INFO[0m [2mrmudos::vm[0m[2m:[0m load_object start [3mpath[0m[2m=[0m/({ "pants", "leather pants" })
[2m2026-08-18T01:31:29.267279Z[0m [32m INFO[0m [2mrmudos::compiler[0m[2m:[0m compile start [3mpath[0m[2m=[0m/({ "pants", "leather pants" }) [3mfile[0m[2m=[0mmudlib/({ "pants", "leather pants" }).c
[2m2026-08-18T01:31:29.267288Z[0m [33m WARN[0m [2mrmudos::vm[0m[2m:[0m load_object compile failed [3mpath[0m[2m=[0m/({ "pants", "leather pants" }) [3merror[0m[2m=[0mfailed to read LPC object mudlib/({ "pants", "leather pants" }).c: No such file or directory (os error 2)
[2m2026-08-18T01:31:29.267290Z[0m [32m INFO[0m [2mrmudos::vm[0m[2m:[0m load_object trying master compile_object [3mpath[0m[2m=[0m/({ "pants", "leather pants" })
[2m2026-08-18T01:31:29.267301Z[0m [32m INFO[0m [2mrmudos::efun::mudos_extra[0m[2m:[0m file_size start [3mpath[0m[2m=[0m"({ \"pants\", \"leather pants\" })"
[2m2026-08-18T01:31:29.267479Z[0m [32m INFO[0m [2mrmudos::efun::mudos_extra[0m[2m:[0m file_size done [3mpath[0m[2m=[0m"({ \"pants\", \"leather pants\" })" [3msize[0m[2m=[0m-1 [3melapsed_ms[0m[2m=[0m0
[2m2026-08-18T01:31:29.267484Z[0m [32m INFO[0m [2mrmudos::efun::mudos_extra[0m[2m:[0m file_size start [3mpath[0m[2m=[0m"0.c"
[2m2026-08-18T01:31:29.267641Z[0m [32m INFO[0m [2mrmudos::efun::mudos_extra[0m[2m:[0m file_size done [3mpath[0m[2m=[0m"0.c" [3msize[0m[2m=[0m-1 [3melapsed_ms[0m[2m=[0m0
[2m2026-08-18T01:31:29.267651Z[0m [33m WARN[0m [2mrmudos::vm[0m[2m:[0m load_object compile_object did not return an object [3mpath[0m[2m=[0m/({ "pants", "leather pants" }) [3mresult[0m[2m=[0mOk(Null)
[2m2026-08-18T01:31:29.268297Z[0m [32m INFO[0m [2mrmudos::vm[0m[2m:[0m load_object start [3mpath[0m[2m=[0m/({ "right leg", "left leg" })
[2m2026-08-18T01:31:29.268301Z[0m [32m INFO[0m [2mrmudos::compiler[0m[2m:[0m compile start [3mpath[0m[2m=[0m/({ "right leg", "left leg" }) [3mfile[0m[2m=[0mmudlib/({ "right leg", "left leg" }).c
[2m2026-08-18T01:31:29.268304Z[0m [33m WARN[0m [2mrmudos::vm[0m[2m:[0m load_object compile failed [3mpath[0m[2m=[0m/({ "right leg", "left leg" }) [3merror[0m[2m=[0mfailed to read LPC object mudlib/({ "right leg", "left leg" }).c: No such file or directory (os error 2)
[2m2026-08-18T01:31:29.268305Z[0m [32m INFO[0m [2mrmudos::vm[0m[2m:[0m load_object trying master compile_object [3mpath[0m[2m=[0m/({ "right leg", "left leg" })
[2m2026-08-18T01:31:29.268314Z[0m [32m INFO[0m [2mrmudos::efun::mudos_extra[0m[2m:[0m file_size start [3mpath[0m[2m=[0m"({ \"right leg\", \"left leg\" })"
[2m2026-08-18T01:31:29.268468Z[0m [32m INFO[0m [2mrmudos::efun::mudos_extra[0m[2m:[0m file_size done [3mpath[0m[2m=[0m"({ \"right leg\", \"left leg\" })" [3msize[0m[2m=[0m-1 [3melapsed_ms[0m[2m=[0m0
[2m2026-08-18T01:31:29.268473Z[0m [32m INFO[0m [2mrmudos::efun::mudos_extra[0m[2m:[0m file_size start [3mpath[0m[2m=[0m"0.c"
[2m2026-08-18T01:31:29.268625Z[0m [32m INFO[0m [2mrmudos::efun::mudos_extra[0m[2m:[0m file_size done [3mpath[0m[2m=[0m"0.c" [3msize[0m[2m=[0m-1 [3melapsed_ms[0m[2m=[0m0
[2m2026-08-18T01:31:29.268634Z[0m [33m WARN[0m [2mrmudos::vm[0m[2m:[0m load_object compile_object did not return an object [3mpath[0m[2m=[0m/({ "right leg", "left leg" }) [3mresult[0m[2m=[0mOk(Null)
[2m2026-08-18T01:31:29.274320Z[0m [32m INFO[0m [2mrmudos::vm[0m[2m:[0m load_object start [3mpath[0m[2m=[0m/({"vest"})
[2m2026-08-18T01:31:29.274325Z[0m [32m INFO[0m [2mrmudos::compiler[0m[2m:[0m compile start [3mpath[0m[2m=[0m/({"vest"}) [3mfile[0m[2m=[0mmudlib/({"vest"}).c
[2m2026-08-18T01:31:29.274330Z[0m [33m WARN[0m [2mrmudos::vm[0m[2m:[0m load_object compile failed [3mpath[0m[2m=[0m/({"vest"}) [3merror[0m[2m=[0mfailed to read LPC object mudlib/({"vest"}).c: No such file or directory (os error 2)
[2m2026-08-18T01:31:29.274332Z[0m [32m INFO[0m [2mrmudos::vm[0m[2m:[0m load_object trying master compile_object [3mpath[0m[2m=[0m/({"vest"})
[2m2026-08-18T01:31:29.274343Z[0m [32m INFO[0m [2mrmudos::efun::mudos_extra[0m[2m:[0m file_size start [3mpath[0m[2m=[0m"({\"vest\"})"
[2m2026-08-18T01:31:29.274524Z[0m [32m INFO[0m [2mrmudos::efun::mudos_extra[0m[2m:[0m file_size done [3mpath[0m[2m=[0m"({\"vest\"})" [3msize[0m[2m=[0m-1 [3melapsed_ms[0m[2m=[0m0
[2m2026-08-18T01:31:29.274530Z[0m [32m INFO[0m [2mrmudos::efun::mudos_extra[0m[2m:[0m file_size start [3mpath[0m[2m=[0m"0.c"
[2m2026-08-18T01:31:29.274714Z[0m [32m INFO[0m [2mrmudos::efun::mudos_extra[0m[2m:[0m file_size done [3mpath[0m[2m=[0m"0.c" [3msize[0m[2m=[0m-1 [3melapsed_ms[0m[2m=[0m0
[2m2026-08-18T01:31:29.274725Z[0m [33m WARN[0m [2mrmudos::vm[0m[2m:[0m load_object compile_object did not return an object [3mpath[0m[2m=[0m/({"vest"}) [3mresult[0m[2m=[0mOk(Null)
[2m2026-08-18T01:31:29.275386Z[0m [32m INFO[0m [2mrmudos::vm[0m[2m:[0m load_object start [3mpath[0m[2m=[0m/({"torso"})
[2m2026-08-18T01:31:29.275390Z[0m [32m INFO[0m [2mrmudos::compiler[0m[2m:[0m compile start [3mpath[0m[2m=[0m/({"torso"}) [3mfile[0m[2m=[0mmudlib/({"torso"}).c
[2m2026-08-18T01:31:29.275394Z[0m [33m WARN[0m [2mrmudos::vm[0m[2m:[0m load_object compile failed [3mpath[0m[2m=[0m/({"torso"}) [3merror[0m[2m=[0mfailed to read LPC object mudlib/({"torso"}).c: No such file or directory (os error 2)
[2m2026-08-18T01:31:29.275396Z[0m [32m INFO[0m [2mrmudos::vm[0m[2m:[0m load_object trying master compile_object [3mpath[0m[2m=[0m/({"torso"})
[2m2026-08-18T01:31:29.275407Z[0m [32m INFO[0m [2mrmudos::efun::mudos_extra[0m[2m:[0m file_size start [3mpath[0m[2m=[0m"({\"torso\"})"
[2m2026-08-18T01:31:29.275589Z[0m [32m INFO[0m [2mrmudos::efun::mudos_extra[0m[2m:[0m file_size done [3mpath[0m[2m=[0m"({\"torso\"})" [3msize[0m[2m=[0m-1 [3melapsed_ms[0m[2m=[0m0
[2m2026-08-18T01:31:29.275595Z[0m [32m INFO[0m [2mrmudos::efun::mudos_extra[0m[2m:[0m file_size start [3mpath[0m[2m=[0m"0.c"
[2m2026-08-18T01:31:29.275759Z[0m [32m INFO[0m [2mrmudos::efun::mudos_extra[0m[2m:[0m file_size done [3mpath[0m[2m=[0m"0.c" [3msize[0m[2m=[0m-1 [3melapsed_ms[0m[2m=[0m0
[2m2026-08-18T01:31:29.275769Z[0m [33m WARN[0m [2mrmudos::vm[0m[2m:[0m load_object compile_object did not return an object [3mpath[0m[2m=[0m/({"torso"}) [3mresult[0m[2m=[0mOk(Null)
[2m2026-08-18T01:31:29.281530Z[0m [32m INFO[0m [2mrmudos::vm[0m[2m:[0m load_object start [3mpath[0m[2m=[0m/({"boots"})
[2m2026-08-18T01:31:29.281536Z[0m [32m INFO[0m [2mrmudos::compiler[0m[2m:[0m compile start [3mpath[0m[2m=[0m/({"boots"}) [3mfile[0m[2m=[0mmudlib/({"boots"}).c
[2m2026-08-18T01:31:29.281541Z[0m [33m WARN[0m [2mrmudos::vm[0m[2m:[0m load_object compile failed [3mpath[0m[2m=[0m/({"boots"}) [3merror[0m[2m=[0mfailed to read LPC object mudlib/({"boots"}).c: No such file or directory (os error 2)
[2m2026-08-18T01:31:29.281542Z[0m [32m INFO[0m [2mrmudos::vm[0m[2m:[0m load_object trying master compile_object [3mpath[0m[2m=[0m/({"boots"})
[2m2026-08-18T01:31:29.281552Z[0m [32m INFO[0m [2mrmudos::efun::mudos_extra[0m[2m:[0m file_size start [3mpath[0m[2m=[0m"({\"boots\"})"
[2m2026-08-18T01:31:29.281887Z[0m [32m INFO[0m [2mrmudos::efun::mudos_extra[0m[2m:[0m file_size done [3mpath[0m[2m=[0m"({\"boots\"})" [3msize[0m[2m=[0m-1 [3melapsed_ms[0m[2m=[0m0
[2m2026-08-18T01:31:29.281902Z[0m [32m INFO[0m [2mrmudos::efun::mudos_extra[0m[2m:[0m file_size start [3mpath[0m[2m=[0m"0.c"
[2m2026-08-18T01:31:29.282154Z[0m [32m INFO[0m [2mrmudos::efun::mudos_extra[0m[2m:[0m file_size done [3mpath[0m[2m=[0m"0.c" [3msize[0m[2m=[0m-1 [3melapsed_ms[0m[2m=[0m0
[2m2026-08-18T01:31:29.282167Z[0m [33m WARN[0m [2mrmudos::vm[0m[2m:[0m load_object compile_object did not return an object [3mpath[0m[2m=[0m/({"boots"}) [3mresult[0m[2m=[0mOk(Null)
[2m2026-08-18T01:31:29.282898Z[0m [32m INFO[0m [2mrmudos::vm[0m[2m:[0m load_object start [3mpath[0m[2m=[0m/({"left foot","right foot"})
[2m2026-08-18T01:31:29.282908Z[0m [32m INFO[0m [2mrmudos::compiler[0m[2m:[0m compile start [3mpath[0m[2m=[0m/({"left foot","right foot"}) [3mfile[0m[2m=[0mmudlib/({"left foot","right foot"}).c
[2m2026-08-18T01:31:29.282917Z[0m [33m WARN[0m [2mrmudos::vm[0m[2m:[0m load_object compile failed [3mpath[0m[2m=[0m/({"left foot","right foot"}) [3merror[0m[2m=[0mfailed to read LPC object mudlib/({"left foot","right foot"}).c: No such file or directory (os error 2)
[2m2026-08-18T01:31:29.282919Z[0m [32m INFO[0m [2mrmudos::vm[0m[2m:[0m load_object trying master compile_object [3mpath[0m[2m=[0m/({"left foot","right foot"})
[2m2026-08-18T01:31:29.282932Z[0m [32m INFO[0m [2mrmudos::efun::mudos_extra[0m[2m:[0m file_size start [3mpath[0m[2m=[0m"({\"left foot\",\"right foot\"})"
[2m2026-08-18T01:31:29.283111Z[0m [32m INFO[0m [2mrmudos::efun::mudos_extra[0m[2m:[0m file_size done [3mpath[0m[2m=[0m"({\"left foot\",\"right foot\"})" [3msize[0m[2m=[0m-1 [3melapsed_ms[0m[2m=[0m0
[2m2026-08-18T01:31:29.283117Z[0m [32m INFO[0m [2mrmudos::efun::mudos_extra[0m[2m:[0m file_size start [3mpath[0m[2m=[0m"0.c"
[2m2026-08-18T01:31:29.283339Z[0m [32m INFO[0m [2mrmudos::efun::mudos_extra[0m[2m:[0m file_size done [3mpath[0m[2m=[0m"0.c" [3msize[0m[2m=[0m-1 [3melapsed_ms[0m[2m=[0m0
[2m2026-08-18T01:31:29.283355Z[0m [33m WARN[0m [2mrmudos::vm[0m[2m:[0m load_object compile_object did not return an object [3mpath[0m[2m=[0m/({"left foot","right foot"}) [3mresult[0m[2m=[0mOk(Null)
[2m2026-08-18T01:31:29.289675Z[0m [32m INFO[0m [2mrmudos::vm[0m[2m:[0m load_object start [3mpath[0m[2m=[0m/({"boots"})
[2m2026-08-18T01:31:29.289686Z[0m [32m INFO[0m [2mrmudos::compiler[0m[2m:[0m compile start [3mpath[0m[2m=[0m/({"boots"}) [3mfile[0m[2m=[0mmudlib/({"boots"}).c
[2m2026-08-18T01:31:29.289694Z[0m [33m WARN[0m [2mrmudos::vm[0m[2m:[0m load_object compile failed [3mpath[0m[2m=[0m/({"boots"}) [3merror[0m[2m=[0mfailed to read LPC object mudlib/({"boots"}).c: No such file or directory (os error 2)
[2m2026-08-18T01:31:29.289697Z[0m [32m INFO[0m [2mrmudos::vm[0m[2m:[0m load_object trying master compile_object [3mpath[0m[2m=[0m/({"boots"})
[2m2026-08-18T01:31:29.289707Z[0m [32m INFO[0m [2mrmudos::efun::mudos_extra[0m[2m:[0m file_size start [3mpath[0m[2m=[0m"({\"boots\"})"
[2m2026-08-18T01:31:29.289873Z[0m [32m INFO[0m [2mrmudos::efun::mudos_extra[0m[2m:[0m file_size done [3mpath[0m[2m=[0m"({\"boots\"})" [3msize[0m[2m=[0m-1 [3melapsed_ms[0m[2m=[0m0
[2m2026-08-18T01:31:29.289878Z[0m [32m INFO[0m [2mrmudos::efun::mudos_extra[0m[2m:[0m file_size start [3mpath[0m[2m=[0m"0.c"
[2m2026-08-18T01:31:29.290046Z[0m [32m INFO[0m [2mrmudos::efun::mudos_extra[0m[2m:[0m file_size done [3mpath[0m[2m=[0m"0.c" [3msize[0m[2m=[0m-1 [3melapsed_ms[0m[2m=[0m0
[2m2026-08-18T01:31:29.290057Z[0m [33m WARN[0m [2mrmudos::vm[0m[2m:[0m load_object compile_object did not return an object [3mpath[0m[2m=[0m/({"boots"}) [3mresult[0m[2m=[0mOk(Null)
[2m2026-08-18T01:31:29.290695Z[0m [32m INFO[0m [2mrmudos::vm[0m[2m:[0m load_object start [3mpath[0m[2m=[0m/({"left foot","right foot"})
[2m2026-08-18T01:31:29.290703Z[0m [32m INFO[0m [2mrmudos::compiler[0m[2m:[0m compile start [3mpath[0m[2m=[0m/({"left foot","right foot"}) [3mfile[0m[2m=[0mmudlib/({"left foot","right foot"}).c
[2m2026-08-18T01:31:29.290706Z[0m [33m WARN[0m [2mrmudos::vm[0m[2m:[0m load_object compile failed [3mpath[0m[2m=[0m/({"left foot","right foot"}) [3merror[0m[2m=[0mfailed to read LPC object mudlib/({"left foot","right foot"}).c: No such file or directory (os error 2)
[2m2026-08-18T01:31:29.290708Z[0m [32m INFO[0m [2mrmudos::vm[0m[2m:[0m load_object trying master compile_object [3mpath[0m[2m=[0m/({"left foot","right foot"})
[2m2026-08-18T01:31:29.290719Z[0m [32m INFO[0m [2mrmudos::efun::mudos_extra[0m[2m:[0m file_size start [3mpath[0m[2m=[0m"({\"left foot\",\"right foot\"})"
[2m2026-08-18T01:31:29.290886Z[0m [32m INFO[0m [2mrmudos::efun::mudos_extra[0m[2m:[0m file_size done [3mpath[0m[2m=[0m"({\"left foot\",\"right foot\"})" [3msize[0m[2m=[0m-1 [3melapsed_ms[0m[2m=[0m0
[2m2026-08-18T01:31:29.290895Z[0m [32m INFO[0m [2mrmudos::efun::mudos_extra[0m[2m:[0m file_size start [3mpath[0m[2m=[0m"0.c"
[2m2026-08-18T01:31:29.291061Z[0m [32m INFO[0m [2mrmudos::efun::mudos_extra[0m[2m:[0m file_size done [3mpath[0m[2m=[0m"0.c" [3msize[0m[2m=[0m-1 [3melapsed_ms[0m[2m=[0m0
[2m2026-08-18T01:31:29.291070Z[0m [33m WARN[0m [2mrmudos::vm[0m[2m:[0m load_object compile_object did not return an object [3mpath[0m[2m=[0m/({"left foot","right foot"}) [3mresult[0m[2m=[0mOk(Null)
[2m2026-08-18T01:31:29.296746Z[0m [32m INFO[0m [2mrmudos::vm[0m[2m:[0m load_object start [3mpath[0m[2m=[0m/({"helmet","helm", "great helm"})
[2m2026-08-18T01:31:29.296750Z[0m [32m INFO[0m [2mrmudos::compiler[0m[2m:[0m compile start [3mpath[0m[2m=[0m/({"helmet","helm", "great helm"}) [3mfile[0m[2m=[0mmudlib/({"helmet","helm", "great helm"}).c
[2m2026-08-18T01:31:29.296754Z[0m [33m WARN[0m [2mrmudos::vm[0m[2m:[0m load_object compile failed [3mpath[0m[2m=[0m/({"helmet","helm", "great helm"}) [3merror[0m[2m=[0mfailed to read LPC object mudlib/({"helmet","helm", "great helm"}).c: No such file or directory (os error 2)
[2m2026-08-18T01:31:29.296756Z[0m [32m INFO[0m [2mrmudos::vm[0m[2m:[0m load_object trying master compile_object [3mpath[0m[2m=[0m/({"helmet","helm", "great helm"})
[2m2026-08-18T01:31:29.296766Z[0m [32m INFO[0m [2mrmudos::efun::mudos_extra[0m[2m:[0m file_size start [3mpath[0m[2m=[0m"({\"helmet\",\"helm\", \"great helm\"})"
[2m2026-08-18T01:31:29.296936Z[0m [32m INFO[0m [2mrmudos::efun::mudos_extra[0m[2m:[0m file_size done [3mpath[0m[2m=[0m"({\"helmet\",\"helm\", \"great helm\"})" [3msize[0m[2m=[0m-1 [3melapsed_ms[0m[2m=[0m0
[2m2026-08-18T01:31:29.296942Z[0m [32m INFO[0m [2mrmudos::efun::mudos_extra[0m[2m:[0m file_size start [3mpath[0m[2m=[0m"0.c"
[2m2026-08-18T01:31:29.297103Z[0m [32m INFO[0m [2mrmudos::efun::mudos_extra[0m[2m:[0m file_size done [3mpath[0m[2m=[0m"0.c" [3msize[0m[2m=[0m-1 [3melapsed_ms[0m[2m=[0m0
[2m2026-08-18T01:31:29.297114Z[0m [33m WARN[0m [2mrmudos::vm[0m[2m:[0m load_object compile_object did not return an object [3mpath[0m[2m=[0m/({"helmet","helm", "great helm"}) [3mresult[0m[2m=[0mOk(Null)
[2m2026-08-18T01:31:29.297787Z[0m [32m INFO[0m [2mrmudos::vm[0m[2m:[0m load_object start [3mpath[0m[2m=[0m/({"head"})
[2m2026-08-18T01:31:29.297792Z[0m [32m INFO[0m [2mrmudos::compiler[0m[2m:[0m compile start [3mpath[0m[2m=[0m/({"head"}) [3mfile[0m[2m=[0mmudlib/({"head"}).c
[2m2026-08-18T01:31:29.297796Z[0m [33m WARN[0m [2mrmudos::vm[0m[2m:[0m load_object compile failed [3mpath[0m[2m=[0m/({"head"}) [3merror[0m[2m=[0mfailed to read LPC object mudlib/({"head"}).c: No such file or directory (os error 2)
[2m2026-08-18T01:31:29.297798Z[0m [32m INFO[0m [2mrmudos::vm[0m[2m:[0m load_object trying master compile_object [3mpath[0m[2m=[0m/({"head"})
[2m2026-08-18T01:31:29.297810Z[0m [32m INFO[0m [2mrmudos::efun::mudos_extra[0m[2m:[0m file_size start [3mpath[0m[2m=[0m"({\"head\"})"
[2m2026-08-18T01:31:29.297999Z[0m [32m INFO[0m [2mrmudos::efun::mudos_extra[0m[2m:[0m file_size done [3mpath[0m[2m=[0m"({\"head\"})" [3msize[0m[2m=[0m-1 [3melapsed_ms[0m[2m=[0m0
[2m2026-08-18T01:31:29.298004Z[0m [32m INFO[0m [2mrmudos::efun::mudos_extra[0m[2m:[0m file_size start [3mpath[0m[2m=[0m"0.c"
[2m2026-08-18T01:31:29.298169Z[0m [32m INFO[0m [2mrmudos::efun::mudos_extra[0m[2m:[0m file_size done [3mpath[0m[2m=[0m"0.c" [3msize[0m[2m=[0m-1 [3melapsed_ms[0m[2m=[0m0
[2m2026-08-18T01:31:29.298179Z[0m [33m WARN[0m [2mrmudos::vm[0m[2m:[0m load_object compile_object did not return an object [3mpath[0m[2m=[0m/({"head"}) [3mresult[0m[2m=[0mOk(Null)
[2m2026-08-18T01:31:29.303413Z[0m [32m INFO[0m [2mrmudos::vm[0m[2m:[0m load_object start [3mpath[0m[2m=[0m/({"cloak"})
[2m2026-08-18T01:31:29.303418Z[0m [32m INFO[0m [2mrmudos::compiler[0m[2m:[0m compile start [3mpath[0m[2m=[0m/({"cloak"}) [3mfile[0m[2m=[0mmudlib/({"cloak"}).c
[2m2026-08-18T01:31:29.303423Z[0m [33m WARN[0m [2mrmudos::vm[0m[2m:[0m load_object compile failed [3mpath[0m[2m=[0m/({"cloak"}) [3merror[0m[2m=[0mfailed to read LPC object mudlib/({"cloak"}).c: No such file or directory (os error 2)
[2m2026-08-18T01:31:29.303425Z[0m [32m INFO[0m [2mrmudos::vm[0m[2m:[0m load_object trying master compile_object [3mpath[0m[2m=[0m/({"cloak"})
[2m2026-08-18T01:31:29.303436Z[0m [32m INFO[0m [2mrmudos::efun::mudos_extra[0m[2m:[0m file_size start [3mpath[0m[2m=[0m"({\"cloak\"})"
[2m2026-08-18T01:31:29.303648Z[0m [32m INFO[0m [2mrmudos::efun::mudos_extra[0m[2m:[0m file_size done [3mpath[0m[2m=[0m"({\"cloak\"})" [3msize[0m[2m=[0m-1 [3melapsed_ms[0m[2m=[0m0
[2m2026-08-18T01:31:29.303658Z[0m [32m INFO[0m [2mrmudos::efun::mudos_extra[0m[2m:[0m file_size start [3mpath[0m[2m=[0m"0.c"
[2m2026-08-18T01:31:29.303857Z[0m [32m INFO[0m [2mrmudos::efun::mudos_extra[0m[2m:[0m file_size done [3mpath[0m[2m=[0m"0.c" [3msize[0m[2m=[0m-1 [3melapsed_ms[0m[2m=[0m0
[2m2026-08-18T01:31:29.303873Z[0m [33m WARN[0m [2mrmudos::vm[0m[2m:[0m load_object compile_object did not return an object [3mpath[0m[2m=[0m/({"cloak"}) [3mresult[0m[2m=[0mOk(Null)
[2m2026-08-18T01:31:29.304530Z[0m [32m INFO[0m [2mrmudos::vm[0m[2m:[0m load_object start [3mpath[0m[2m=[0m/({"torso"})
[2m2026-08-18T01:31:29.304535Z[0m [32m INFO[0m [2mrmudos::compiler[0m[2m:[0m compile start [3mpath[0m[2m=[0m/({"torso"}) [3mfile[0m[2m=[0mmudlib/({"torso"}).c
[2m2026-08-18T01:31:29.304541Z[0m [33m WARN[0m [2mrmudos::vm[0m[2m:[0m load_object compile failed [3mpath[0m[2m=[0m/({"torso"}) [3merror[0m[2m=[0mfailed to read LPC object mudlib/({"torso"}).c: No such file or directory (os error 2)
[2m2026-08-18T01:31:29.304543Z[0m [32m INFO[0m [2mrmudos::vm[0m[2m:[0m load_object trying master compile_object [3mpath[0m[2m=[0m/({"torso"})
[2m2026-08-18T01:31:29.304554Z[0m [32m INFO[0m [2mrmudos::efun::mudos_extra[0m[2m:[0m file_size start [3mpath[0m[2m=[0m"({\"torso\"})"
[2m2026-08-18T01:31:29.305000Z[0m [32m INFO[0m [2mrmudos::efun::mudos_extra[0m[2m:[0m file_size done [3mpath[0m[2m=[0m"({\"torso\"})" [3msize[0m[2m=[0m-1 [3melapsed_ms[0m[2m=[0m0
[2m2026-08-18T01:31:29.305010Z[0m [32m INFO[0m [2mrmudos::efun::mudos_extra[0m[2m:[0m file_size start [3mpath[0m[2m=[0m"0.c"
[2m2026-08-18T01:31:29.305237Z[0m [32m INFO[0m [2mrmudos::efun::mudos_extra[0m[2m:[0m file_size done [3mpath[0m[2m=[0m"0.c" [3msize[0m[2m=[0m-1 [3melapsed_ms[0m[2m=[0m0
[2m2026-08-18T01:31:29.305251Z[0m [33m WARN[0m [2mrmudos::vm[0m[2m:[0m load_object compile_object did not return an object [3mpath[0m[2m=[0m/({"torso"}) [3mresult[0m[2m=[0mOk(Null)
[2m2026-08-18T01:31:29.307150Z[0m [32m INFO[0m [2mrmudos::vm[0m[2m:[0m load_object start [3mpath[0m[2m=[0m/({ "pants", "cloth pants" })
[2m2026-08-18T01:31:29.307160Z[0m [32m INFO[0m [2mrmudos::compiler[0m[2m:[0m compile start [3mpath[0m[2m=[0m/({ "pants", "cloth pants" }) [3mfile[0m[2m=[0mmudlib/({ "pants", "cloth pants" }).c
[2m2026-08-18T01:31:29.307170Z[0m [33m WARN[0m [2mrmudos::vm[0m[2m:[0m load_object compile failed [3mpath[0m[2m=[0m/({ "pants", "cloth pants" }) [3merror[0m[2m=[0mfailed to read LPC object mudlib/({ "pants", "cloth pants" }).c: No such file or directory (os error 2)
[2m2026-08-18T01:31:29.307173Z[0m [32m INFO[0m [2mrmudos::vm[0m[2m:[0m load_object trying master compile_object [3mpath[0m[2m=[0m/({ "pants", "cloth pants" })
[2m2026-08-18T01:31:29.307184Z[0m [32m INFO[0m [2mrmudos::efun::mudos_extra[0m[2m:[0m file_size start [3mpath[0m[2m=[0m"({ \"pants\", \"cloth pants\" })"
[2m2026-08-18T01:31:29.307413Z[0m [32m INFO[0m [2mrmudos::efun::mudos_extra[0m[2m:[0m file_size done [3mpath[0m[2m=[0m"({ \"pants\", \"cloth pants\" })" [3msize[0m[2m=[0m-1 [3melapsed_ms[0m[2m=[0m0
[2m2026-08-18T01:31:29.307420Z[0m [32m INFO[0m [2mrmudos::efun::mudos_extra[0m[2m:[0m file_size start [3mpath[0m[2m=[0m"0.c"
[2m2026-08-18T01:31:29.307637Z[0m [32m INFO[0m [2mrmudos::efun::mudos_extra[0m[2m:[0m file_size done [3mpath[0m[2m=[0m"0.c" [3msize[0m[2m=[0m-1 [3melapsed_ms[0m[2m=[0m0
[2m2026-08-18T01:31:29.307656Z[0m [33m WARN[0m [2mrmudos::vm[0m[2m:[0m load_object compile_object did not return an object [3mpath[0m[2m=[0m/({ "pants", "cloth pants" }) [3mresult[0m[2m=[0mOk(Null)
[2m2026-08-18T01:31:29.308563Z[0m [32m INFO[0m [2mrmudos::vm[0m[2m:[0m load_object start [3mpath[0m[2m=[0m/({ "right leg", "left leg" })
[2m2026-08-18T01:31:29.308575Z[0m [32m INFO[0m [2mrmudos::compiler[0m[2m:[0m compile start [3mpath[0m[2m=[0m/({ "right leg", "left leg" }) [3mfile[0m[2m=[0mmudlib/({ "right leg", "left leg" }).c
[2m2026-08-18T01:31:29.308582Z[0m [33m WARN[0m [2mrmudos::vm[0m[2m:[0m load_object compile failed [3mpath[0m[2m=[0m/({ "right leg", "left leg" }) [3merror[0m[2m=[0mfailed to read LPC object mudlib/({ "right leg", "left leg" }).c: No such file or directory (os error 2)
[2m2026-08-18T01:31:29.308585Z[0m [32m INFO[0m [2mrmudos::vm[0m[2m:[0m load_object trying master compile_object [3mpath[0m[2m=[0m/({ "right leg", "left leg" })
[2m2026-08-18T01:31:29.308598Z[0m [32m INFO[0m [2mrmudos::efun::mudos_extra[0m[2m:[0m file_size start [3mpath[0m[2m=[0m"({ \"right leg\", \"left leg\" })"
[2m2026-08-18T01:31:29.308780Z[0m [32m INFO[0m [2mrmudos::efun::mudos_extra[0m[2m:[0m file_size done [3mpath[0m[2m=[0m"({ \"right leg\", \"left leg\" })" [3msize[0m[2m=[0m-1 [3melapsed_ms[0m[2m=[0m0
[2m2026-08-18T01:31:29.308786Z[0m [32m INFO[0m [2mrmudos::efun::mudos_extra[0m[2m:[0m file_size start [3mpath[0m[2m=[0m"0.c"
[2m2026-08-18T01:31:29.308986Z[0m [32m INFO[0m [2mrmudos::efun::mudos_extra[0m[2m:[0m file_size done [3mpath[0m[2m=[0m"0.c" [3msize[0m[2m=[0m-1 [3melapsed_ms[0m[2m=[0m0
[2m2026-08-18T01:31:29.309003Z[0m [33m WARN[0m [2mrmudos::vm[0m[2m:[0m load_object compile_object did not return an object [3mpath[0m[2m=[0m/({ "right leg", "left leg" }) [3mresult[0m[2m=[0mOk(Null)
[2m2026-08-18T01:31:29.310903Z[0m [32m INFO[0m [2mrmudos::vm[0m[2m:[0m load_object start [3mpath[0m[2m=[0m/({"wall shield", "shield" })
[2m2026-08-18T01:31:29.310916Z[0m [32m INFO[0m [2mrmudos::compiler[0m[2m:[0m compile start [3mpath[0m[2m=[0m/({"wall shield", "shield" }) [3mfile[0m[2m=[0mmudlib/({"wall shield", "shield" }).c
[2m2026-08-18T01:31:29.310924Z[0m [33m WARN[0m [2mrmudos::vm[0m[2m:[0m load_object compile failed [3mpath[0m[2m=[0m/({"wall shield", "shield" }) [3merror[0m[2m=[0mfailed to read LPC object mudlib/({"wall shield", "shield" }).c: No such file or directory (os error 2)
[2m2026-08-18T01:31:29.310927Z[0m [32m INFO[0m [2mrmudos::vm[0m[2m:[0m load_object trying master compile_object [3mpath[0m[2m=[0m/({"wall shield", "shield" })
[2m2026-08-18T01:31:29.310941Z[0m [32m INFO[0m [2mrmudos::efun::mudos_extra[0m[2m:[0m file_size start [3mpath[0m[2m=[0m"({\"wall shield\", \"shield\" })"
[2m2026-08-18T01:31:29.311115Z[0m [32m INFO[0m [2mrmudos::efun::mudos_extra[0m[2m:[0m file_size done [3mpath[0m[2m=[0m"({\"wall shield\", \"shield\" })" [3msize[0m[2m=[0m-1 [3melapsed_ms[0m[2m=[0m0
[2m2026-08-18T01:31:29.311121Z[0m [32m INFO[0m [2mrmudos::efun::mudos_extra[0m[2m:[0m file_size start [3mpath[0m[2m=[0m"0.c"
[2m2026-08-18T01:31:29.311284Z[0m [32m INFO[0m [2mrmudos::efun::mudos_extra[0m[2m:[0m file_size done [3mpath[0m[2m=[0m"0.c" [3msize[0m[2m=[0m-1 [3melapsed_ms[0m[2m=[0m0
[2m2026-08-18T01:31:29.311295Z[0m [33m WARN[0m [2mrmudos::vm[0m[2m:[0m load_object compile_object did not return an object [3mpath[0m[2m=[0m/({"wall shield", "shield" }) [3mresult[0m[2m=[0mOk(Null)
[2m2026-08-18T01:31:29.311990Z[0m [32m INFO[0m [2mrmudos::vm[0m[2m:[0m load_object start [3mpath[0m[2m=[0m/({ ({"right hand", "left hand", "first branch", "second branch", "third branch", "fourth branch"}) })
[2m2026-08-18T01:31:29.311994Z[0m [32m INFO[0m [2mrmudos::compiler[0m[2m:[0m compile start [3mpath[0m[2m=[0m/({ ({"right hand", "left hand", "first branch", "second branch", "third branch", "fourth branch"}) }) [3mfile[0m[2m=[0mmudlib/({ ({"right hand", "left hand", "first branch", "second branch", "third branch", "fourth branch"}) }).c
[2m2026-08-18T01:31:29.311998Z[0m [33m WARN[0m [2mrmudos::vm[0m[2m:[0m load_object compile failed [3mpath[0m[2m=[0m/({ ({"right hand", "left hand", "first branch", "second branch", "third branch", "fourth branch"}) }) [3merror[0m[2m=[0mfailed to read LPC object mudlib/({ ({"right hand", "left hand", "first branch", "second branch", "third branch", "fourth branch"}) }).c: No such file or directory (os error 2)
[2m2026-08-18T01:31:29.312000Z[0m [32m INFO[0m [2mrmudos::vm[0m[2m:[0m load_object trying master compile_object [3mpath[0m[2m=[0m/({ ({"right hand", "left hand", "first branch", "second branch", "third branch", "fourth branch"}) })
[2m2026-08-18T01:31:29.312011Z[0m [32m INFO[0m [2mrmudos::efun::mudos_extra[0m[2m:[0m file_size start [3mpath[0m[2m=[0m"({ ({\"right hand\", \"left hand\", \"first branch\", \"second branch\", \"third branch\", \"fourth branch\"}) })"
[2m2026-08-18T01:31:29.312183Z[0m [32m INFO[0m [2mrmudos::efun::mudos_extra[0m[2m:[0m file_size done [3mpath[0m[2m=[0m"({ ({\"right hand\", \"left hand\", \"first branch\", \"second branch\", \"third branch\", \"fourth branch\"}) })" [3msize[0m[2m=[0m-1 [3melapsed_ms[0m[2m=[0m0
[2m2026-08-18T01:31:29.312187Z[0m [32m INFO[0m [2mrmudos::efun::mudos_extra[0m[2m:[0m file_size start [3mpath[0m[2m=[0m"0.c"
[2m2026-08-18T01:31:29.312351Z[0m [32m INFO[0m [2mrmudos::efun::mudos_extra[0m[2m:[0m file_size done [3mpath[0m[2m=[0m"0.c" [3msize[0m[2m=[0m-1 [3melapsed_ms[0m[2m=[0m0
[2m2026-08-18T01:31:29.312362Z[0m [33m WARN[0m [2mrmudos::vm[0m[2m:[0m load_object compile_object did not return an object [3mpath[0m[2m=[0m/({ ({"right hand", "left hand", "first branch", "second branch", "third branch", "fourth branch"}) }) [3mresult[0m[2m=[0mOk(Null)
[2m2026-08-18T01:31:29.312476Z[0m [32m INFO[0m [2mrmudos::vm[0m[2m:[0m load_object start [3mpath[0m[2m=[0m/({"right hand",  "left hand",  "first branch",  "second branch",  "third branch",  "fourth branch"})
[2m2026-08-18T01:31:29.312480Z[0m [32m INFO[0m [2mrmudos::compiler[0m[2m:[0m compile start [3mpath[0m[2m=[0m/({"right hand",  "left hand",  "first branch",  "second branch",  "third branch",  "fourth branch"}) [3mfile[0m[2m=[0mmudlib/({"right hand",  "left hand",  "first branch",  "second branch",  "third branch",  "fourth branch"}).c
[2m2026-08-18T01:31:29.312484Z[0m [33m WARN[0m [2mrmudos::vm[0m[2m:[0m load_object compile failed [3mpath[0m[2m=[0m/({"right hand",  "left hand",  "first branch",  "second branch",  "third branch",  "fourth branch"}) [3merror[0m[2m=[0mfailed to read LPC object mudlib/({"right hand",  "left hand",  "first branch",  "second branch",  "third branch",  "fourth branch"}).c: No such file or directory (os error 2)
[2m2026-08-18T01:31:29.312486Z[0m [32m INFO[0m [2mrmudos::vm[0m[2m:[0m load_object trying master compile_object [3mpath[0m[2m=[0m/({"right hand",  "left hand",  "first branch",  "second branch",  "third branch",  "fourth branch"})
[2m2026-08-18T01:31:29.312496Z[0m [32m INFO[0m [2mrmudos::efun::mudos_extra[0m[2m:[0m file_size start [3mpath[0m[2m=[0m"({\"right hand\",  \"left hand\",  \"first branch\",  \"second branch\",  \"third branch\",  \"fourth branch\"})"
[2m2026-08-18T01:31:29.312680Z[0m [32m INFO[0m [2mrmudos::efun::mudos_extra[0m[2m:[0m file_size done [3mpath[0m[2m=[0m"({\"right hand\",  \"left hand\",  \"first branch\",  \"second branch\",  \"third branch\",  \"fourth branch\"})" [3msize[0m[2m=[0m-1 [3melapsed_ms[0m[2m=[0m0
[2m2026-08-18T01:31:29.312685Z[0m [32m INFO[0m [2mrmudos::efun::mudos_extra[0m[2m:[0m file_size start [3mpath[0m[2m=[0m"0.c"
[2m2026-08-18T01:31:29.312847Z[0m [32m INFO[0m [2mrmudos::efun::mudos_extra[0m[2m:[0m file_size done [3mpath[0m[2m=[0m"0.c" [3msize[0m[2m=[0m-1 [3melapsed_ms[0m[2m=[0m0
[2m2026-08-18T01:31:29.312857Z[0m [33m WARN[0m [2mrmudos::vm[0m[2m:[0m load_object compile_object did not return an object [3mpath[0m[2m=[0m/({"right hand",  "left hand",  "first branch",  "second branch",  "third branch",  "fourth branch"}) [3mresult[0m[2m=[0mOk(Null)
[2m2026-08-18T01:31:29.318322Z[0m [32m INFO[0m [2mrmudos::vm[0m[2m:[0m load_object start [3mpath[0m[2m=[0m/({"tower shield", "shield" })
[2m2026-08-18T01:31:29.318335Z[0m [32m INFO[0m [2mrmudos::compiler[0m[2m:[0m compile start [3mpath[0m[2m=[0m/({"tower shield", "shield" }) [3mfile[0m[2m=[0mmudlib/({"tower shield", "shield" }).c
[2m2026-08-18T01:31:29.318348Z[0m [33m WARN[0m [2mrmudos::vm[0m[2m:[0m load_object compile failed [3mpath[0m[2m=[0m/({"tower shield", "shield" }) [3merror[0m[2m=[0mfailed to read LPC object mudlib/({"tower shield", "shield" }).c: No such file or directory (os error 2)
[2m2026-08-18T01:31:29.318351Z[0m [32m INFO[0m [2mrmudos::vm[0m[2m:[0m load_object trying master compile_object [3mpath[0m[2m=[0m/({"tower shield", "shield" })
[2m2026-08-18T01:31:29.318364Z[0m [32m INFO[0m [2mrmudos::efun::mudos_extra[0m[2m:[0m file_size start [3mpath[0m[2m=[0m"({\"tower shield\", \"shield\" })"
[2m2026-08-18T01:31:29.318575Z[0m [32m INFO[0m [2mrmudos::efun::mudos_extra[0m[2m:[0m file_size done [3mpath[0m[2m=[0m"({\"tower shield\", \"shield\" })" [3msize[0m[2m=[0m-1 [3melapsed_ms[0m[2m=[0m0
[2m2026-08-18T01:31:29.318586Z[0m [32m INFO[0m [2mrmudos::efun::mudos_extra[0m[2m:[0m file_size start [3mpath[0m[2m=[0m"0.c"
[2m2026-08-18T01:31:29.318755Z[0m [32m INFO[0m [2mrmudos::efun::mudos_extra[0m[2m:[0m file_size done [3mpath[0m[2m=[0m"0.c" [3msize[0m[2m=[0m-1 [3melapsed_ms[0m[2m=[0m0
[2m2026-08-18T01:31:29.318770Z[0m [33m WARN[0m [2mrmudos::vm[0m[2m:[0m load_object compile_object did not return an object [3mpath[0m[2m=[0m/({"tower shield", "shield" }) [3mresult[0m[2m=[0mOk(Null)
[2m2026-08-18T01:31:29.319421Z[0m [32m INFO[0m [2mrmudos::vm[0m[2m:[0m load_object start [3mpath[0m[2m=[0m/({ ({"right hand", "left hand", "first branch", "second branch", "third branch", "fourth branch"}) })
[2m2026-08-18T01:31:29.319427Z[0m [32m INFO[0m [2mrmudos::compiler[0m[2m:[0m compile start [3mpath[0m[2m=[0m/({ ({"right hand", "left hand", "first branch", "second branch", "third branch", "fourth branch"}) }) [3mfile[0m[2m=[0mmudlib/({ ({"right hand", "left hand", "first branch", "second branch", "third branch", "fourth branch"}) }).c
[2m2026-08-18T01:31:29.319431Z[0m [33m WARN[0m [2mrmudos::vm[0m[2m:[0m load_object compile failed [3mpath[0m[2m=[0m/({ ({"right hand", "left hand", "first branch", "second branch", "third branch", "fourth branch"}) }) [3merror[0m[2m=[0mfailed to read LPC object mudlib/({ ({"right hand", "left hand", "first branch", "second branch", "third branch", "fourth branch"}) }).c: No such file or directory (os error 2)
[2m2026-08-18T01:31:29.319433Z[0m [32m INFO[0m [2mrmudos::vm[0m[2m:[0m load_object trying master compile_object [3mpath[0m[2m=[0m/({ ({"right hand", "left hand", "first branch", "second branch", "third branch", "fourth branch"}) })
[2m2026-08-18T01:31:29.319443Z[0m [32m INFO[0m [2mrmudos::efun::mudos_extra[0m[2m:[0m file_size start [3mpath[0m[2m=[0m"({ ({\"right hand\", \"left hand\", \"first branch\", \"second branch\", \"third branch\", \"fourth branch\"}) })"
[2m2026-08-18T01:31:29.319598Z[0m [32m INFO[0m [2mrmudos::efun::mudos_extra[0m[2m:[0m file_size done [3mpath[0m[2m=[0m"({ ({\"right hand\", \"left hand\", \"first branch\", \"second branch\", \"third branch\", \"fourth branch\"}) })" [3msize[0m[2m=[0m-1 [3melapsed_ms[0m[2m=[0m0
[2m2026-08-18T01:31:29.319606Z[0m [32m INFO[0m [2mrmudos::efun::mudos_extra[0m[2m:[0m file_size start [3mpath[0m[2m=[0m"0.c"
[2m2026-08-18T01:31:29.319760Z[0m [32m INFO[0m [2mrmudos::efun::mudos_extra[0m[2m:[0m file_size done [3mpath[0m[2m=[0m"0.c" [3msize[0m[2m=[0m-1 [3melapsed_ms[0m[2m=[0m0
[2m2026-08-18T01:31:29.319770Z[0m [33m WARN[0m [2mrmudos::vm[0m[2m:[0m load_object compile_object did not return an object [3mpath[0m[2m=[0m/({ ({"right hand", "left hand", "first branch", "second branch", "third branch", "fourth branch"}) }) [3mresult[0m[2m=[0mOk(Null)
[2m2026-08-18T01:31:29.319863Z[0m [32m INFO[0m [2mrmudos::vm[0m[2m:[0m load_object start [3mpath[0m[2m=[0m/({"right hand",  "left hand",  "first branch",  "second branch",  "third branch",  "fourth branch"})
[2m2026-08-18T01:31:29.319866Z[0m [32m INFO[0m [2mrmudos::compiler[0m[2m:[0m compile start [3mpath[0m[2m=[0m/({"right hand",  "left hand",  "first branch",  "second branch",  "third branch",  "fourth branch"}) [3mfile[0m[2m=[0mmudlib/({"right hand",  "left hand",  "first branch",  "second branch",  "third branch",  "fourth branch"}).c
[2m2026-08-18T01:31:29.319869Z[0m [33m WARN[0m [2mrmudos::vm[0m[2m:[0m load_object compile failed [3mpath[0m[2m=[0m/({"right hand",  "left hand",  "first branch",  "second branch",  "third branch",  "fourth branch"}) [3merror[0m[2m=[0mfailed to read LPC object mudlib/({"right hand",  "left hand",  "first branch",  "second branch",  "third branch",  "fourth branch"}).c: No such file or directory (os error 2)
[2m2026-08-18T01:31:29.319870Z[0m [32m INFO[0m [2mrmudos::vm[0m[2m:[0m load_object trying master compile_object [3mpath[0m[2m=[0m/({"right hand",  "left hand",  "first branch",  "second branch",  "third branch",  "fourth branch"})
[2m2026-08-18T01:31:29.319881Z[0m [32m INFO[0m [2mrmudos::efun::mudos_extra[0m[2m:[0m file_size start [3mpath[0m[2m=[0m"({\"right hand\",  \"left hand\",  \"first branch\",  \"second branch\",  \"third branch\",  \"fourth branch\"})"
[2m2026-08-18T01:31:29.320091Z[0m [32m INFO[0m [2mrmudos::efun::mudos_extra[0m[2m:[0m file_size done [3mpath[0m[2m=[0m"({\"right hand\",  \"left hand\",  \"first branch\",  \"second branch\",  \"third branch\",  \"fourth branch\"})" [3msize[0m[2m=[0m-1 [3melapsed_ms[0m[2m=[0m0
[2m2026-08-18T01:31:29.320102Z[0m [32m INFO[0m [2mrmudos::efun::mudos_extra[0m[2m:[0m file_size start [3mpath[0m[2m=[0m"0.c"
[2m2026-08-18T01:31:29.320290Z[0m [32m INFO[0m [2mrmudos::efun::mudos_extra[0m[2m:[0m file_size done [3mpath[0m[2m=[0m"0.c" [3msize[0m[2m=[0m-1 [3melapsed_ms[0m[2m=[0m0
[2m2026-08-18T01:31:29.320303Z[0m [33m WARN[0m [2mrmudos::vm[0m[2m:[0m load_object compile_object did not return an object [3mpath[0m[2m=[0m/({"right hand",  "left hand",  "first branch",  "second branch",  "third branch",  "fourth branch"}) [3mresult[0m[2m=[0mOk(Null)
[2m2026-08-18T01:31:29.326413Z[0m [32m INFO[0m [2mrmudos::vm[0m[2m:[0m load_object start [3mpath[0m[2m=[0m/({"shield", "large shield"})
[2m2026-08-18T01:31:29.326432Z[0m [32m INFO[0m [2mrmudos::compiler[0m[2m:[0m compile start [3mpath[0m[2m=[0m/({"shield", "large shield"}) [3mfile[0m[2m=[0mmudlib/({"shield", "large shield"}).c
[2m2026-08-18T01:31:29.326450Z[0m [33m WARN[0m [2mrmudos::vm[0m[2m:[0m load_object compile failed [3mpath[0m[2m=[0m/({"shield", "large shield"}) [3merror[0m[2m=[0mfailed to read LPC object mudlib/({"shield", "large shield"}).c: No such file or directory (os error 2)
[2m2026-08-18T01:31:29.326455Z[0m [32m INFO[0m [2mrmudos::vm[0m[2m:[0m load_object trying master compile_object [3mpath[0m[2m=[0m/({"shield", "large shield"})
[2m2026-08-18T01:31:29.326468Z[0m [32m INFO[0m [2mrmudos::efun::mudos_extra[0m[2m:[0m file_size start [3mpath[0m[2m=[0m"({\"shield\", \"large shield\"})"
[2m2026-08-18T01:31:29.326721Z[0m [32m INFO[0m [2mrmudos::efun::mudos_extra[0m[2m:[0m file_size done [3mpath[0m[2m=[0m"({\"shield\", \"large shield\"})" [3msize[0m[2m=[0m-1 [3melapsed_ms[0m[2m=[0m0
[2m2026-08-18T01:31:29.326733Z[0m [32m INFO[0m [2mrmudos::efun::mudos_extra[0m[2m:[0m file_size start [3mpath[0m[2m=[0m"0.c"
[2m2026-08-18T01:31:29.326947Z[0m [32m INFO[0m [2mrmudos::efun::mudos_extra[0m[2m:[0m file_size done [3mpath[0m[2m=[0m"0.c" [3msize[0m[2m=[0m-1 [3melapsed_ms[0m[2m=[0m0
[2m2026-08-18T01:31:29.326966Z[0m [33m WARN[0m [2mrmudos::vm[0m[2m:[0m load_object compile_object did not return an object [3mpath[0m[2m=[0m/({"shield", "large shield"}) [3mresult[0m[2m=[0mOk(Null)
[2m2026-08-18T01:31:29.327698Z[0m [32m INFO[0m [2mrmudos::vm[0m[2m:[0m load_object start [3mpath[0m[2m=[0m/({ ({"right hand", "left hand", "first branch", "second branch", "third branch", "fourth branch"}) })
[2m2026-08-18T01:31:29.327703Z[0m [32m INFO[0m [2mrmudos::compiler[0m[2m:[0m compile start [3mpath[0m[2m=[0m/({ ({"right hand", "left hand", "first branch", "second branch", "third branch", "fourth branch"}) }) [3mfile[0m[2m=[0mmudlib/({ ({"right hand", "left hand", "first branch", "second branch", "third branch", "fourth branch"}) }).c
[2m2026-08-18T01:31:29.327709Z[0m [33m WARN[0m [2mrmudos::vm[0m[2m:[0m load_object compile failed [3mpath[0m[2m=[0m/({ ({"right hand", "left hand", "first branch", "second branch", "third branch", "fourth branch"}) }) [3merror[0m[2m=[0mfailed to read LPC object mudlib/({ ({"right hand", "left hand", "first branch", "second branch", "third branch", "fourth branch"}) }).c: No such file or directory (os error 2)
[2m2026-08-18T01:31:29.327711Z[0m [32m INFO[0m [2mrmudos::vm[0m[2m:[0m load_object trying master compile_object [3mpath[0m[2m=[0m/({ ({"right hand", "left hand", "first branch", "second branch", "third branch", "fourth branch"}) })
[2m2026-08-18T01:31:29.327723Z[0m [32m INFO[0m [2mrmudos::efun::mudos_extra[0m[2m:[0m file_size start [3mpath[0m[2m=[0m"({ ({\"right hand\", \"left hand\", \"first branch\", \"second branch\", \"third branch\", \"fourth branch\"}) })"
[2m2026-08-18T01:31:29.327941Z[0m [32m INFO[0m [2mrmudos::efun::mudos_extra[0m[2m:[0m file_size done [3mpath[0m[2m=[0m"({ ({\"right hand\", \"left hand\", \"first branch\", \"second branch\", \"third branch\", \"fourth branch\"}) })" [3msize[0m[2m=[0m-1 [3melapsed_ms[0m[2m=[0m0
[2m2026-08-18T01:31:29.327952Z[0m [32m INFO[0m [2mrmudos::efun::mudos_extra[0m[2m:[0m file_size start [3mpath[0m[2m=[0m"0.c"
[2m2026-08-18T01:31:29.328121Z[0m [32m INFO[0m [2mrmudos::efun::mudos_extra[0m[2m:[0m file_size done [3mpath[0m[2m=[0m"0.c" [3msize[0m[2m=[0m-1 [3melapsed_ms[0m[2m=[0m0
[2m2026-08-18T01:31:29.328133Z[0m [33m WARN[0m [2mrmudos::vm[0m[2m:[0m load_object compile_object did not return an object [3mpath[0m[2m=[0m/({ ({"right hand", "left hand", "first branch", "second branch", "third branch", "fourth branch"}) }) [3mresult[0m[2m=[0mOk(Null)
[2m2026-08-18T01:31:29.328235Z[0m [32m INFO[0m [2mrmudos::vm[0m[2m:[0m load_object start [3mpath[0m[2m=[0m/({"right hand",  "left hand",  "first branch",  "second branch",  "third branch",  "fourth branch"})
[2m2026-08-18T01:31:29.328239Z[0m [32m INFO[0m [2mrmudos::compiler[0m[2m:[0m compile start [3mpath[0m[2m=[0m/({"right hand",  "left hand",  "first branch",  "second branch",  "third branch",  "fourth branch"}) [3mfile[0m[2m=[0mmudlib/({"right hand",  "left hand",  "first branch",  "second branch",  "third branch",  "fourth branch"}).c
[2m2026-08-18T01:31:29.328245Z[0m [33m WARN[0m [2mrmudos::vm[0m[2m:[0m load_object compile failed [3mpath[0m[2m=[0m/({"right hand",  "left hand",  "first branch",  "second branch",  "third branch",  "fourth branch"}) [3merror[0m[2m=[0mfailed to read LPC object mudlib/({"right hand",  "left hand",  "first branch",  "second branch",  "third branch",  "fourth branch"}).c: No such file or directory (os error 2)
[2m2026-08-18T01:31:29.328248Z[0m [32m INFO[0m [2mrmudos::vm[0m[2m:[0m load_object trying master compile_object [3mpath[0m[2m=[0m/({"right hand",  "left hand",  "first branch",  "second branch",  "third branch",  "fourth branch"})
[2m2026-08-18T01:31:29.328259Z[0m [32m INFO[0m [2mrmudos::efun::mudos_extra[0m[2m:[0m file_size start [3mpath[0m[2m=[0m"({\"right hand\",  \"left hand\",  \"first branch\",  \"second branch\",  \"third branch\",  \"fourth branch\"})"
[2m2026-08-18T01:31:29.328456Z[0m [32m INFO[0m [2mrmudos::efun::mudos_extra[0m[2m:[0m file_size done [3mpath[0m[2m=[0m"({\"right hand\",  \"left hand\",  \"first branch\",  \"second branch\",  \"third branch\",  \"fourth branch\"})" [3msize[0m[2m=[0m-1 [3melapsed_ms[0m[2m=[0m0
[2m2026-08-18T01:31:29.328462Z[0m [32m INFO[0m [2mrmudos::efun::mudos_extra[0m[2m:[0m file_size start [3mpath[0m[2m=[0m"0.c"
[2m2026-08-18T01:31:29.328620Z[0m [32m INFO[0m [2mrmudos::efun::mudos_extra[0m[2m:[0m file_size done [3mpath[0m[2m=[0m"0.c" [3msize[0m[2m=[0m-1 [3melapsed_ms[0m[2m=[0m0
[2m2026-08-18T01:31:29.328629Z[0m [33m WARN[0m [2mrmudos::vm[0m[2m:[0m load_object compile_object did not return an object [3mpath[0m[2m=[0m/({"right hand",  "left hand",  "first branch",  "second branch",  "third branch",  "fourth branch"}) [3mresult[0m[2m=[0mOk(Null)
[2m2026-08-18T01:31:29.334007Z[0m [32m INFO[0m [2mrmudos::vm[0m[2m:[0m load_object start [3mpath[0m[2m=[0m/({"shield", "small shield"})
[2m2026-08-18T01:31:29.334012Z[0m [32m INFO[0m [2mrmudos::compiler[0m[2m:[0m compile start [3mpath[0m[2m=[0m/({"shield", "small shield"}) [3mfile[0m[2m=[0mmudlib/({"shield", "small shield"}).c
[2m2026-08-18T01:31:29.334017Z[0m [33m WARN[0m [2mrmudos::vm[0m[2m:[0m load_object compile failed [3mpath[0m[2m=[0m/({"shield", "small shield"}) [3merror[0m[2m=[0mfailed to read LPC object mudlib/({"shield", "small shield"}).c: No such file or directory (os error 2)
[2m2026-08-18T01:31:29.334019Z[0m [32m INFO[0m [2mrmudos::vm[0m[2m:[0m load_object trying master compile_object [3mpath[0m[2m=[0m/({"shield", "small shield"})
[2m2026-08-18T01:31:29.334030Z[0m [32m INFO[0m [2mrmudos::efun::mudos_extra[0m[2m:[0m file_size start [3mpath[0m[2m=[0m"({\"shield\", \"small shield\"})"
[2m2026-08-18T01:31:29.334203Z[0m [32m INFO[0m [2mrmudos::efun::mudos_extra[0m[2m:[0m file_size done [3mpath[0m[2m=[0m"({\"shield\", \"small shield\"})" [3msize[0m[2m=[0m-1 [3melapsed_ms[0m[2m=[0m0
[2m2026-08-18T01:31:29.334207Z[0m [32m INFO[0m [2mrmudos::efun::mudos_extra[0m[2m:[0m file_size start [3mpath[0m[2m=[0m"0.c"
[2m2026-08-18T01:31:29.334375Z[0m [32m INFO[0m [2mrmudos::efun::mudos_extra[0m[2m:[0m file_size done [3mpath[0m[2m=[0m"0.c" [3msize[0m[2m=[0m-1 [3melapsed_ms[0m[2m=[0m0
[2m2026-08-18T01:31:29.334394Z[0m [33m WARN[0m [2mrmudos::vm[0m[2m:[0m load_object compile_object did not return an object [3mpath[0m[2m=[0m/({"shield", "small shield"}) [3mresult[0m[2m=[0mOk(Null)
[2m2026-08-18T01:31:29.335087Z[0m [32m INFO[0m [2mrmudos::vm[0m[2m:[0m load_object start [3mpath[0m[2m=[0m/({ ({"right hand", "left hand", "first branch", "second branch", "third branch", "fourth branch"}) })
[2m2026-08-18T01:31:29.335092Z[0m [32m INFO[0m [2mrmudos::compiler[0m[2m:[0m compile start [3mpath[0m[2m=[0m/({ ({"right hand", "left hand", "first branch", "second branch", "third branch", "fourth branch"}) }) [3mfile[0m[2m=[0mmudlib/({ ({"right hand", "left hand", "first branch", "second branch", "third branch", "fourth branch"}) }).c
[2m2026-08-18T01:31:29.335096Z[0m [33m WARN[0m [2mrmudos::vm[0m[2m:[0m load_object compile failed [3mpath[0m[2m=[0m/({ ({"right hand", "left hand", "first branch", "second branch", "third branch", "fourth branch"}) }) [3merror[0m[2m=[0mfailed to read LPC object mudlib/({ ({"right hand", "left hand", "first branch", "second branch", "third branch", "fourth branch"}) }).c: No such file or directory (os error 2)
[2m2026-08-18T01:31:29.335098Z[0m [32m INFO[0m [2mrmudos::vm[0m[2m:[0m load_object trying master compile_object [3mpath[0m[2m=[0m/({ ({"right hand", "left hand", "first branch", "second branch", "third branch", "fourth branch"}) })
[2m2026-08-18T01:31:29.335109Z[0m [32m INFO[0m [2mrmudos::efun::mudos_extra[0m[2m:[0m file_size start [3mpath[0m[2m=[0m"({ ({\"right hand\", \"left hand\", \"first branch\", \"second branch\", \"third branch\", \"fourth branch\"}) })"
[2m2026-08-18T01:31:29.335286Z[0m [32m INFO[0m [2mrmudos::efun::mudos_extra[0m[2m:[0m file_size done [3mpath[0m[2m=[0m"({ ({\"right hand\", \"left hand\", \"first branch\", \"second branch\", \"third branch\", \"fourth branch\"}) })" [3msize[0m[2m=[0m-1 [3melapsed_ms[0m[2m=[0m0
[2m2026-08-18T01:31:29.335291Z[0m [32m INFO[0m [2mrmudos::efun::mudos_extra[0m[2m:[0m file_size start [3mpath[0m[2m=[0m"0.c"
[2m2026-08-18T01:31:29.335468Z[0m [32m INFO[0m [2mrmudos::efun::mudos_extra[0m[2m:[0m file_size done [3mpath[0m[2m=[0m"0.c" [3msize[0m[2m=[0m-1 [3melapsed_ms[0m[2m=[0m0
[2m2026-08-18T01:31:29.335480Z[0m [33m WARN[0m [2mrmudos::vm[0m[2m:[0m load_object compile_object did not return an object [3mpath[0m[2m=[0m/({ ({"right hand", "left hand", "first branch", "second branch", "third branch", "fourth branch"}) }) [3mresult[0m[2m=[0mOk(Null)
[2m2026-08-18T01:31:29.335581Z[0m [32m INFO[0m [2mrmudos::vm[0m[2m:[0m load_object start [3mpath[0m[2m=[0m/({"right hand",  "left hand",  "first branch",  "second branch",  "third branch",  "fourth branch"})
[2m2026-08-18T01:31:29.335584Z[0m [32m INFO[0m [2mrmudos::compiler[0m[2m:[0m compile start [3mpath[0m[2m=[0m/({"right hand",  "left hand",  "first branch",  "second branch",  "third branch",  "fourth branch"}) [3mfile[0m[2m=[0mmudlib/({"right hand",  "left hand",  "first branch",  "second branch",  "third branch",  "fourth branch"}).c
[2m2026-08-18T01:31:29.335587Z[0m [33m WARN[0m [2mrmudos::vm[0m[2m:[0m load_object compile failed [3mpath[0m[2m=[0m/({"right hand",  "left hand",  "first branch",  "second branch",  "third branch",  "fourth branch"}) [3merror[0m[2m=[0mfailed to read LPC object mudlib/({"right hand",  "left hand",  "first branch",  "second branch",  "third branch",  "fourth branch"}).c: No such file or directory (os error 2)
[2m2026-08-18T01:31:29.335588Z[0m [32m INFO[0m [2mrmudos::vm[0m[2m:[0m load_object trying master compile_object [3mpath[0m[2m=[0m/({"right hand",  "left hand",  "first branch",  "second branch",  "third branch",  "fourth branch"})
[2m2026-08-18T01:31:29.335599Z[0m [32m INFO[0m [2mrmudos::efun::mudos_extra[0m[2m:[0m file_size start [3mpath[0m[2m=[0m"({\"right hand\",  \"left hand\",  \"first branch\",  \"second branch\",  \"third branch\",  \"fourth branch\"})"
[2m2026-08-18T01:31:29.335765Z[0m [32m INFO[0m [2mrmudos::efun::mudos_extra[0m[2m:[0m file_size done [3mpath[0m[2m=[0m"({\"right hand\",  \"left hand\",  \"first branch\",  \"second branch\",  \"third branch\",  \"fourth branch\"})" [3msize[0m[2m=[0m-1 [3melapsed_ms[0m[2m=[0m0
[2m2026-08-18T01:31:29.335770Z[0m [32m INFO[0m [2mrmudos::efun::mudos_extra[0m[2m:[0m file_size start [3mpath[0m[2m=[0m"0.c"
[2m2026-08-18T01:31:29.335929Z[0m [32m INFO[0m [2mrmudos::efun::mudos_extra[0m[2m:[0m file_size done [3mpath[0m[2m=[0m"0.c" [3msize[0m[2m=[0m-1 [3melapsed_ms[0m[2m=[0m0
[2m2026-08-18T01:31:29.335938Z[0m [33m WARN[0m [2mrmudos::vm[0m[2m:[0m load_object compile_object did not return an object [3mpath[0m[2m=[0m/({"right hand",  "left hand",  "first branch",  "second branch",  "third branch",  "fourth branch"}) [3mresult[0m[2m=[0mOk(Null)
[2m2026-08-18T01:31:29.341463Z[0m [32m INFO[0m [2mrmudos::vm[0m[2m:[0m load_object start [3mpath[0m[2m=[0m/({"shield", "buckler shield"})
[2m2026-08-18T01:31:29.341474Z[0m [32m INFO[0m [2mrmudos::compiler[0m[2m:[0m compile start [3mpath[0m[2m=[0m/({"shield", "buckler shield"}) [3mfile[0m[2m=[0mmudlib/({"shield", "buckler shield"}).c
[2m2026-08-18T01:31:29.341482Z[0m [33m WARN[0m [2mrmudos::vm[0m[2m:[0m load_object compile failed [3mpath[0m[2m=[0m/({"shield", "buckler shield"}) [3merror[0m[2m=[0mfailed to read LPC object mudlib/({"shield", "buckler shield"}).c: No such file or directory (os error 2)
[2m2026-08-18T01:31:29.341484Z[0m [32m INFO[0m [2mrmudos::vm[0m[2m:[0m load_object trying master compile_object [3mpath[0m[2m=[0m/({"shield", "buckler shield"})
[2m2026-08-18T01:31:29.341497Z[0m [32m INFO[0m [2mrmudos::efun::mudos_extra[0m[2m:[0m file_size start [3mpath[0m[2m=[0m"({\"shield\", \"buckler shield\"})"
[2m2026-08-18T01:31:29.341686Z[0m [32m INFO[0m [2mrmudos::efun::mudos_extra[0m[2m:[0m file_size done [3mpath[0m[2m=[0m"({\"shield\", \"buckler shield\"})" [3msize[0m[2m=[0m-1 [3melapsed_ms[0m[2m=[0m0
[2m2026-08-18T01:31:29.341692Z[0m [32m INFO[0m [2mrmudos::efun::mudos_extra[0m[2m:[0m file_size start [3mpath[0m[2m=[0m"0.c"
[2m2026-08-18T01:31:29.341868Z[0m [32m INFO[0m [2mrmudos::efun::mudos_extra[0m[2m:[0m file_size done [3mpath[0m[2m=[0m"0.c" [3msize[0m[2m=[0m-1 [3melapsed_ms[0m[2m=[0m0
[2m2026-08-18T01:31:29.341880Z[0m [33m WARN[0m [2mrmudos::vm[0m[2m:[0m load_object compile_object did not return an object [3mpath[0m[2m=[0m/({"shield", "buckler shield"}) [3mresult[0m[2m=[0mOk(Null)
[2m2026-08-18T01:31:29.342697Z[0m [32m INFO[0m [2mrmudos::vm[0m[2m:[0m load_object start [3mpath[0m[2m=[0m/({ ({"right hand", "left hand", "first branch", "second branch", "third branch", "fourth branch"}) })
[2m2026-08-18T01:31:29.342710Z[0m [32m INFO[0m [2mrmudos::compiler[0m[2m:[0m compile start [3mpath[0m[2m=[0m/({ ({"right hand", "left hand", "first branch", "second branch", "third branch", "fourth branch"}) }) [3mfile[0m[2m=[0mmudlib/({ ({"right hand", "left hand", "first branch", "second branch", "third branch", "fourth branch"}) }).c
[2m2026-08-18T01:31:29.342722Z[0m [33m WARN[0m [2mrmudos::vm[0m[2m:[0m load_object compile failed [3mpath[0m[2m=[0m/({ ({"right hand", "left hand", "first branch", "second branch", "third branch", "fourth branch"}) }) [3merror[0m[2m=[0mfailed to read LPC object mudlib/({ ({"right hand", "left hand", "first branch", "second branch", "third branch", "fourth branch"}) }).c: No such file or directory (os error 2)
[2m2026-08-18T01:31:29.342725Z[0m [32m INFO[0m [2mrmudos::vm[0m[2m:[0m load_object trying master compile_object [3mpath[0m[2m=[0m/({ ({"right hand", "left hand", "first branch", "second branch", "third branch", "fourth branch"}) })
[2m2026-08-18T01:31:29.342739Z[0m [32m INFO[0m [2mrmudos::efun::mudos_extra[0m[2m:[0m file_size start [3mpath[0m[2m=[0m"({ ({\"right hand\", \"left hand\", \"first branch\", \"second branch\", \"third branch\", \"fourth branch\"}) })"
[2m2026-08-18T01:31:29.342968Z[0m [32m INFO[0m [2mrmudos::efun::mudos_extra[0m[2m:[0m file_size done [3mpath[0m[2m=[0m"({ ({\"right hand\", \"left hand\", \"first branch\", \"second branch\", \"third branch\", \"fourth branch\"}) })" [3msize[0m[2m=[0m-1 [3melapsed_ms[0m[2m=[0m0
[2m2026-08-18T01:31:29.342979Z[0m [32m INFO[0m [2mrmudos::efun::mudos_extra[0m[2m:[0m file_size start [3mpath[0m[2m=[0m"0.c"
[2m2026-08-18T01:31:29.343204Z[0m [32m INFO[0m [2mrmudos::efun::mudos_extra[0m[2m:[0m file_size done [3mpath[0m[2m=[0m"0.c" [3msize[0m[2m=[0m-1 [3melapsed_ms[0m[2m=[0m0
[2m2026-08-18T01:31:29.343224Z[0m [33m WARN[0m [2mrmudos::vm[0m[2m:[0m load_object compile_object did not return an object [3mpath[0m[2m=[0m/({ ({"right hand", "left hand", "first branch", "second branch", "third branch", "fourth branch"}) }) [3mresult[0m[2m=[0mOk(Null)
[2m2026-08-18T01:31:29.343384Z[0m [32m INFO[0m [2mrmudos::vm[0m[2m:[0m load_object start [3mpath[0m[2m=[0m/({"right hand",  "left hand",  "first branch",  "second branch",  "third branch",  "fourth branch"})
[2m2026-08-18T01:31:29.343391Z[0m [32m INFO[0m [2mrmudos::compiler[0m[2m:[0m compile start [3mpath[0m[2m=[0m/({"right hand",  "left hand",  "first branch",  "second branch",  "third branch",  "fourth branch"}) [3mfile[0m[2m=[0mmudlib/({"right hand",  "left hand",  "first branch",  "second branch",  "third branch",  "fourth branch"}).c
[2m2026-08-18T01:31:29.343398Z[0m [33m WARN[0m [2mrmudos::vm[0m[2m:[0m load_object compile failed [3mpath[0m[2m=[0m/({"right hand",  "left hand",  "first branch",  "second branch",  "third branch",  "fourth branch"}) [3merror[0m[2m=[0mfailed to read LPC object mudlib/({"right hand",  "left hand",  "first branch",  "second branch",  "third branch",  "fourth branch"}).c: No such file or directory (os error 2)
[2m2026-08-18T01:31:29.343401Z[0m [32m INFO[0m [2mrmudos::vm[0m[2m:[0m load_object trying master compile_object [3mpath[0m[2m=[0m/({"right hand",  "left hand",  "first branch",  "second branch",  "third branch",  "fourth branch"})
[2m2026-08-18T01:31:29.343414Z[0m [32m INFO[0m [2mrmudos::efun::mudos_extra[0m[2m:[0m file_size start [3mpath[0m[2m=[0m"({\"right hand\",  \"left hand\",  \"first branch\",  \"second branch\",  \"third branch\",  \"fourth branch\"})"
[2m2026-08-18T01:31:29.343694Z[0m [32m INFO[0m [2mrmudos::efun::mudos_extra[0m[2m:[0m file_size done [3mpath[0m[2m=[0m"({\"right hand\",  \"left hand\",  \"first branch\",  \"second branch\",  \"third branch\",  \"fourth branch\"})" [3msize[0m[2m=[0m-1 [3melapsed_ms[0m[2m=[0m0
[2m2026-08-18T01:31:29.343704Z[0m [32m INFO[0m [2mrmudos::efun::mudos_extra[0m[2m:[0m file_size start [3mpath[0m[2m=[0m"0.c"
[2m2026-08-18T01:31:29.343872Z[0m [32m INFO[0m [2mrmudos::efun::mudos_extra[0m[2m:[0m file_size done [3mpath[0m[2m=[0m"0.c" [3msize[0m[2m=[0m-1 [3melapsed_ms[0m[2m=[0m0
[2m2026-08-18T01:31:29.343883Z[0m [33m WARN[0m [2mrmudos::vm[0m[2m:[0m load_object compile_object did not return an object [3mpath[0m[2m=[0m/({"right hand",  "left hand",  "first branch",  "second branch",  "third branch",  "fourth branch"}) [3mresult[0m[2m=[0mOk(Null)
[2m2026-08-18T01:31:29.349433Z[0m [32m INFO[0m [2mrmudos::vm[0m[2m:[0m load_object start [3mpath[0m[2m=[0m/({"gauntlet", "glove"})
[2m2026-08-18T01:31:29.349441Z[0m [32m INFO[0m [2mrmudos::compiler[0m[2m:[0m compile start [3mpath[0m[2m=[0m/({"gauntlet", "glove"}) [3mfile[0m[2m=[0mmudlib/({"gauntlet", "glove"}).c
[2m2026-08-18T01:31:29.349449Z[0m [33m WARN[0m [2mrmudos::vm[0m[2m:[0m load_object compile failed [3mpath[0m[2m=[0m/({"gauntlet", "glove"}) [3merror[0m[2m=[0mfailed to read LPC object mudlib/({"gauntlet", "glove"}).c: No such file or directory (os error 2)
[2m2026-08-18T01:31:29.349451Z[0m [32m INFO[0m [2mrmudos::vm[0m[2m:[0m load_object trying master compile_object [3mpath[0m[2m=[0m/({"gauntlet", "glove"})
[2m2026-08-18T01:31:29.349462Z[0m [32m INFO[0m [2mrmudos::efun::mudos_extra[0m[2m:[0m file_size start [3mpath[0m[2m=[0m"({\"gauntlet\", \"glove\"})"
[2m2026-08-18T01:31:29.349629Z[0m [32m INFO[0m [2mrmudos::efun::mudos_extra[0m[2m:[0m file_size done [3mpath[0m[2m=[0m"({\"gauntlet\", \"glove\"})" [3msize[0m[2m=[0m-1 [3melapsed_ms[0m[2m=[0m0
[2m2026-08-18T01:31:29.349635Z[0m [32m INFO[0m [2mrmudos::efun::mudos_extra[0m[2m:[0m file_size start [3mpath[0m[2m=[0m"0.c"
[2m2026-08-18T01:31:29.349808Z[0m [32m INFO[0m [2mrmudos::efun::mudos_extra[0m[2m:[0m file_size done [3mpath[0m[2m=[0m"0.c" [3msize[0m[2m=[0m-1 [3melapsed_ms[0m[2m=[0m0
[2m2026-08-18T01:31:29.349820Z[0m [33m WARN[0m [2mrmudos::vm[0m[2m:[0m load_object compile_object did not return an object [3mpath[0m[2m=[0m/({"gauntlet", "glove"}) [3mresult[0m[2m=[0mOk(Null)
[2m2026-08-18T01:31:29.350445Z[0m [32m INFO[0m [2mrmudos::vm[0m[2m:[0m load_object start [3mpath[0m[2m=[0m/({ ({"right hand", "left hand"}) })
[2m2026-08-18T01:31:29.350449Z[0m [32m INFO[0m [2mrmudos::compiler[0m[2m:[0m compile start [3mpath[0m[2m=[0m/({ ({"right hand", "left hand"}) }) [3mfile[0m[2m=[0mmudlib/({ ({"right hand", "left hand"}) }).c
[2m2026-08-18T01:31:29.350452Z[0m [33m WARN[0m [2mrmudos::vm[0m[2m:[0m load_object compile failed [3mpath[0m[2m=[0m/({ ({"right hand", "left hand"}) }) [3merror[0m[2m=[0mfailed to read LPC object mudlib/({ ({"right hand", "left hand"}) }).c: No such file or directory (os error 2)
[2m2026-08-18T01:31:29.350454Z[0m [32m INFO[0m [2mrmudos::vm[0m[2m:[0m load_object trying master compile_object [3mpath[0m[2m=[0m/({ ({"right hand", "left hand"}) })
[2m2026-08-18T01:31:29.350463Z[0m [32m INFO[0m [2mrmudos::efun::mudos_extra[0m[2m:[0m file_size start [3mpath[0m[2m=[0m"({ ({\"right hand\", \"left hand\"}) })"
[2m2026-08-18T01:31:29.350623Z[0m [32m INFO[0m [2mrmudos::efun::mudos_extra[0m[2m:[0m file_size done [3mpath[0m[2m=[0m"({ ({\"right hand\", \"left hand\"}) })" [3msize[0m[2m=[0m-1 [3melapsed_ms[0m[2m=[0m0
[2m2026-08-18T01:31:29.350627Z[0m [32m INFO[0m [2mrmudos::efun::mudos_extra[0m[2m:[0m file_size start [3mpath[0m[2m=[0m"0.c"
[2m2026-08-18T01:31:29.350781Z[0m [32m INFO[0m [2mrmudos::efun::mudos_extra[0m[2m:[0m file_size done [3mpath[0m[2m=[0m"0.c" [3msize[0m[2m=[0m-1 [3melapsed_ms[0m[2m=[0m0
[2m2026-08-18T01:31:29.350790Z[0m [33m WARN[0m [2mrmudos::vm[0m[2m:[0m load_object compile_object did not return an object [3mpath[0m[2m=[0m/({ ({"right hand", "left hand"}) }) [3mresult[0m[2m=[0mOk(Null)
[2m2026-08-18T01:31:29.350850Z[0m [32m INFO[0m [2mrmudos::vm[0m[2m:[0m load_object start [3mpath[0m[2m=[0m/({"right hand",  "left hand"})
[2m2026-08-18T01:31:29.350852Z[0m [32m INFO[0m [2mrmudos::compiler[0m[2m:[0m compile start [3mpath[0m[2m=[0m/({"right hand",  "left hand"}) [3mfile[0m[2m=[0mmudlib/({"right hand",  "left hand"}).c
[2m2026-08-18T01:31:29.350855Z[0m [33m WARN[0m [2mrmudos::vm[0m[2m:[0m load_object compile failed [3mpath[0m[2m=[0m/({"right hand",  "left hand"}) [3merror[0m[2m=[0mfailed to read LPC object mudlib/({"right hand",  "left hand"}).c: No such file or directory (os error 2)
[2m2026-08-18T01:31:29.350856Z[0m [32m INFO[0m [2mrmudos::vm[0m[2m:[0m load_object trying master compile_object [3mpath[0m[2m=[0m/({"right hand",  "left hand"})
[2m2026-08-18T01:31:29.350866Z[0m [32m INFO[0m [2mrmudos::efun::mudos_extra[0m[2m:[0m file_size start [3mpath[0m[2m=[0m"({\"right hand\",  \"left hand\"})"
[2m2026-08-18T01:31:29.351023Z[0m [32m INFO[0m [2mrmudos::efun::mudos_extra[0m[2m:[0m file_size done [3mpath[0m[2m=[0m"({\"right hand\",  \"left hand\"})" [3msize[0m[2m=[0m-1 [3melapsed_ms[0m[2m=[0m0
[2m2026-08-18T01:31:29.351027Z[0m [32m INFO[0m [2mrmudos::efun::mudos_extra[0m[2m:[0m file_size start [3mpath[0m[2m=[0m"0.c"
[2m2026-08-18T01:31:29.351189Z[0m [32m INFO[0m [2mrmudos::efun::mudos_extra[0m[2m:[0m file_size done [3mpath[0m[2m=[0m"0.c" [3msize[0m[2m=[0m-1 [3melapsed_ms[0m[2m=[0m0
[2m2026-08-18T01:31:29.351199Z[0m [33m WARN[0m [2mrmudos::vm[0m[2m:[0m load_object compile_object did not return an object [3mpath[0m[2m=[0m/({"right hand",  "left hand"}) [3mresult[0m[2m=[0mOk(Null)
[2m2026-08-18T01:31:29.356360Z[0m [32m INFO[0m [2mrmudos::vm[0m[2m:[0m load_object start [3mpath[0m[2m=[0m/({"glove", "chain glove"})
[2m2026-08-18T01:31:29.356365Z[0m [32m INFO[0m [2mrmudos::compiler[0m[2m:[0m compile start [3mpath[0m[2m=[0m/({"glove", "chain glove"}) [3mfile[0m[2m=[0mmudlib/({"glove", "chain glove"}).c
[2m2026-08-18T01:31:29.356369Z[0m [33m WARN[0m [2mrmudos::vm[0m[2m:[0m load_object compile failed [3mpath[0m[2m=[0m/({"glove", "chain glove"}) [3merror[0m[2m=[0mfailed to read LPC object mudlib/({"glove", "chain glove"}).c: No such file or directory (os error 2)
[2m2026-08-18T01:31:29.356371Z[0m [32m INFO[0m [2mrmudos::vm[0m[2m:[0m load_object trying master compile_object [3mpath[0m[2m=[0m/({"glove", "chain glove"})
[2m2026-08-18T01:31:29.356381Z[0m [32m INFO[0m [2mrmudos::efun::mudos_extra[0m[2m:[0m file_size start [3mpath[0m[2m=[0m"({\"glove\", \"chain glove\"})"
[2m2026-08-18T01:31:29.356550Z[0m [32m INFO[0m [2mrmudos::efun::mudos_extra[0m[2m:[0m file_size done [3mpath[0m[2m=[0m"({\"glove\", \"chain glove\"})" [3msize[0m[2m=[0m-1 [3melapsed_ms[0m[2m=[0m0
[2m2026-08-18T01:31:29.356557Z[0m [32m INFO[0m [2mrmudos::efun::mudos_extra[0m[2m:[0m file_size start [3mpath[0m[2m=[0m"0.c"
[2m2026-08-18T01:31:29.356720Z[0m [32m INFO[0m [2mrmudos::efun::mudos_extra[0m[2m:[0m file_size done [3mpath[0m[2m=[0m"0.c" [3msize[0m[2m=[0m-1 [3melapsed_ms[0m[2m=[0m0
[2m2026-08-18T01:31:29.356733Z[0m [33m WARN[0m [2mrmudos::vm[0m[2m:[0m load_object compile_object did not return an object [3mpath[0m[2m=[0m/({"glove", "chain glove"}) [3mresult[0m[2m=[0mOk(Null)
[2m2026-08-18T01:31:29.357398Z[0m [32m INFO[0m [2mrmudos::vm[0m[2m:[0m load_object start [3mpath[0m[2m=[0m/({ ({"right hand", "left hand"}) })
[2m2026-08-18T01:31:29.357403Z[0m [32m INFO[0m [2mrmudos::compiler[0m[2m:[0m compile start [3mpath[0m[2m=[0m/({ ({"right hand", "left hand"}) }) [3mfile[0m[2m=[0mmudlib/({ ({"right hand", "left hand"}) }).c
[2m2026-08-18T01:31:29.357407Z[0m [33m WARN[0m [2mrmudos::vm[0m[2m:[0m load_object compile failed [3mpath[0m[2m=[0m/({ ({"right hand", "left hand"}) }) [3merror[0m[2m=[0mfailed to read LPC object mudlib/({ ({"right hand", "left hand"}) }).c: No such file or directory (os error 2)
[2m2026-08-18T01:31:29.357408Z[0m [32m INFO[0m [2mrmudos::vm[0m[2m:[0m load_object trying master compile_object [3mpath[0m[2m=[0m/({ ({"right hand", "left hand"}) })
[2m2026-08-18T01:31:29.357419Z[0m [32m INFO[0m [2mrmudos::efun::mudos_extra[0m[2m:[0m file_size start [3mpath[0m[2m=[0m"({ ({\"right hand\", \"left hand\"}) })"
[2m2026-08-18T01:31:29.357590Z[0m [32m INFO[0m [2mrmudos::efun::mudos_extra[0m[2m:[0m file_size done [3mpath[0m[2m=[0m"({ ({\"right hand\", \"left hand\"}) })" [3msize[0m[2m=[0m-1 [3melapsed_ms[0m[2m=[0m0
[2m2026-08-18T01:31:29.357595Z[0m [32m INFO[0m [2mrmudos::efun::mudos_extra[0m[2m:[0m file_size start [3mpath[0m[2m=[0m"0.c"
[2m2026-08-18T01:31:29.357755Z[0m [32m INFO[0m [2mrmudos::efun::mudos_extra[0m[2m:[0m file_size done [3mpath[0m[2m=[0m"0.c" [3msize[0m[2m=[0m-1 [3melapsed_ms[0m[2m=[0m0
[2m2026-08-18T01:31:29.357764Z[0m [33m WARN[0m [2mrmudos::vm[0m[2m:[0m load_object compile_object did not return an object [3mpath[0m[2m=[0m/({ ({"right hand", "left hand"}) }) [3mresult[0m[2m=[0mOk(Null)
[2m2026-08-18T01:31:29.357825Z[0m [32m INFO[0m [2mrmudos::vm[0m[2m:[0m load_object start [3mpath[0m[2m=[0m/({"right hand",  "left hand"})
[2m2026-08-18T01:31:29.357828Z[0m [32m INFO[0m [2mrmudos::compiler[0m[2m:[0m compile start [3mpath[0m[2m=[0m/({"right hand",  "left hand"}) [3mfile[0m[2m=[0mmudlib/({"right hand",  "left hand"}).c
[2m2026-08-18T01:31:29.357830Z[0m [33m WARN[0m [2mrmudos::vm[0m[2m:[0m load_object compile failed [3mpath[0m[2m=[0m/({"right hand",  "left hand"}) [3merror[0m[2m=[0mfailed to read LPC object mudlib/({"right hand",  "left hand"}).c: No such file or directory (os error 2)
[2m2026-08-18T01:31:29.357832Z[0m [32m INFO[0m [2mrmudos::vm[0m[2m:[0m load_object trying master compile_object [3mpath[0m[2m=[0m/({"right hand",  "left hand"})
[2m2026-08-18T01:31:29.357842Z[0m [32m INFO[0m [2mrmudos::efun::mudos_extra[0m[2m:[0m file_size start [3mpath[0m[2m=[0m"({\"right hand\",  \"left hand\"})"
[2m2026-08-18T01:31:29.358007Z[0m [32m INFO[0m [2mrmudos::efun::mudos_extra[0m[2m:[0m file_size done [3mpath[0m[2m=[0m"({\"right hand\",  \"left hand\"})" [3msize[0m[2m=[0m-1 [3melapsed_ms[0m[2m=[0m0
[2m2026-08-18T01:31:29.358011Z[0m [32m INFO[0m [2mrmudos::efun::mudos_extra[0m[2m:[0m file_size start [3mpath[0m[2m=[0m"0.c"
[2m2026-08-18T01:31:29.358172Z[0m [32m INFO[0m [2mrmudos::efun::mudos_extra[0m[2m:[0m file_size done [3mpath[0m[2m=[0m"0.c" [3msize[0m[2m=[0m-1 [3melapsed_ms[0m[2m=[0m0
[2m2026-08-18T01:31:29.358181Z[0m [33m WARN[0m [2mrmudos::vm[0m[2m:[0m load_object compile_object did not return an object [3mpath[0m[2m=[0m/({"right hand",  "left hand"}) [3mresult[0m[2m=[0mOk(Null)
[2m2026-08-18T01:31:29.363717Z[0m [32m INFO[0m [2mrmudos::vm[0m[2m:[0m load_object start [3mpath[0m[2m=[0m/({ "bracer", "plate bracer" })
[2m2026-08-18T01:31:29.363724Z[0m [32m INFO[0m [2mrmudos::compiler[0m[2m:[0m compile start [3mpath[0m[2m=[0m/({ "bracer", "plate bracer" }) [3mfile[0m[2m=[0mmudlib/({ "bracer", "plate bracer" }).c
[2m2026-08-18T01:31:29.363729Z[0m [33m WARN[0m [2mrmudos::vm[0m[2m:[0m load_object compile failed [3mpath[0m[2m=[0m/({ "bracer", "plate bracer" }) [3merror[0m[2m=[0mfailed to read LPC object mudlib/({ "bracer", "plate bracer" }).c: No such file or directory (os error 2)
[2m2026-08-18T01:31:29.363731Z[0m [32m INFO[0m [2mrmudos::vm[0m[2m:[0m load_object trying master compile_object [3mpath[0m[2m=[0m/({ "bracer", "plate bracer" })
[2m2026-08-18T01:31:29.363742Z[0m [32m INFO[0m [2mrmudos::efun::mudos_extra[0m[2m:[0m file_size start [3mpath[0m[2m=[0m"({ \"bracer\", \"plate bracer\" })"
[2m2026-08-18T01:31:29.363947Z[0m [32m INFO[0m [2mrmudos::efun::mudos_extra[0m[2m:[0m file_size done [3mpath[0m[2m=[0m"({ \"bracer\", \"plate bracer\" })" [3msize[0m[2m=[0m-1 [3melapsed_ms[0m[2m=[0m0
[2m2026-08-18T01:31:29.363956Z[0m [32m INFO[0m [2mrmudos::efun::mudos_extra[0m[2m:[0m file_size start [3mpath[0m[2m=[0m"0.c"
[2m2026-08-18T01:31:29.364128Z[0m [32m INFO[0m [2mrmudos::efun::mudos_extra[0m[2m:[0m file_size done [3mpath[0m[2m=[0m"0.c" [3msize[0m[2m=[0m-1 [3melapsed_ms[0m[2m=[0m0
[2m2026-08-18T01:31:29.364140Z[0m [33m WARN[0m [2mrmudos::vm[0m[2m:[0m load_object compile_object did not return an object [3mpath[0m[2m=[0m/({ "bracer", "plate bracer" }) [3mresult[0m[2m=[0mOk(Null)
[2m2026-08-18T01:31:29.364790Z[0m [32m INFO[0m [2mrmudos::vm[0m[2m:[0m load_object start [3mpath[0m[2m=[0m/({ ({ "right arm", "left arm" }) })
[2m2026-08-18T01:31:29.364795Z[0m [32m INFO[0m [2mrmudos::compiler[0m[2m:[0m compile start [3mpath[0m[2m=[0m/({ ({ "right arm", "left arm" }) }) [3mfile[0m[2m=[0mmudlib/({ ({ "right arm", "left arm" }) }).c
[2m2026-08-18T01:31:29.364800Z[0m [33m WARN[0m [2mrmudos::vm[0m[2m:[0m load_object compile failed [3mpath[0m[2m=[0m/({ ({ "right arm", "left arm" }) }) [3merror[0m[2m=[0mfailed to read LPC object mudlib/({ ({ "right arm", "left arm" }) }).c: No such file or directory (os error 2)
[2m2026-08-18T01:31:29.364802Z[0m [32m INFO[0m [2mrmudos::vm[0m[2m:[0m load_object trying master compile_object [3mpath[0m[2m=[0m/({ ({ "right arm", "left arm" }) })
[2m2026-08-18T01:31:29.364813Z[0m [32m INFO[0m [2mrmudos::efun::mudos_extra[0m[2m:[0m file_size start [3mpath[0m[2m=[0m"({ ({ \"right arm\", \"left arm\" }) })"
[2m2026-08-18T01:31:29.364977Z[0m [32m INFO[0m [2mrmudos::efun::mudos_extra[0m[2m:[0m file_size done [3mpath[0m[2m=[0m"({ ({ \"right arm\", \"left arm\" }) })" [3msize[0m[2m=[0m-1 [3melapsed_ms[0m[2m=[0m0
[2m2026-08-18T01:31:29.364982Z[0m [32m INFO[0m [2mrmudos::efun::mudos_extra[0m[2m:[0m file_size start [3mpath[0m[2m=[0m"0.c"
[2m2026-08-18T01:31:29.365147Z[0m [32m INFO[0m [2mrmudos::efun::mudos_extra[0m[2m:[0m file_size done [3mpath[0m[2m=[0m"0.c" [3msize[0m[2m=[0m-1 [3melapsed_ms[0m[2m=[0m0
[2m2026-08-18T01:31:29.365157Z[0m [33m WARN[0m [2mrmudos::vm[0m[2m:[0m load_object compile_object did not return an object [3mpath[0m[2m=[0m/({ ({ "right arm", "left arm" }) }) [3mresult[0m[2m=[0mOk(Null)
[2m2026-08-18T01:31:29.365217Z[0m [32m INFO[0m [2mrmudos::vm[0m[2m:[0m load_object start [3mpath[0m[2m=[0m/({ "right arm",  "left arm" })
[2m2026-08-18T01:31:29.365277Z[0m [32m INFO[0m [2mrmudos::compiler[0m[2m:[0m compile start [3mpath[0m[2m=[0m/({ "right arm",  "left arm" }) [3mfile[0m[2m=[0mmudlib/({ "right arm",  "left arm" }).c
[2m2026-08-18T01:31:29.365288Z[0m [33m WARN[0m [2mrmudos::vm[0m[2m:[0m load_object compile failed [3mpath[0m[2m=[0m/({ "right arm",  "left arm" }) [3merror[0m[2m=[0mfailed to read LPC object mudlib/({ "right arm",  "left arm" }).c: No such file or directory (os error 2)
[2m2026-08-18T01:31:29.365292Z[0m [32m INFO[0m [2mrmudos::vm[0m[2m:[0m load_object trying master compile_object [3mpath[0m[2m=[0m/({ "right arm",  "left arm" })
[2m2026-08-18T01:31:29.365311Z[0m [32m INFO[0m [2mrmudos::efun::mudos_extra[0m[2m:[0m file_size start [3mpath[0m[2m=[0m"({ \"right arm\",  \"left arm\" })"
[2m2026-08-18T01:31:29.365490Z[0m [32m INFO[0m [2mrmudos::efun::mudos_extra[0m[2m:[0m file_size done [3mpath[0m[2m=[0m"({ \"right arm\",  \"left arm\" })" [3msize[0m[2m=[0m-1 [3melapsed_ms[0m[2m=[0m0
[2m2026-08-18T01:31:29.365498Z[0m [32m INFO[0m [2mrmudos::efun::mudos_extra[0m[2m:[0m file_size start [3mpath[0m[2m=[0m"0.c"
[2m2026-08-18T01:31:29.365662Z[0m [32m INFO[0m [2mrmudos::efun::mudos_extra[0m[2m:[0m file_size done [3mpath[0m[2m=[0m"0.c" [3msize[0m[2m=[0m-1 [3melapsed_ms[0m[2m=[0m0
[2m2026-08-18T01:31:29.365672Z[0m [33m WARN[0m [2mrmudos::vm[0m[2m:[0m load_object compile_object did not return an object [3mpath[0m[2m=[0m/({ "right arm",  "left arm" }) [3mresult[0m[2m=[0mOk(Null)
[2m2026-08-18T01:31:29.372087Z[0m [32m INFO[0m [2mrmudos::vm[0m[2m:[0m load_object start [3mpath[0m[2m=[0m/({"leather belt", "belt"})
[2m2026-08-18T01:31:29.372112Z[0m [32m INFO[0m [2mrmudos::compiler[0m[2m:[0m compile start [3mpath[0m[2m=[0m/({"leather belt", "belt"}) [3mfile[0m[2m=[0mmudlib/({"leather belt", "belt"}).c
[2m2026-08-18T01:31:29.372133Z[0m [33m WARN[0m [2mrmudos::vm[0m[2m:[0m load_object compile failed [3mpath[0m[2m=[0m/({"leather belt", "belt"}) [3merror[0m[2m=[0mfailed to read LPC object mudlib/({"leather belt", "belt"}).c: No such file or directory (os error 2)
[2m2026-08-18T01:31:29.372137Z[0m [32m INFO[0m [2mrmudos::vm[0m[2m:[0m load_object trying master compile_object [3mpath[0m[2m=[0m/({"leather belt", "belt"})
[2m2026-08-18T01:31:29.372151Z[0m [32m INFO[0m [2mrmudos::efun::mudos_extra[0m[2m:[0m file_size start [3mpath[0m[2m=[0m"({\"leather belt\", \"belt\"})"
[2m2026-08-18T01:31:29.372361Z[0m [32m INFO[0m [2mrmudos::efun::mudos_extra[0m[2m:[0m file_size done [3mpath[0m[2m=[0m"({\"leather belt\", \"belt\"})" [3msize[0m[2m=[0m-1 [3melapsed_ms[0m[2m=[0m0
[2m2026-08-18T01:31:29.372369Z[0m [32m INFO[0m [2mrmudos::efun::mudos_extra[0m[2m:[0m file_size start [3mpath[0m[2m=[0m"0.c"
[2m2026-08-18T01:31:29.372540Z[0m [32m INFO[0m [2mrmudos::efun::mudos_extra[0m[2m:[0m file_size done [3mpath[0m[2m=[0m"0.c" [3msize[0m[2m=[0m-1 [3melapsed_ms[0m[2m=[0m0
[2m2026-08-18T01:31:29.372552Z[0m [33m WARN[0m [2mrmudos::vm[0m[2m:[0m load_object compile_object did not return an object [3mpath[0m[2m=[0m/({"leather belt", "belt"}) [3mresult[0m[2m=[0mOk(Null)
[2m2026-08-18T01:31:29.373208Z[0m [32m INFO[0m [2mrmudos::vm[0m[2m:[0m load_object start [3mpath[0m[2m=[0m/({ ({"torso"}) })
[2m2026-08-18T01:31:29.373212Z[0m [32m INFO[0m [2mrmudos::compiler[0m[2m:[0m compile start [3mpath[0m[2m=[0m/({ ({"torso"}) }) [3mfile[0m[2m=[0mmudlib/({ ({"torso"}) }).c
[2m2026-08-18T01:31:29.373216Z[0m [33m WARN[0m [2mrmudos::vm[0m[2m:[0m load_object compile failed [3mpath[0m[2m=[0m/({ ({"torso"}) }) [3merror[0m[2m=[0mfailed to read LPC object mudlib/({ ({"torso"}) }).c: No such file or directory (os error 2)
[2m2026-08-18T01:31:29.373217Z[0m [32m INFO[0m [2mrmudos::vm[0m[2m:[0m load_object trying master compile_object [3mpath[0m[2m=[0m/({ ({"torso"}) })
[2m2026-08-18T01:31:29.373229Z[0m [32m INFO[0m [2mrmudos::efun::mudos_extra[0m[2m:[0m file_size start [3mpath[0m[2m=[0m"({ ({\"torso\"}) })"
[2m2026-08-18T01:31:29.373422Z[0m [32m INFO[0m [2mrmudos::efun::mudos_extra[0m[2m:[0m file_size done [3mpath[0m[2m=[0m"({ ({\"torso\"}) })" [3msize[0m[2m=[0m-1 [3melapsed_ms[0m[2m=[0m0
[2m2026-08-18T01:31:29.373427Z[0m [32m INFO[0m [2mrmudos::efun::mudos_extra[0m[2m:[0m file_size start [3mpath[0m[2m=[0m"0.c"
[2m2026-08-18T01:31:29.373630Z[0m [32m INFO[0m [2mrmudos::efun::mudos_extra[0m[2m:[0m file_size done [3mpath[0m[2m=[0m"0.c" [3msize[0m[2m=[0m-1 [3melapsed_ms[0m[2m=[0m0
[2m2026-08-18T01:31:29.373643Z[0m [33m WARN[0m [2mrmudos::vm[0m[2m:[0m load_object compile_object did not return an object [3mpath[0m[2m=[0m/({ ({"torso"}) }) [3mresult[0m[2m=[0mOk(Null)
[2m2026-08-18T01:31:29.373706Z[0m [32m INFO[0m [2mrmudos::vm[0m[2m:[0m load_object start [3mpath[0m[2m=[0m/({"torso"})
[2m2026-08-18T01:31:29.373710Z[0m [32m INFO[0m [2mrmudos::compiler[0m[2m:[0m compile start [3mpath[0m[2m=[0m/({"torso"}) [3mfile[0m[2m=[0mmudlib/({"torso"}).c
[2m2026-08-18T01:31:29.373713Z[0m [33m WARN[0m [2mrmudos::vm[0m[2m:[0m load_object compile failed [3mpath[0m[2m=[0m/({"torso"}) [3merror[0m[2m=[0mfailed to read LPC object mudlib/({"torso"}).c: No such file or directory (os error 2)
[2m2026-08-18T01:31:29.373715Z[0m [32m INFO[0m [2mrmudos::vm[0m[2m:[0m load_object trying master compile_object [3mpath[0m[2m=[0m/({"torso"})
[2m2026-08-18T01:31:29.373726Z[0m [32m INFO[0m [2mrmudos::efun::mudos_extra[0m[2m:[0m file_size start [3mpath[0m[2m=[0m"({\"torso\"})"
[2m2026-08-18T01:31:29.373907Z[0m [32m INFO[0m [2mrmudos::efun::mudos_extra[0m[2m:[0m file_size done [3mpath[0m[2m=[0m"({\"torso\"})" [3msize[0m[2m=[0m-1 [3melapsed_ms[0m[2m=[0m0
[2m2026-08-18T01:31:29.373911Z[0m [32m INFO[0m [2mrmudos::efun::mudos_extra[0m[2m:[0m file_size start [3mpath[0m[2m=[0m"0.c"
[2m2026-08-18T01:31:29.374086Z[0m [32m INFO[0m [2mrmudos::efun::mudos_extra[0m[2m:[0m file_size done [3mpath[0m[2m=[0m"0.c" [3msize[0m[2m=[0m-1 [3melapsed_ms[0m[2m=[0m0
[2m2026-08-18T01:31:29.374096Z[0m [33m WARN[0m [2mrmudos::vm[0m[2m:[0m load_object compile_object did not return an object [3mpath[0m[2m=[0m/({"torso"}) [3mresult[0m[2m=[0mOk(Null)
[2m2026-08-18T01:31:29.379888Z[0m [32m INFO[0m [2mrmudos::vm[0m[2m:[0m load_object start [3mpath[0m[2m=[0m/({"studded glove", "studded leather glove", "leather glove", "glove"})
[2m2026-08-18T01:31:29.379906Z[0m [32m INFO[0m [2mrmudos::compiler[0m[2m:[0m compile start [3mpath[0m[2m=[0m/({"studded glove", "studded leather glove", "leather glove", "glove"}) [3mfile[0m[2m=[0mmudlib/({"studded glove", "studded leather glove", "leather glove", "glove"}).c
[2m2026-08-18T01:31:29.379921Z[0m [33m WARN[0m [2mrmudos::vm[0m[2m:[0m load_object compile failed [3mpath[0m[2m=[0m/({"studded glove", "studded leather glove", "leather glove", "glove"}) [3merror[0m[2m=[0mfailed to read LPC object mudlib/({"studded glove", "studded leather glove", "leather glove", "glove"}).c: No such file or directory (os error 2)
[2m2026-08-18T01:31:29.379924Z[0m [32m INFO[0m [2mrmudos::vm[0m[2m:[0m load_object trying master compile_object [3mpath[0m[2m=[0m/({"studded glove", "studded leather glove", "leather glove", "glove"})
[2m2026-08-18T01:31:29.379939Z[0m [32m INFO[0m [2mrmudos::efun::mudos_extra[0m[2m:[0m file_size start [3mpath[0m[2m=[0m"({\"studded glove\", \"studded leather glove\", \"leather glove\", \"glove\"})"
[2m2026-08-18T01:31:29.380526Z[0m [32m INFO[0m [2mrmudos::efun::mudos_extra[0m[2m:[0m file_size done [3mpath[0m[2m=[0m"({\"studded glove\", \"studded leather glove\", \"leather glove\", \"glove\"})" [3msize[0m[2m=[0m-1 [3melapsed_ms[0m[2m=[0m0
[2m2026-08-18T01:31:29.380539Z[0m [32m INFO[0m [2mrmudos::efun::mudos_extra[0m[2m:[0m file_size start [3mpath[0m[2m=[0m"0.c"
[2m2026-08-18T01:31:29.380781Z[0m [32m INFO[0m [2mrmudos::efun::mudos_extra[0m[2m:[0m file_size done [3mpath[0m[2m=[0m"0.c" [3msize[0m[2m=[0m-1 [3melapsed_ms[0m[2m=[0m0
[2m2026-08-18T01:31:29.380804Z[0m [33m WARN[0m [2mrmudos::vm[0m[2m:[0m load_object compile_object did not return an object [3mpath[0m[2m=[0m/({"studded glove", "studded leather glove", "leather glove", "glove"}) [3mresult[0m[2m=[0mOk(Null)
[2m2026-08-18T01:31:29.381514Z[0m [32m INFO[0m [2mrmudos::vm[0m[2m:[0m load_object start [3mpath[0m[2m=[0m/({ ({"right hand", "left hand"}) })
[2m2026-08-18T01:31:29.381519Z[0m [32m INFO[0m [2mrmudos::compiler[0m[2m:[0m compile start [3mpath[0m[2m=[0m/({ ({"right hand", "left hand"}) }) [3mfile[0m[2m=[0mmudlib/({ ({"right hand", "left hand"}) }).c
[2m2026-08-18T01:31:29.381526Z[0m [33m WARN[0m [2mrmudos::vm[0m[2m:[0m load_object compile failed [3mpath[0m[2m=[0m/({ ({"right hand", "left hand"}) }) [3merror[0m[2m=[0mfailed to read LPC object mudlib/({ ({"right hand", "left hand"}) }).c: No such file or directory (os error 2)
[2m2026-08-18T01:31:29.381528Z[0m [32m INFO[0m [2mrmudos::vm[0m[2m:[0m load_object trying master compile_object [3mpath[0m[2m=[0m/({ ({"right hand", "left hand"}) })
[2m2026-08-18T01:31:29.381610Z[0m [32m INFO[0m [2mrmudos::efun::mudos_extra[0m[2m:[0m file_size start [3mpath[0m[2m=[0m"({ ({\"right hand\", \"left hand\"}) })"
[2m2026-08-18T01:31:29.382143Z[0m [32m INFO[0m [2mrmudos::efun::mudos_extra[0m[2m:[0m file_size done [3mpath[0m[2m=[0m"({ ({\"right hand\", \"left hand\"}) })" [3msize[0m[2m=[0m-1 [3melapsed_ms[0m[2m=[0m0
[2m2026-08-18T01:31:29.382153Z[0m [32m INFO[0m [2mrmudos::efun::mudos_extra[0m[2m:[0m file_size start [3mpath[0m[2m=[0m"0.c"
[2m2026-08-18T01:31:29.382331Z[0m [32m INFO[0m [2mrmudos::efun::mudos_extra[0m[2m:[0m file_size done [3mpath[0m[2m=[0m"0.c" [3msize[0m[2m=[0m-1 [3melapsed_ms[0m[2m=[0m0
[2m2026-08-18T01:31:29.382343Z[0m [33m WARN[0m [2mrmudos::vm[0m[2m:[0m load_object compile_object did not return an object [3mpath[0m[2m=[0m/({ ({"right hand", "left hand"}) }) [3mresult[0m[2m=[0mOk(Null)
[2m2026-08-18T01:31:29.382442Z[0m [32m INFO[0m [2mrmudos::vm[0m[2m:[0m load_object start [3mpath[0m[2m=[0m/({"right hand",  "left hand"})
[2m2026-08-18T01:31:29.382451Z[0m [32m INFO[0m [2mrmudos::compiler[0m[2m:[0m compile start [3mpath[0m[2m=[0m/({"right hand",  "left hand"}) [3mfile[0m[2m=[0mmudlib/({"right hand",  "left hand"}).c
[2m2026-08-18T01:31:29.382459Z[0m [33m WARN[0m [2mrmudos::vm[0m[2m:[0m load_object compile failed [3mpath[0m[2m=[0m/({"right hand",  "left hand"}) [3merror[0m[2m=[0mfailed to read LPC object mudlib/({"right hand",  "left hand"}).c: No such file or directory (os error 2)
[2m2026-08-18T01:31:29.382462Z[0m [32m INFO[0m [2mrmudos::vm[0m[2m:[0m load_object trying master compile_object [3mpath[0m[2m=[0m/({"right hand",  "left hand"})
[2m2026-08-18T01:31:29.382474Z[0m [32m INFO[0m [2mrmudos::efun::mudos_extra[0m[2m:[0m file_size start [3mpath[0m[2m=[0m"({\"right hand\",  \"left hand\"})"
[2m2026-08-18T01:31:29.382696Z[0m [32m INFO[0m [2mrmudos::efun::mudos_extra[0m[2m:[0m file_size done [3mpath[0m[2m=[0m"({\"right hand\",  \"left hand\"})" [3msize[0m[2m=[0m-1 [3melapsed_ms[0m[2m=[0m0
[2m2026-08-18T01:31:29.382708Z[0m [32m INFO[0m [2mrmudos::efun::mudos_extra[0m[2m:[0m file_size start [3mpath[0m[2m=[0m"0.c"
[2m2026-08-18T01:31:29.382932Z[0m [32m INFO[0m [2mrmudos::efun::mudos_extra[0m[2m:[0m file_size done [3mpath[0m[2m=[0m"0.c" [3msize[0m[2m=[0m-1 [3melapsed_ms[0m[2m=[0m0
[2m2026-08-18T01:31:29.382950Z[0m [33m WARN[0m [2mrmudos::vm[0m[2m:[0m load_object compile_object did not return an object [3mpath[0m[2m=[0m/({"right hand",  "left hand"}) [3mresult[0m[2m=[0mOk(Null)
[2m2026-08-18T01:31:29.390108Z[0m [32m INFO[0m [2mrmudos::vm[0m[2m:[0m load_object start [3mpath[0m[2m=[0m/({"leather glove", "boiled leather glove", "glove"})
[2m2026-08-18T01:31:29.390130Z[0m [32m INFO[0m [2mrmudos::compiler[0m[2m:[0m compile start [3mpath[0m[2m=[0m/({"leather glove", "boiled leather glove", "glove"}) [3mfile[0m[2m=[0mmudlib/({"leather glove", "boiled leather glove", "glove"}).c
[2m2026-08-18T01:31:29.390152Z[0m [33m WARN[0m [2mrmudos::vm[0m[2m:[0m load_object compile failed [3mpath[0m[2m=[0m/({"leather glove", "boiled leather glove", "glove"}) [3merror[0m[2m=[0mfailed to read LPC object mudlib/({"leather glove", "boiled leather glove", "glove"}).c: No such file or directory (os error 2)
[2m2026-08-18T01:31:29.390156Z[0m [32m INFO[0m [2mrmudos::vm[0m[2m:[0m load_object trying master compile_object [3mpath[0m[2m=[0m/({"leather glove", "boiled leather glove", "glove"})
[2m2026-08-18T01:31:29.390172Z[0m [32m INFO[0m [2mrmudos::efun::mudos_extra[0m[2m:[0m file_size start [3mpath[0m[2m=[0m"({\"leather glove\", \"boiled leather glove\", \"glove\"})"
[2m2026-08-18T01:31:29.390384Z[0m [32m INFO[0m [2mrmudos::efun::mudos_extra[0m[2m:[0m file_size done [3mpath[0m[2m=[0m"({\"leather glove\", \"boiled leather glove\", \"glove\"})" [3msize[0m[2m=[0m-1 [3melapsed_ms[0m[2m=[0m0
[2m2026-08-18T01:31:29.390391Z[0m [32m INFO[0m [2mrmudos::efun::mudos_extra[0m[2m:[0m file_size start [3mpath[0m[2m=[0m"0.c"
[2m2026-08-18T01:31:29.390562Z[0m [32m INFO[0m [2mrmudos::efun::mudos_extra[0m[2m:[0m file_size done [3mpath[0m[2m=[0m"0.c" [3msize[0m[2m=[0m-1 [3melapsed_ms[0m[2m=[0m0
[2m2026-08-18T01:31:29.390574Z[0m [33m WARN[0m [2mrmudos::vm[0m[2m:[0m load_object compile_object did not return an object [3mpath[0m[2m=[0m/({"leather glove", "boiled leather glove", "glove"}) [3mresult[0m[2m=[0mOk(Null)
[2m2026-08-18T01:31:29.391273Z[0m [32m INFO[0m [2mrmudos::vm[0m[2m:[0m load_object start [3mpath[0m[2m=[0m/({ ({ "left hand", "right hand" }) })
[2m2026-08-18T01:31:29.391277Z[0m [32m INFO[0m [2mrmudos::compiler[0m[2m:[0m compile start [3mpath[0m[2m=[0m/({ ({ "left hand", "right hand" }) }) [3mfile[0m[2m=[0mmudlib/({ ({ "left hand", "right hand" }) }).c
[2m2026-08-18T01:31:29.391281Z[0m [33m WARN[0m [2mrmudos::vm[0m[2m:[0m load_object compile failed [3mpath[0m[2m=[0m/({ ({ "left hand", "right hand" }) }) [3merror[0m[2m=[0mfailed to read LPC object mudlib/({ ({ "left hand", "right hand" }) }).c: No such file or directory (os error 2)
[2m2026-08-18T01:31:29.391283Z[0m [32m INFO[0m [2mrmudos::vm[0m[2m:[0m load_object trying master compile_object [3mpath[0m[2m=[0m/({ ({ "left hand", "right hand" }) })
[2m2026-08-18T01:31:29.391294Z[0m [32m INFO[0m [2mrmudos::efun::mudos_extra[0m[2m:[0m file_size start [3mpath[0m[2m=[0m"({ ({ \"left hand\", \"right hand\" }) })"
[2m2026-08-18T01:31:29.391465Z[0m [32m INFO[0m [2mrmudos::efun::mudos_extra[0m[2m:[0m file_size done [3mpath[0m[2m=[0m"({ ({ \"left hand\", \"right hand\" }) })" [3msize[0m[2m=[0m-1 [3melapsed_ms[0m[2m=[0m0
[2m2026-08-18T01:31:29.391470Z[0m [32m INFO[0m [2mrmudos::efun::mudos_extra[0m[2m:[0m file_size start [3mpath[0m[2m=[0m"0.c"
[2m2026-08-18T01:31:29.391649Z[0m [32m INFO[0m [2mrmudos::efun::mudos_extra[0m[2m:[0m file_size done [3mpath[0m[2m=[0m"0.c" [3msize[0m[2m=[0m-1 [3melapsed_ms[0m[2m=[0m0
[2m2026-08-18T01:31:29.391660Z[0m [33m WARN[0m [2mrmudos::vm[0m[2m:[0m load_object compile_object did not return an object [3mpath[0m[2m=[0m/({ ({ "left hand", "right hand" }) }) [3mresult[0m[2m=[0mOk(Null)
[2m2026-08-18T01:31:29.391726Z[0m [32m INFO[0m [2mrmudos::vm[0m[2m:[0m load_object start [3mpath[0m[2m=[0m/({ "left hand",  "right hand" })
[2m2026-08-18T01:31:29.391729Z[0m [32m INFO[0m [2mrmudos::compiler[0m[2m:[0m compile start [3mpath[0m[2m=[0m/({ "left hand",  "right hand" }) [3mfile[0m[2m=[0mmudlib/({ "left hand",  "right hand" }).c
[2m2026-08-18T01:31:29.391732Z[0m [33m WARN[0m [2mrmudos::vm[0m[2m:[0m load_object compile failed [3mpath[0m[2m=[0m/({ "left hand",  "right hand" }) [3merror[0m[2m=[0mfailed to read LPC object mudlib/({ "left hand",  "right hand" }).c: No such file or directory (os error 2)
[2m2026-08-18T01:31:29.391734Z[0m [32m INFO[0m [2mrmudos::vm[0m[2m:[0m load_object trying master compile_object [3mpath[0m[2m=[0m/({ "left hand",  "right hand" })
[2m2026-08-18T01:31:29.391744Z[0m [32m INFO[0m [2mrmudos::efun::mudos_extra[0m[2m:[0m file_size start [3mpath[0m[2m=[0m"({ \"left hand\",  \"right hand\" })"
[2m2026-08-18T01:31:29.391927Z[0m [32m INFO[0m [2mrmudos::efun::mudos_extra[0m[2m:[0m file_size done [3mpath[0m[2m=[0m"({ \"left hand\",  \"right hand\" })" [3msize[0m[2m=[0m-1 [3melapsed_ms[0m[2m=[0m0
[2m2026-08-18T01:31:29.391932Z[0m [32m INFO[0m [2mrmudos::efun::mudos_extra[0m[2m:[0m file_size start [3mpath[0m[2m=[0m"0.c"
[2m2026-08-18T01:31:29.392096Z[0m [32m INFO[0m [2mrmudos::efun::mudos_extra[0m[2m:[0m file_size done [3mpath[0m[2m=[0m"0.c" [3msize[0m[2m=[0m-1 [3melapsed_ms[0m[2m=[0m0
[2m2026-08-18T01:31:29.392105Z[0m [33m WARN[0m [2mrmudos::vm[0m[2m:[0m load_object compile_object did not return an object [3mpath[0m[2m=[0m/({ "left hand",  "right hand" }) [3mresult[0m[2m=[0mOk(Null)
[2m2026-08-18T01:31:29.397923Z[0m [32m INFO[0m [2mrmudos::vm[0m[2m:[0m load_object start [3mpath[0m[2m=[0m/({"glove", "leather glove"})
[2m2026-08-18T01:31:29.397929Z[0m [32m INFO[0m [2mrmudos::compiler[0m[2m:[0m compile start [3mpath[0m[2m=[0m/({"glove", "leather glove"}) [3mfile[0m[2m=[0mmudlib/({"glove", "leather glove"}).c
[2m2026-08-18T01:31:29.397933Z[0m [33m WARN[0m [2mrmudos::vm[0m[2m:[0m load_object compile failed [3mpath[0m[2m=[0m/({"glove", "leather glove"}) [3merror[0m[2m=[0mfailed to read LPC object mudlib/({"glove", "leather glove"}).c: No such file or directory (os error 2)
[2m2026-08-18T01:31:29.397935Z[0m [32m INFO[0m [2mrmudos::vm[0m[2m:[0m load_object trying master compile_object [3mpath[0m[2m=[0m/({"glove", "leather glove"})
[2m2026-08-18T01:31:29.397945Z[0m [32m INFO[0m [2mrmudos::efun::mudos_extra[0m[2m:[0m file_size start [3mpath[0m[2m=[0m"({\"glove\", \"leather glove\"})"
[2m2026-08-18T01:31:29.398115Z[0m [32m INFO[0m [2mrmudos::efun::mudos_extra[0m[2m:[0m file_size done [3mpath[0m[2m=[0m"({\"glove\", \"leather glove\"})" [3msize[0m[2m=[0m-1 [3melapsed_ms[0m[2m=[0m0
[2m2026-08-18T01:31:29.398120Z[0m [32m INFO[0m [2mrmudos::efun::mudos_extra[0m[2m:[0m file_size start [3mpath[0m[2m=[0m"0.c"
[2m2026-08-18T01:31:29.398297Z[0m [32m INFO[0m [2mrmudos::efun::mudos_extra[0m[2m:[0m file_size done [3mpath[0m[2m=[0m"0.c" [3msize[0m[2m=[0m-1 [3melapsed_ms[0m[2m=[0m0
[2m2026-08-18T01:31:29.398307Z[0m [33m WARN[0m [2mrmudos::vm[0m[2m:[0m load_object compile_object did not return an object [3mpath[0m[2m=[0m/({"glove", "leather glove"}) [3mresult[0m[2m=[0mOk(Null)
[2m2026-08-18T01:31:29.399041Z[0m [32m INFO[0m [2mrmudos::vm[0m[2m:[0m load_object start [3mpath[0m[2m=[0m/({ ({"right hand", "left hand"}) })
[2m2026-08-18T01:31:29.399051Z[0m [32m INFO[0m [2mrmudos::compiler[0m[2m:[0m compile start [3mpath[0m[2m=[0m/({ ({"right hand", "left hand"}) }) [3mfile[0m[2m=[0mmudlib/({ ({"right hand", "left hand"}) }).c
[2m2026-08-18T01:31:29.399059Z[0m [33m WARN[0m [2mrmudos::vm[0m[2m:[0m load_object compile failed [3mpath[0m[2m=[0m/({ ({"right hand", "left hand"}) }) [3merror[0m[2m=[0mfailed to read LPC object mudlib/({ ({"right hand", "left hand"}) }).c: No such file or directory (os error 2)
[2m2026-08-18T01:31:29.399062Z[0m [32m INFO[0m [2mrmudos::vm[0m[2m:[0m load_object trying master compile_object [3mpath[0m[2m=[0m/({ ({"right hand", "left hand"}) })
[2m2026-08-18T01:31:29.399074Z[0m [32m INFO[0m [2mrmudos::efun::mudos_extra[0m[2m:[0m file_size start [3mpath[0m[2m=[0m"({ ({\"right hand\", \"left hand\"}) })"
[2m2026-08-18T01:31:29.399260Z[0m [32m INFO[0m [2mrmudos::efun::mudos_extra[0m[2m:[0m file_size done [3mpath[0m[2m=[0m"({ ({\"right hand\", \"left hand\"}) })" [3msize[0m[2m=[0m-1 [3melapsed_ms[0m[2m=[0m0
[2m2026-08-18T01:31:29.399265Z[0m [32m INFO[0m [2mrmudos::efun::mudos_extra[0m[2m:[0m file_size start [3mpath[0m[2m=[0m"0.c"
[2m2026-08-18T01:31:29.399442Z[0m [32m INFO[0m [2mrmudos::efun::mudos_extra[0m[2m:[0m file_size done [3mpath[0m[2m=[0m"0.c" [3msize[0m[2m=[0m-1 [3melapsed_ms[0m[2m=[0m0
[2m2026-08-18T01:31:29.399453Z[0m [33m WARN[0m [2mrmudos::vm[0m[2m:[0m load_object compile_object did not return an object [3mpath[0m[2m=[0m/({ ({"right hand", "left hand"}) }) [3mresult[0m[2m=[0mOk(Null)
[2m2026-08-18T01:31:29.399519Z[0m [32m INFO[0m [2mrmudos::vm[0m[2m:[0m load_object start [3mpath[0m[2m=[0m/({"right hand",  "left hand"})
[2m2026-08-18T01:31:29.399523Z[0m [32m INFO[0m [2mrmudos::compiler[0m[2m:[0m compile start [3mpath[0m[2m=[0m/({"right hand",  "left hand"}) [3mfile[0m[2m=[0mmudlib/({"right hand",  "left hand"}).c
[2m2026-08-18T01:31:29.399526Z[0m [33m WARN[0m [2mrmudos::vm[0m[2m:[0m load_object compile failed [3mpath[0m[2m=[0m/({"right hand",  "left hand"}) [3merror[0m[2m=[0mfailed to read LPC object mudlib/({"right hand",  "left hand"}).c: No such file or directory (os error 2)
[2m2026-08-18T01:31:29.399528Z[0m [32m INFO[0m [2mrmudos::vm[0m[2m:[0m load_object trying master compile_object [3mpath[0m[2m=[0m/({"right hand",  "left hand"})
[2m2026-08-18T01:31:29.399538Z[0m [32m INFO[0m [2mrmudos::efun::mudos_extra[0m[2m:[0m file_size start [3mpath[0m[2m=[0m"({\"right hand\",  \"left hand\"})"
[2m2026-08-18T01:31:29.399712Z[0m [32m INFO[0m [2mrmudos::efun::mudos_extra[0m[2m:[0m file_size done [3mpath[0m[2m=[0m"({\"right hand\",  \"left hand\"})" [3msize[0m[2m=[0m-1 [3melapsed_ms[0m[2m=[0m0
[2m2026-08-18T01:31:29.399715Z[0m [32m INFO[0m [2mrmudos::efun::mudos_extra[0m[2m:[0m file_size start [3mpath[0m[2m=[0m"0.c"
[2m2026-08-18T01:31:29.399867Z[0m [32m INFO[0m [2mrmudos::efun::mudos_extra[0m[2m:[0m file_size done [3mpath[0m[2m=[0m"0.c" [3msize[0m[2m=[0m-1 [3melapsed_ms[0m[2m=[0m0
[2m2026-08-18T01:31:29.399876Z[0m [33m WARN[0m [2mrmudos::vm[0m[2m:[0m load_object compile_object did not return an object [3mpath[0m[2m=[0m/({"right hand",  "left hand"}) [3mresult[0m[2m=[0mOk(Null)
[2m2026-08-18T01:31:29.405135Z[0m [32m INFO[0m [2mrmudos::vm[0m[2m:[0m load_object start [3mpath[0m[2m=[0m/({"glove", "padded glove"})
[2m2026-08-18T01:31:29.405142Z[0m [32m INFO[0m [2mrmudos::compiler[0m[2m:[0m compile start [3mpath[0m[2m=[0m/({"glove", "padded glove"}) [3mfile[0m[2m=[0mmudlib/({"glove", "padded glove"}).c
[2m2026-08-18T01:31:29.405147Z[0m [33m WARN[0m [2mrmudos::vm[0m[2m:[0m load_object compile failed [3mpath[0m[2m=[0m/({"glove", "padded glove"}) [3merror[0m[2m=[0mfailed to read LPC object mudlib/({"glove", "padded glove"}).c: No such file or directory (os error 2)
[2m2026-08-18T01:31:29.405149Z[0m [32m INFO[0m [2mrmudos::vm[0m[2m:[0m load_object trying master compile_object [3mpath[0m[2m=[0m/({"glove", "padded glove"})
[2m2026-08-18T01:31:29.405158Z[0m [32m INFO[0m [2mrmudos::efun::mudos_extra[0m[2m:[0m file_size start [3mpath[0m[2m=[0m"({\"glove\", \"padded glove\"})"
[2m2026-08-18T01:31:29.405376Z[0m [32m INFO[0m [2mrmudos::efun::mudos_extra[0m[2m:[0m file_size done [3mpath[0m[2m=[0m"({\"glove\", \"padded glove\"})" [3msize[0m[2m=[0m-1 [3melapsed_ms[0m[2m=[0m0
[2m2026-08-18T01:31:29.405426Z[0m [32m INFO[0m [2mrmudos::efun::mudos_extra[0m[2m:[0m file_size start [3mpath[0m[2m=[0m"0.c"
[2m2026-08-18T01:31:29.406117Z[0m [32m INFO[0m [2mrmudos::efun::mudos_extra[0m[2m:[0m file_size done [3mpath[0m[2m=[0m"0.c" [3msize[0m[2m=[0m-1 [3melapsed_ms[0m[2m=[0m0
[2m2026-08-18T01:31:29.406138Z[0m [33m WARN[0m [2mrmudos::vm[0m[2m:[0m load_object compile_object did not return an object [3mpath[0m[2m=[0m/({"glove", "padded glove"}) [3mresult[0m[2m=[0mOk(Null)
[2m2026-08-18T01:31:29.407121Z[0m [32m INFO[0m [2mrmudos::vm[0m[2m:[0m load_object start [3mpath[0m[2m=[0m/({ ({"right hand", "left hand"}) })
[2m2026-08-18T01:31:29.407139Z[0m [32m INFO[0m [2mrmudos::compiler[0m[2m:[0m compile start [3mpath[0m[2m=[0m/({ ({"right hand", "left hand"}) }) [3mfile[0m[2m=[0mmudlib/({ ({"right hand", "left hand"}) }).c
[2m2026-08-18T01:31:29.407159Z[0m [33m WARN[0m [2mrmudos::vm[0m[2m:[0m load_object compile failed [3mpath[0m[2m=[0m/({ ({"right hand", "left hand"}) }) [3merror[0m[2m=[0mfailed to read LPC object mudlib/({ ({"right hand", "left hand"}) }).c: No such file or directory (os error 2)
[2m2026-08-18T01:31:29.407163Z[0m [32m INFO[0m [2mrmudos::vm[0m[2m:[0m load_object trying master compile_object [3mpath[0m[2m=[0m/({ ({"right hand", "left hand"}) })
[2m2026-08-18T01:31:29.407178Z[0m [32m INFO[0m [2mrmudos::efun::mudos_extra[0m[2m:[0m file_size start [3mpath[0m[2m=[0m"({ ({\"right hand\", \"left hand\"}) })"
[2m2026-08-18T01:31:29.407450Z[0m [32m INFO[0m [2mrmudos::efun::mudos_extra[0m[2m:[0m file_size done [3mpath[0m[2m=[0m"({ ({\"right hand\", \"left hand\"}) })" [3msize[0m[2m=[0m-1 [3melapsed_ms[0m[2m=[0m0
[2m2026-08-18T01:31:29.407462Z[0m [32m INFO[0m [2mrmudos::efun::mudos_extra[0m[2m:[0m file_size start [3mpath[0m[2m=[0m"0.c"
[2m2026-08-18T01:31:29.407638Z[0m [32m INFO[0m [2mrmudos::efun::mudos_extra[0m[2m:[0m file_size done [3mpath[0m[2m=[0m"0.c" [3msize[0m[2m=[0m-1 [3melapsed_ms[0m[2m=[0m0
[2m2026-08-18T01:31:29.407651Z[0m [33m WARN[0m [2mrmudos::vm[0m[2m:[0m load_object compile_object did not return an object [3mpath[0m[2m=[0m/({ ({"right hand", "left hand"}) }) [3mresult[0m[2m=[0mOk(Null)
[2m2026-08-18T01:31:29.407725Z[0m [32m INFO[0m [2mrmudos::vm[0m[2m:[0m load_object start [3mpath[0m[2m=[0m/({"right hand",  "left hand"})
[2m2026-08-18T01:31:29.407729Z[0m [32m INFO[0m [2mrmudos::compiler[0m[2m:[0m compile start [3mpath[0m[2m=[0m/({"right hand",  "left hand"}) [3mfile[0m[2m=[0mmudlib/({"right hand",  "left hand"}).c
[2m2026-08-18T01:31:29.407735Z[0m [33m WARN[0m [2mrmudos::vm[0m[2m:[0m load_object compile failed [3mpath[0m[2m=[0m/({"right hand",  "left hand"}) [3merror[0m[2m=[0mfailed to read LPC object mudlib/({"right hand",  "left hand"}).c: No such file or directory (os error 2)
[2m2026-08-18T01:31:29.407737Z[0m [32m INFO[0m [2mrmudos::vm[0m[2m:[0m load_object trying master compile_object [3mpath[0m[2m=[0m/({"right hand",  "left hand"})
[2m2026-08-18T01:31:29.407749Z[0m [32m INFO[0m [2mrmudos::efun::mudos_extra[0m[2m:[0m file_size start [3mpath[0m[2m=[0m"({\"right hand\",  \"left hand\"})"
[2m2026-08-18T01:31:29.407963Z[0m [32m INFO[0m [2mrmudos::efun::mudos_extra[0m[2m:[0m file_size done [3mpath[0m[2m=[0m"({\"right hand\",  \"left hand\"})" [3msize[0m[2m=[0m-1 [3melapsed_ms[0m[2m=[0m0
[2m2026-08-18T01:31:29.407973Z[0m [32m INFO[0m [2mrmudos::efun::mudos_extra[0m[2m:[0m file_size start [3mpath[0m[2m=[0m"0.c"
[2m2026-08-18T01:31:29.408168Z[0m [32m INFO[0m [2mrmudos::efun::mudos_extra[0m[2m:[0m file_size done [3mpath[0m[2m=[0m"0.c" [3msize[0m[2m=[0m-1 [3melapsed_ms[0m[2m=[0m0
[2m2026-08-18T01:31:29.408182Z[0m [33m WARN[0m [2mrmudos::vm[0m[2m:[0m load_object compile_object did not return an object [3mpath[0m[2m=[0m/({"right hand",  "left hand"}) [3mresult[0m[2m=[0mOk(Null)
[2m2026-08-18T01:31:29.413599Z[0m [32m INFO[0m [2mrmudos::vm[0m[2m:[0m load_object start [3mpath[0m[2m=[0m/({ "tabard" })
[2m2026-08-18T01:31:29.413609Z[0m [32m INFO[0m [2mrmudos::compiler[0m[2m:[0m compile start [3mpath[0m[2m=[0m/({ "tabard" }) [3mfile[0m[2m=[0mmudlib/({ "tabard" }).c
[2m2026-08-18T01:31:29.413617Z[0m [33m WARN[0m [2mrmudos::vm[0m[2m:[0m load_object compile failed [3mpath[0m[2m=[0m/({ "tabard" }) [3merror[0m[2m=[0mfailed to read LPC object mudlib/({ "tabard" }).c: No such file or directory (os error 2)
[2m2026-08-18T01:31:29.413620Z[0m [32m INFO[0m [2mrmudos::vm[0m[2m:[0m load_object trying master compile_object [3mpath[0m[2m=[0m/({ "tabard" })
[2m2026-08-18T01:31:29.413631Z[0m [32m INFO[0m [2mrmudos::efun::mudos_extra[0m[2m:[0m file_size start [3mpath[0m[2m=[0m"({ \"tabard\" })"
[2m2026-08-18T01:31:29.413807Z[0m [32m INFO[0m [2mrmudos::efun::mudos_extra[0m[2m:[0m file_size done [3mpath[0m[2m=[0m"({ \"tabard\" })" [3msize[0m[2m=[0m-1 [3melapsed_ms[0m[2m=[0m0
[2m2026-08-18T01:31:29.413812Z[0m [32m INFO[0m [2mrmudos::efun::mudos_extra[0m[2m:[0m file_size start [3mpath[0m[2m=[0m"0.c"
[2m2026-08-18T01:31:29.414001Z[0m [32m INFO[0m [2mrmudos::efun::mudos_extra[0m[2m:[0m file_size done [3mpath[0m[2m=[0m"0.c" [3msize[0m[2m=[0m-1 [3melapsed_ms[0m[2m=[0m0
[2m2026-08-18T01:31:29.414015Z[0m [33m WARN[0m [2mrmudos::vm[0m[2m:[0m load_object compile_object did not return an object [3mpath[0m[2m=[0m/({ "tabard" }) [3mresult[0m[2m=[0mOk(Null)
[2m2026-08-18T01:31:29.414640Z[0m [32m INFO[0m [2mrmudos::vm[0m[2m:[0m load_object start [3mpath[0m[2m=[0m/({ "torso" })
[2m2026-08-18T01:31:29.414644Z[0m [32m INFO[0m [2mrmudos::compiler[0m[2m:[0m compile start [3mpath[0m[2m=[0m/({ "torso" }) [3mfile[0m[2m=[0mmudlib/({ "torso" }).c
[2m2026-08-18T01:31:29.414647Z[0m [33m WARN[0m [2mrmudos::vm[0m[2m:[0m load_object compile failed [3mpath[0m[2m=[0m/({ "torso" }) [3merror[0m[2m=[0mfailed to read LPC object mudlib/({ "torso" }).c: No such file or directory (os error 2)
[2m2026-08-18T01:31:29.414649Z[0m [32m INFO[0m [2mrmudos::vm[0m[2m:[0m load_object trying master compile_object [3mpath[0m[2m=[0m/({ "torso" })
[2m2026-08-18T01:31:29.414659Z[0m [32m INFO[0m [2mrmudos::efun::mudos_extra[0m[2m:[0m file_size start [3mpath[0m[2m=[0m"({ \"torso\" })"
[2m2026-08-18T01:31:29.414820Z[0m [32m INFO[0m [2mrmudos::efun::mudos_extra[0m[2m:[0m file_size done [3mpath[0m[2m=[0m"({ \"torso\" })" [3msize[0m[2m=[0m-1 [3melapsed_ms[0m[2m=[0m0
[2m2026-08-18T01:31:29.414824Z[0m [32m INFO[0m [2mrmudos::efun::mudos_extra[0m[2m:[0m file_size start [3mpath[0m[2m=[0m"0.c"
[2m2026-08-18T01:31:29.414983Z[0m [32m INFO[0m [2mrmudos::efun::mudos_extra[0m[2m:[0m file_size done [3mpath[0m[2m=[0m"0.c" [3msize[0m[2m=[0m-1 [3melapsed_ms[0m[2m=[0m0
[2m2026-08-18T01:31:29.414993Z[0m [33m WARN[0m [2mrmudos::vm[0m[2m:[0m load_object compile_object did not return an object [3mpath[0m[2m=[0m/({ "torso" }) [3mresult[0m[2m=[0mOk(Null)
[2m2026-08-18T01:31:29.416466Z[0m [32m INFO[0m [2mrmudos::vm[0m[2m:[0m load_object start [3mpath[0m[2m=[0m/({ "torso" })
[2m2026-08-18T01:31:29.416470Z[0m [32m INFO[0m [2mrmudos::compiler[0m[2m:[0m compile start [3mpath[0m[2m=[0m/({ "torso" }) [3mfile[0m[2m=[0mmudlib/({ "torso" }).c
[2m2026-08-18T01:31:29.416473Z[0m [33m WARN[0m [2mrmudos::vm[0m[2m:[0m load_object compile failed [3mpath[0m[2m=[0m/({ "torso" }) [3merror[0m[2m=[0mfailed to read LPC object mudlib/({ "torso" }).c: No such file or directory (os error 2)
[2m2026-08-18T01:31:29.416475Z[0m [32m INFO[0m [2mrmudos::vm[0m[2m:[0m load_object trying master compile_object [3mpath[0m[2m=[0m/({ "torso" })
[2m2026-08-18T01:31:29.416486Z[0m [32m INFO[0m [2mrmudos::efun::mudos_extra[0m[2m:[0m file_size start [3mpath[0m[2m=[0m"({ \"torso\" })"
[2m2026-08-18T01:31:29.416660Z[0m [32m INFO[0m [2mrmudos::efun::mudos_extra[0m[2m:[0m file_size done [3mpath[0m[2m=[0m"({ \"torso\" })" [3msize[0m[2m=[0m-1 [3melapsed_ms[0m[2m=[0m0
[2m2026-08-18T01:31:29.416664Z[0m [32m INFO[0m [2mrmudos::efun::mudos_extra[0m[2m:[0m file_size start [3mpath[0m[2m=[0m"0.c"
[2m2026-08-18T01:31:29.416838Z[0m [32m INFO[0m [2mrmudos::efun::mudos_extra[0m[2m:[0m file_size done [3mpath[0m[2m=[0m"0.c" [3msize[0m[2m=[0m-1 [3melapsed_ms[0m[2m=[0m0
[2m2026-08-18T01:31:29.416848Z[0m [33m WARN[0m [2mrmudos::vm[0m[2m:[0m load_object compile_object did not return an object [3mpath[0m[2m=[0m/({ "torso" }) [3mresult[0m[2m=[0mOk(Null)
[2m2026-08-18T01:31:29.420892Z[0m [32m INFO[0m [2mrmudos::vm[0m[2m:[0m load_object start [3mpath[0m[2m=[0m/({ "banded mail", "mail" })
[2m2026-08-18T01:31:29.420899Z[0m [32m INFO[0m [2mrmudos::compiler[0m[2m:[0m compile start [3mpath[0m[2m=[0m/({ "banded mail", "mail" }) [3mfile[0m[2m=[0mmudlib/({ "banded mail", "mail" }).c
[2m2026-08-18T01:31:29.420903Z[0m [33m WARN[0m [2mrmudos::vm[0m[2m:[0m load_object compile failed [3mpath[0m[2m=[0m/({ "banded mail", "mail" }) [3merror[0m[2m=[0mfailed to read LPC object mudlib/({ "banded mail", "mail" }).c: No such file or directory (os error 2)
[2m2026-08-18T01:31:29.420905Z[0m [32m INFO[0m [2mrmudos::vm[0m[2m:[0m load_object trying master compile_object [3mpath[0m[2m=[0m/({ "banded mail", "mail" })
[2m2026-08-18T01:31:29.420915Z[0m [32m INFO[0m [2mrmudos::efun::mudos_extra[0m[2m:[0m file_size start [3mpath[0m[2m=[0m"({ \"banded mail\", \"mail\" })"
[2m2026-08-18T01:31:29.421116Z[0m [32m INFO[0m [2mrmudos::efun::mudos_extra[0m[2m:[0m file_size done [3mpath[0m[2m=[0m"({ \"banded mail\", \"mail\" })" [3msize[0m[2m=[0m-1 [3melapsed_ms[0m[2m=[0m0
[2m2026-08-18T01:31:29.421128Z[0m [32m INFO[0m [2mrmudos::efun::mudos_extra[0m[2m:[0m file_size start [3mpath[0m[2m=[0m"0.c"
[2m2026-08-18T01:31:29.421397Z[0m [32m INFO[0m [2mrmudos::efun::mudos_extra[0m[2m:[0m file_size done [3mpath[0m[2m=[0m"0.c" [3msize[0m[2m=[0m-1 [3melapsed_ms[0m[2m=[0m0
[2m2026-08-18T01:31:29.421417Z[0m [33m WARN[0m [2mrmudos::vm[0m[2m:[0m load_object compile_object did not return an object [3mpath[0m[2m=[0m/({ "banded mail", "mail" }) [3mresult[0m[2m=[0mOk(Null)
[2m2026-08-18T01:31:29.422180Z[0m [32m INFO[0m [2mrmudos::vm[0m[2m:[0m load_object start [3mpath[0m[2m=[0m/({ "torso" })
[2m2026-08-18T01:31:29.422190Z[0m [32m INFO[0m [2mrmudos::compiler[0m[2m:[0m compile start [3mpath[0m[2m=[0m/({ "torso" }) [3mfile[0m[2m=[0mmudlib/({ "torso" }).c
[2m2026-08-18T01:31:29.422200Z[0m [33m WARN[0m [2mrmudos::vm[0m[2m:[0m load_object compile failed [3mpath[0m[2m=[0m/({ "torso" }) [3merror[0m[2m=[0mfailed to read LPC object mudlib/({ "torso" }).c: No such file or directory (os error 2)
[2m2026-08-18T01:31:29.422203Z[0m [32m INFO[0m [2mrmudos::vm[0m[2m:[0m load_object trying master compile_object [3mpath[0m[2m=[0m/({ "torso" })
[2m2026-08-18T01:31:29.422216Z[0m [32m INFO[0m [2mrmudos::efun::mudos_extra[0m[2m:[0m file_size start [3mpath[0m[2m=[0m"({ \"torso\" })"
[2m2026-08-18T01:31:29.422447Z[0m [32m INFO[0m [2mrmudos::efun::mudos_extra[0m[2m:[0m file_size done [3mpath[0m[2m=[0m"({ \"torso\" })" [3msize[0m[2m=[0m-1 [3melapsed_ms[0m[2m=[0m0
[2m2026-08-18T01:31:29.422456Z[0m [32m INFO[0m [2mrmudos::efun::mudos_extra[0m[2m:[0m file_size start [3mpath[0m[2m=[0m"0.c"
[2m2026-08-18T01:31:29.422622Z[0m [32m INFO[0m [2mrmudos::efun::mudos_extra[0m[2m:[0m file_size done [3mpath[0m[2m=[0m"0.c" [3msize[0m[2m=[0m-1 [3melapsed_ms[0m[2m=[0m0
[2m2026-08-18T01:31:29.422633Z[0m [33m WARN[0m [2mrmudos::vm[0m[2m:[0m load_object compile_object did not return an object [3mpath[0m[2m=[0m/({ "torso" }) [3mresult[0m[2m=[0mOk(Null)
[2m2026-08-18T01:31:29.424841Z[0m [32m INFO[0m [2mrmudos::vm[0m[2m:[0m load_object start [3mpath[0m[2m=[0m/({ "torso" })
[2m2026-08-18T01:31:29.424857Z[0m [32m INFO[0m [2mrmudos::compiler[0m[2m:[0m compile start [3mpath[0m[2m=[0m/({ "torso" }) [3mfile[0m[2m=[0mmudlib/({ "torso" }).c
[2m2026-08-18T01:31:29.424871Z[0m [33m WARN[0m [2mrmudos::vm[0m[2m:[0m load_object compile failed [3mpath[0m[2m=[0m/({ "torso" }) [3merror[0m[2m=[0mfailed to read LPC object mudlib/({ "torso" }).c: No such file or directory (os error 2)
[2m2026-08-18T01:31:29.424874Z[0m [32m INFO[0m [2mrmudos::vm[0m[2m:[0m load_object trying master compile_object [3mpath[0m[2m=[0m/({ "torso" })
[2m2026-08-18T01:31:29.424888Z[0m [32m INFO[0m [2mrmudos::efun::mudos_extra[0m[2m:[0m file_size start [3mpath[0m[2m=[0m"({ \"torso\" })"
[2m2026-08-18T01:31:29.425461Z[0m [32m INFO[0m [2mrmudos::efun::mudos_extra[0m[2m:[0m file_size done [3mpath[0m[2m=[0m"({ \"torso\" })" [3msize[0m[2m=[0m-1 [3melapsed_ms[0m[2m=[0m0
[2m2026-08-18T01:31:29.425472Z[0m [32m INFO[0m [2mrmudos::efun::mudos_extra[0m[2m:[0m file_size start [3mpath[0m[2m=[0m"0.c"
[2m2026-08-18T01:31:29.425643Z[0m [32m INFO[0m [2mrmudos::efun::mudos_extra[0m[2m:[0m file_size done [3mpath[0m[2m=[0m"0.c" [3msize[0m[2m=[0m-1 [3melapsed_ms[0m[2m=[0m0
[2m2026-08-18T01:31:29.425655Z[0m [33m WARN[0m [2mrmudos::vm[0m[2m:[0m load_object compile_object did not return an object [3mpath[0m[2m=[0m/({ "torso" }) [3mresult[0m[2m=[0mOk(Null)
[2m2026-08-18T01:31:29.430102Z[0m [32m INFO[0m [2mrmudos::vm[0m[2m:[0m load_object start [3mpath[0m[2m=[0m/({ "quilted vest", "vest" })
[2m2026-08-18T01:31:29.430112Z[0m [32m INFO[0m [2mrmudos::compiler[0m[2m:[0m compile start [3mpath[0m[2m=[0m/({ "quilted vest", "vest" }) [3mfile[0m[2m=[0mmudlib/({ "quilted vest", "vest" }).c
[2m2026-08-18T01:31:29.430120Z[0m [33m WARN[0m [2mrmudos::vm[0m[2m:[0m load_object compile failed [3mpath[0m[2m=[0m/({ "quilted vest", "vest" }) [3merror[0m[2m=[0mfailed to read LPC object mudlib/({ "quilted vest", "vest" }).c: No such file or directory (os error 2)
[2m2026-08-18T01:31:29.430123Z[0m [32m INFO[0m [2mrmudos::vm[0m[2m:[0m load_object trying master compile_object [3mpath[0m[2m=[0m/({ "quilted vest", "vest" })
[2m2026-08-18T01:31:29.430134Z[0m [32m INFO[0m [2mrmudos::efun::mudos_extra[0m[2m:[0m file_size start [3mpath[0m[2m=[0m"({ \"quilted vest\", \"vest\" })"
[2m2026-08-18T01:31:29.430312Z[0m [32m INFO[0m [2mrmudos::efun::mudos_extra[0m[2m:[0m file_size done [3mpath[0m[2m=[0m"({ \"quilted vest\", \"vest\" })" [3msize[0m[2m=[0m-1 [3melapsed_ms[0m[2m=[0m0
[2m2026-08-18T01:31:29.430317Z[0m [32m INFO[0m [2mrmudos::efun::mudos_extra[0m[2m:[0m file_size start [3mpath[0m[2m=[0m"0.c"
[2m2026-08-18T01:31:29.430494Z[0m [32m INFO[0m [2mrmudos::efun::mudos_extra[0m[2m:[0m file_size done [3mpath[0m[2m=[0m"0.c" [3msize[0m[2m=[0m-1 [3melapsed_ms[0m[2m=[0m0
[2m2026-08-18T01:31:29.430505Z[0m [33m WARN[0m [2mrmudos::vm[0m[2m:[0m load_object compile_object did not return an object [3mpath[0m[2m=[0m/({ "quilted vest", "vest" }) [3mresult[0m[2m=[0mOk(Null)
[2m2026-08-18T01:31:29.431149Z[0m [32m INFO[0m [2mrmudos::vm[0m[2m:[0m load_object start [3mpath[0m[2m=[0m/({ "torso" })
[2m2026-08-18T01:31:29.431153Z[0m [32m INFO[0m [2mrmudos::compiler[0m[2m:[0m compile start [3mpath[0m[2m=[0m/({ "torso" }) [3mfile[0m[2m=[0mmudlib/({ "torso" }).c
[2m2026-08-18T01:31:29.431156Z[0m [33m WARN[0m [2mrmudos::vm[0m[2m:[0m load_object compile failed [3mpath[0m[2m=[0m/({ "torso" }) [3merror[0m[2m=[0mfailed to read LPC object mudlib/({ "torso" }).c: No such file or directory (os error 2)
[2m2026-08-18T01:31:29.431158Z[0m [32m INFO[0m [2mrmudos::vm[0m[2m:[0m load_object trying master compile_object [3mpath[0m[2m=[0m/({ "torso" })
[2m2026-08-18T01:31:29.431168Z[0m [32m INFO[0m [2mrmudos::efun::mudos_extra[0m[2m:[0m file_size start [3mpath[0m[2m=[0m"({ \"torso\" })"
[2m2026-08-18T01:31:29.431324Z[0m [32m INFO[0m [2mrmudos::efun::mudos_extra[0m[2m:[0m file_size done [3mpath[0m[2m=[0m"({ \"torso\" })" [3msize[0m[2m=[0m-1 [3melapsed_ms[0m[2m=[0m0
[2m2026-08-18T01:31:29.431329Z[0m [32m INFO[0m [2mrmudos::efun::mudos_extra[0m[2m:[0m file_size start [3mpath[0m[2m=[0m"0.c"
[2m2026-08-18T01:31:29.431499Z[0m [32m INFO[0m [2mrmudos::efun::mudos_extra[0m[2m:[0m file_size done [3mpath[0m[2m=[0m"0.c" [3msize[0m[2m=[0m-1 [3melapsed_ms[0m[2m=[0m0
[2m2026-08-18T01:31:29.431510Z[0m [33m WARN[0m [2mrmudos::vm[0m[2m:[0m load_object compile_object did not return an object [3mpath[0m[2m=[0m/({ "torso" }) [3mresult[0m[2m=[0mOk(Null)
[2m2026-08-18T01:31:29.432937Z[0m [32m INFO[0m [2mrmudos::vm[0m[2m:[0m load_object start [3mpath[0m[2m=[0m/({ "torso" })
[2m2026-08-18T01:31:29.432940Z[0m [32m INFO[0m [2mrmudos::compiler[0m[2m:[0m compile start [3mpath[0m[2m=[0m/({ "torso" }) [3mfile[0m[2m=[0mmudlib/({ "torso" }).c
[2m2026-08-18T01:31:29.432943Z[0m [33m WARN[0m [2mrmudos::vm[0m[2m:[0m load_object compile failed [3mpath[0m[2m=[0m/({ "torso" }) [3merror[0m[2m=[0mfailed to read LPC object mudlib/({ "torso" }).c: No such file or directory (os error 2)
[2m2026-08-18T01:31:29.432944Z[0m [32m INFO[0m [2mrmudos::vm[0m[2m:[0m load_object trying master compile_object [3mpath[0m[2m=[0m/({ "torso" })
[2m2026-08-18T01:31:29.432954Z[0m [32m INFO[0m [2mrmudos::efun::mudos_extra[0m[2m:[0m file_size start [3mpath[0m[2m=[0m"({ \"torso\" })"
[2m2026-08-18T01:31:29.433110Z[0m [32m INFO[0m [2mrmudos::efun::mudos_extra[0m[2m:[0m file_size done [3mpath[0m[2m=[0m"({ \"torso\" })" [3msize[0m[2m=[0m-1 [3melapsed_ms[0m[2m=[0m0
[2m2026-08-18T01:31:29.433114Z[0m [32m INFO[0m [2mrmudos::efun::mudos_extra[0m[2m:[0m file_size start [3mpath[0m[2m=[0m"0.c"
[2m2026-08-18T01:31:29.433269Z[0m [32m INFO[0m [2mrmudos::efun::mudos_extra[0m[2m:[0m file_size done [3mpath[0m[2m=[0m"0.c" [3msize[0m[2m=[0m-1 [3melapsed_ms[0m[2m=[0m0
[2m2026-08-18T01:31:29.433277Z[0m [33m WARN[0m [2mrmudos::vm[0m[2m:[0m load_object compile_object did not return an object [3mpath[0m[2m=[0m/({ "torso" }) [3mresult[0m[2m=[0mOk(Null)
[2m2026-08-18T01:31:29.436850Z[0m [32m INFO[0m [2mrmudos::vm[0m[2m:[0m load_object start [3mpath[0m[2m=[0m/({ "taces" })
[2m2026-08-18T01:31:29.436857Z[0m [32m INFO[0m [2mrmudos::compiler[0m[2m:[0m compile start [3mpath[0m[2m=[0m/({ "taces" }) [3mfile[0m[2m=[0mmudlib/({ "taces" }).c
[2m2026-08-18T01:31:29.436861Z[0m [33m WARN[0m [2mrmudos::vm[0m[2m:[0m load_object compile failed [3mpath[0m[2m=[0m/({ "taces" }) [3merror[0m[2m=[0mfailed to read LPC object mudlib/({ "taces" }).c: No such file or directory (os error 2)
[2m2026-08-18T01:31:29.436862Z[0m [32m INFO[0m [2mrmudos::vm[0m[2m:[0m load_object trying master compile_object [3mpath[0m[2m=[0m/({ "taces" })
[2m2026-08-18T01:31:29.436872Z[0m [32m INFO[0m [2mrmudos::efun::mudos_extra[0m[2m:[0m file_size start [3mpath[0m[2m=[0m"({ \"taces\" })"
[2m2026-08-18T01:31:29.437033Z[0m [32m INFO[0m [2mrmudos::efun::mudos_extra[0m[2m:[0m file_size done [3mpath[0m[2m=[0m"({ \"taces\" })" [3msize[0m[2m=[0m-1 [3melapsed_ms[0m[2m=[0m0
[2m2026-08-18T01:31:29.437041Z[0m [32m INFO[0m [2mrmudos::efun::mudos_extra[0m[2m:[0m file_size start [3mpath[0m[2m=[0m"0.c"
[2m2026-08-18T01:31:29.437199Z[0m [32m INFO[0m [2mrmudos::efun::mudos_extra[0m[2m:[0m file_size done [3mpath[0m[2m=[0m"0.c" [3msize[0m[2m=[0m-1 [3melapsed_ms[0m[2m=[0m0
[2m2026-08-18T01:31:29.437210Z[0m [33m WARN[0m [2mrmudos::vm[0m[2m:[0m load_object compile_object did not return an object [3mpath[0m[2m=[0m/({ "taces" }) [3mresult[0m[2m=[0mOk(Null)
[2m2026-08-18T01:31:29.437852Z[0m [32m INFO[0m [2mrmudos::vm[0m[2m:[0m load_object start [3mpath[0m[2m=[0m/({ "right leg", "left leg" })
[2m2026-08-18T01:31:29.437859Z[0m [32m INFO[0m [2mrmudos::compiler[0m[2m:[0m compile start [3mpath[0m[2m=[0m/({ "right leg", "left leg" }) [3mfile[0m[2m=[0mmudlib/({ "right leg", "left leg" }).c
[2m2026-08-18T01:31:29.437863Z[0m [33m WARN[0m [2mrmudos::vm[0m[2m:[0m load_object compile failed [3mpath[0m[2m=[0m/({ "right leg", "left leg" }) [3merror[0m[2m=[0mfailed to read LPC object mudlib/({ "right leg", "left leg" }).c: No such file or directory (os error 2)
[2m2026-08-18T01:31:29.437865Z[0m [32m INFO[0m [2mrmudos::vm[0m[2m:[0m load_object trying master compile_object [3mpath[0m[2m=[0m/({ "right leg", "left leg" })
[2m2026-08-18T01:31:29.437876Z[0m [32m INFO[0m [2mrmudos::efun::mudos_extra[0m[2m:[0m file_size start [3mpath[0m[2m=[0m"({ \"right leg\", \"left leg\" })"
[2m2026-08-18T01:31:29.438058Z[0m [32m INFO[0m [2mrmudos::efun::mudos_extra[0m[2m:[0m file_size done [3mpath[0m[2m=[0m"({ \"right leg\", \"left leg\" })" [3msize[0m[2m=[0m-1 [3melapsed_ms[0m[2m=[0m0
[2m2026-08-18T01:31:29.438076Z[0m [32m INFO[0m [2mrmudos::efun::mudos_extra[0m[2m:[0m file_size start [3mpath[0m[2m=[0m"0.c"
[2m2026-08-18T01:31:29.438273Z[0m [32m INFO[0m [2mrmudos::efun::mudos_extra[0m[2m:[0m file_size done [3mpath[0m[2m=[0m"0.c" [3msize[0m[2m=[0m-1 [3melapsed_ms[0m[2m=[0m0
[2m2026-08-18T01:31:29.438286Z[0m [33m WARN[0m [2mrmudos::vm[0m[2m:[0m load_object compile_object did not return an object [3mpath[0m[2m=[0m/({ "right leg", "left leg" }) [3mresult[0m[2m=[0mOk(Null)
[2m2026-08-18T01:31:29.440020Z[0m [32m INFO[0m [2mrmudos::vm[0m[2m:[0m load_object start [3mpath[0m[2m=[0m/({ "right leg", "left leg" })
[2m2026-08-18T01:31:29.440043Z[0m [32m INFO[0m [2mrmudos::compiler[0m[2m:[0m compile start [3mpath[0m[2m=[0m/({ "right leg", "left leg" }) [3mfile[0m[2m=[0mmudlib/({ "right leg", "left leg" }).c
[2m2026-08-18T01:31:29.440055Z[0m [33m WARN[0m [2mrmudos::vm[0m[2m:[0m load_object compile failed [3mpath[0m[2m=[0m/({ "right leg", "left leg" }) [3merror[0m[2m=[0mfailed to read LPC object mudlib/({ "right leg", "left leg" }).c: No such file or directory (os error 2)
[2m2026-08-18T01:31:29.440059Z[0m [32m INFO[0m [2mrmudos::vm[0m[2m:[0m load_object trying master compile_object [3mpath[0m[2m=[0m/({ "right leg", "left leg" })
[2m2026-08-18T01:31:29.440076Z[0m [32m INFO[0m [2mrmudos::efun::mudos_extra[0m[2m:[0m file_size start [3mpath[0m[2m=[0m"({ \"right leg\", \"left leg\" })"
[2m2026-08-18T01:31:29.440273Z[0m [32m INFO[0m [2mrmudos::efun::mudos_extra[0m[2m:[0m file_size done [3mpath[0m[2m=[0m"({ \"right leg\", \"left leg\" })" [3msize[0m[2m=[0m-1 [3melapsed_ms[0m[2m=[0m0
[2m2026-08-18T01:31:29.440281Z[0m [32m INFO[0m [2mrmudos::efun::mudos_extra[0m[2m:[0m file_size start [3mpath[0m[2m=[0m"0.c"
[2m2026-08-18T01:31:29.440450Z[0m [32m INFO[0m [2mrmudos::efun::mudos_extra[0m[2m:[0m file_size done [3mpath[0m[2m=[0m"0.c" [3msize[0m[2m=[0m-1 [3melapsed_ms[0m[2m=[0m0
[2m2026-08-18T01:31:29.440461Z[0m [33m WARN[0m [2mrmudos::vm[0m[2m:[0m load_object compile_object did not return an object [3mpath[0m[2m=[0m/({ "right leg", "left leg" }) [3mresult[0m[2m=[0mOk(Null)
[2m2026-08-18T01:31:29.444132Z[0m [32m INFO[0m [2mrmudos::vm[0m[2m:[0m load_object start [3mpath[0m[2m=[0m/({ "visor" })
[2m2026-08-18T01:31:29.444138Z[0m [32m INFO[0m [2mrmudos::compiler[0m[2m:[0m compile start [3mpath[0m[2m=[0m/({ "visor" }) [3mfile[0m[2m=[0mmudlib/({ "visor" }).c
[2m2026-08-18T01:31:29.444142Z[0m [33m WARN[0m [2mrmudos::vm[0m[2m:[0m load_object compile failed [3mpath[0m[2m=[0m/({ "visor" }) [3merror[0m[2m=[0mfailed to read LPC object mudlib/({ "visor" }).c: No such file or directory (os error 2)
[2m2026-08-18T01:31:29.444144Z[0m [32m INFO[0m [2mrmudos::vm[0m[2m:[0m load_object trying master compile_object [3mpath[0m[2m=[0m/({ "visor" })
[2m2026-08-18T01:31:29.444154Z[0m [32m INFO[0m [2mrmudos::efun::mudos_extra[0m[2m:[0m file_size start [3mpath[0m[2m=[0m"({ \"visor\" })"
[2m2026-08-18T01:31:29.444327Z[0m [32m INFO[0m [2mrmudos::efun::mudos_extra[0m[2m:[0m file_size done [3mpath[0m[2m=[0m"({ \"visor\" })" [3msize[0m[2m=[0m-1 [3melapsed_ms[0m[2m=[0m0
[2m2026-08-18T01:31:29.444332Z[0m [32m INFO[0m [2mrmudos::efun::mudos_extra[0m[2m:[0m file_size start [3mpath[0m[2m=[0m"0.c"
[2m2026-08-18T01:31:29.444555Z[0m [32m INFO[0m [2mrmudos::efun::mudos_extra[0m[2m:[0m file_size done [3mpath[0m[2m=[0m"0.c" [3msize[0m[2m=[0m-1 [3melapsed_ms[0m[2m=[0m0
[2m2026-08-18T01:31:29.444573Z[0m [33m WARN[0m [2mrmudos::vm[0m[2m:[0m load_object compile_object did not return an object [3mpath[0m[2m=[0m/({ "visor" }) [3mresult[0m[2m=[0mOk(Null)
[2m2026-08-18T01:31:29.445430Z[0m [32m INFO[0m [2mrmudos::vm[0m[2m:[0m load_object start [3mpath[0m[2m=[0m/({ "head" })
[2m2026-08-18T01:31:29.445439Z[0m [32m INFO[0m [2mrmudos::compiler[0m[2m:[0m compile start [3mpath[0m[2m=[0m/({ "head" }) [3mfile[0m[2m=[0mmudlib/({ "head" }).c
[2m2026-08-18T01:31:29.445448Z[0m [33m WARN[0m [2mrmudos::vm[0m[2m:[0m load_object compile failed [3mpath[0m[2m=[0m/({ "head" }) [3merror[0m[2m=[0mfailed to read LPC object mudlib/({ "head" }).c: No such file or directory (os error 2)
[2m2026-08-18T01:31:29.445451Z[0m [32m INFO[0m [2mrmudos::vm[0m[2m:[0m load_object trying master compile_object [3mpath[0m[2m=[0m/({ "head" })
[2m2026-08-18T01:31:29.445463Z[0m [32m INFO[0m [2mrmudos::efun::mudos_extra[0m[2m:[0m file_size start [3mpath[0m[2m=[0m"({ \"head\" })"
[2m2026-08-18T01:31:29.445639Z[0m [32m INFO[0m [2mrmudos::efun::mudos_extra[0m[2m:[0m file_size done [3mpath[0m[2m=[0m"({ \"head\" })" [3msize[0m[2m=[0m-1 [3melapsed_ms[0m[2m=[0m0
[2m2026-08-18T01:31:29.445644Z[0m [32m INFO[0m [2mrmudos::efun::mudos_extra[0m[2m:[0m file_size start [3mpath[0m[2m=[0m"0.c"
[2m2026-08-18T01:31:29.445805Z[0m [32m INFO[0m [2mrmudos::efun::mudos_extra[0m[2m:[0m file_size done [3mpath[0m[2m=[0m"0.c" [3msize[0m[2m=[0m-1 [3melapsed_ms[0m[2m=[0m0
[2m2026-08-18T01:31:29.445814Z[0m [33m WARN[0m [2mrmudos::vm[0m[2m:[0m load_object compile_object did not return an object [3mpath[0m[2m=[0m/({ "head" }) [3mresult[0m[2m=[0mOk(Null)
[2m2026-08-18T01:31:29.447419Z[0m [32m INFO[0m [2mrmudos::vm[0m[2m:[0m load_object start [3mpath[0m[2m=[0m/({ "head" })
[2m2026-08-18T01:31:29.447426Z[0m [32m INFO[0m [2mrmudos::compiler[0m[2m:[0m compile start [3mpath[0m[2m=[0m/({ "head" }) [3mfile[0m[2m=[0mmudlib/({ "head" }).c
[2m2026-08-18T01:31:29.447432Z[0m [33m WARN[0m [2mrmudos::vm[0m[2m:[0m load_object compile failed [3mpath[0m[2m=[0m/({ "head" }) [3merror[0m[2m=[0mfailed to read LPC object mudlib/({ "head" }).c: No such file or directory (os error 2)
[2m2026-08-18T01:31:29.447435Z[0m [32m INFO[0m [2mrmudos::vm[0m[2m:[0m load_object trying master compile_object [3mpath[0m[2m=[0m/({ "head" })
[2m2026-08-18T01:31:29.447446Z[0m [32m INFO[0m [2mrmudos::efun::mudos_extra[0m[2m:[0m file_size start [3mpath[0m[2m=[0m"({ \"head\" })"
[2m2026-08-18T01:31:29.447650Z[0m [32m INFO[0m [2mrmudos::efun::mudos_extra[0m[2m:[0m file_size done [3mpath[0m[2m=[0m"({ \"head\" })" [3msize[0m[2m=[0m-1 [3melapsed_ms[0m[2m=[0m0
[2m2026-08-18T01:31:29.447660Z[0m [32m INFO[0m [2mrmudos::efun::mudos_extra[0m[2m:[0m file_size start [3mpath[0m[2m=[0m"0.c"
[2m2026-08-18T01:31:29.447840Z[0m [32m INFO[0m [2mrmudos::efun::mudos_extra[0m[2m:[0m file_size done [3mpath[0m[2m=[0m"0.c" [3msize[0m[2m=[0m-1 [3melapsed_ms[0m[2m=[0m0
[2m2026-08-18T01:31:29.447852Z[0m [33m WARN[0m [2mrmudos::vm[0m[2m:[0m load_object compile_object did not return an object [3mpath[0m[2m=[0m/({ "head" }) [3mresult[0m[2m=[0mOk(Null)
[2m2026-08-18T01:31:29.449445Z[0m [32m INFO[0m [2mrmudos::vm[0m[2m:[0m load_object start [3mpath[0m[2m=[0m/({ "greaves", "iron greaves" })
[2m2026-08-18T01:31:29.449450Z[0m [32m INFO[0m [2mrmudos::compiler[0m[2m:[0m compile start [3mpath[0m[2m=[0m/({ "greaves", "iron greaves" }) [3mfile[0m[2m=[0mmudlib/({ "greaves", "iron greaves" }).c
[2m2026-08-18T01:31:29.449455Z[0m [33m WARN[0m [2mrmudos::vm[0m[2m:[0m load_object compile failed [3mpath[0m[2m=[0m/({ "greaves", "iron greaves" }) [3merror[0m[2m=[0mfailed to read LPC object mudlib/({ "greaves", "iron greaves" }).c: No such file or directory (os error 2)
[2m2026-08-18T01:31:29.449458Z[0m [32m INFO[0m [2mrmudos::vm[0m[2m:[0m load_object trying master compile_object [3mpath[0m[2m=[0m/({ "greaves", "iron greaves" })
[2m2026-08-18T01:31:29.449467Z[0m [32m INFO[0m [2mrmudos::efun::mudos_extra[0m[2m:[0m file_size start [3mpath[0m[2m=[0m"({ \"greaves\", \"iron greaves\" })"
[2m2026-08-18T01:31:29.449626Z[0m [32m INFO[0m [2mrmudos::efun::mudos_extra[0m[2m:[0m file_size done [3mpath[0m[2m=[0m"({ \"greaves\", \"iron greaves\" })" [3msize[0m[2m=[0m-1 [3melapsed_ms[0m[2m=[0m0
[2m2026-08-18T01:31:29.449631Z[0m [32m INFO[0m [2mrmudos::efun::mudos_extra[0m[2m:[0m file_size start [3mpath[0m[2m=[0m"0.c"
[2m2026-08-18T01:31:29.449785Z[0m [32m INFO[0m [2mrmudos::efun::mudos_extra[0m[2m:[0m file_size done [3mpath[0m[2m=[0m"0.c" [3msize[0m[2m=[0m-1 [3melapsed_ms[0m[2m=[0m0
[2m2026-08-18T01:31:29.449794Z[0m [33m WARN[0m [2mrmudos::vm[0m[2m:[0m load_object compile_object did not return an object [3mpath[0m[2m=[0m/({ "greaves", "iron greaves" }) [3mresult[0m[2m=[0mOk(Null)
[2m2026-08-18T01:31:29.450614Z[0m [32m INFO[0m [2mrmudos::vm[0m[2m:[0m load_object start [3mpath[0m[2m=[0m/({ "right leg", "left leg" })
[2m2026-08-18T01:31:29.450624Z[0m [32m INFO[0m [2mrmudos::compiler[0m[2m:[0m compile start [3mpath[0m[2m=[0m/({ "right leg", "left leg" }) [3mfile[0m[2m=[0mmudlib/({ "right leg", "left leg" }).c
[2m2026-08-18T01:31:29.450631Z[0m [33m WARN[0m [2mrmudos::vm[0m[2m:[0m load_object compile failed [3mpath[0m[2m=[0m/({ "right leg", "left leg" }) [3merror[0m[2m=[0mfailed to read LPC object mudlib/({ "right leg", "left leg" }).c: No such file or directory (os error 2)
[2m2026-08-18T01:31:29.450634Z[0m [32m INFO[0m [2mrmudos::vm[0m[2m:[0m load_object trying master compile_object [3mpath[0m[2m=[0m/({ "right leg", "left leg" })
[2m2026-08-18T01:31:29.450646Z[0m [32m INFO[0m [2mrmudos::efun::mudos_extra[0m[2m:[0m file_size start [3mpath[0m[2m=[0m"({ \"right leg\", \"left leg\" })"
[2m2026-08-18T01:31:29.450822Z[0m [32m INFO[0m [2mrmudos::efun::mudos_extra[0m[2m:[0m file_size done [3mpath[0m[2m=[0m"({ \"right leg\", \"left leg\" })" [3msize[0m[2m=[0m-1 [3melapsed_ms[0m[2m=[0m0
[2m2026-08-18T01:31:29.450827Z[0m [32m INFO[0m [2mrmudos::efun::mudos_extra[0m[2m:[0m file_size start [3mpath[0m[2m=[0m"0.c"
[2m2026-08-18T01:31:29.451105Z[0m [32m INFO[0m [2mrmudos::efun::mudos_extra[0m[2m:[0m file_size done [3mpath[0m[2m=[0m"0.c" [3msize[0m[2m=[0m-1 [3melapsed_ms[0m[2m=[0m0
[2m2026-08-18T01:31:29.451122Z[0m [33m WARN[0m [2mrmudos::vm[0m[2m:[0m load_object compile_object did not return an object [3mpath[0m[2m=[0m/({ "right leg", "left leg" }) [3mresult[0m[2m=[0mOk(Null)
[2m2026-08-18T01:31:29.452774Z[0m [32m INFO[0m [2mrmudos::vm[0m[2m:[0m load_object start [3mpath[0m[2m=[0m/({ "bracer", "iron bracer" })
[2m2026-08-18T01:31:29.452781Z[0m [32m INFO[0m [2mrmudos::compiler[0m[2m:[0m compile start [3mpath[0m[2m=[0m/({ "bracer", "iron bracer" }) [3mfile[0m[2m=[0mmudlib/({ "bracer", "iron bracer" }).c
[2m2026-08-18T01:31:29.452787Z[0m [33m WARN[0m [2mrmudos::vm[0m[2m:[0m load_object compile failed [3mpath[0m[2m=[0m/({ "bracer", "iron bracer" }) [3merror[0m[2m=[0mfailed to read LPC object mudlib/({ "bracer", "iron bracer" }).c: No such file or directory (os error 2)
[2m2026-08-18T01:31:29.452789Z[0m [32m INFO[0m [2mrmudos::vm[0m[2m:[0m load_object trying master compile_object [3mpath[0m[2m=[0m/({ "bracer", "iron bracer" })
[2m2026-08-18T01:31:29.452801Z[0m [32m INFO[0m [2mrmudos::efun::mudos_extra[0m[2m:[0m file_size start [3mpath[0m[2m=[0m"({ \"bracer\", \"iron bracer\" })"
[2m2026-08-18T01:31:29.452989Z[0m [32m INFO[0m [2mrmudos::efun::mudos_extra[0m[2m:[0m file_size done [3mpath[0m[2m=[0m"({ \"bracer\", \"iron bracer\" })" [3msize[0m[2m=[0m-1 [3melapsed_ms[0m[2m=[0m0
[2m2026-08-18T01:31:29.452995Z[0m [32m INFO[0m [2mrmudos::efun::mudos_extra[0m[2m:[0m file_size start [3mpath[0m[2m=[0m"0.c"
[2m2026-08-18T01:31:29.453159Z[0m [32m INFO[0m [2mrmudos::efun::mudos_extra[0m[2m:[0m file_size done [3mpath[0m[2m=[0m"0.c" [3msize[0m[2m=[0m-1 [3melapsed_ms[0m[2m=[0m0
[2m2026-08-18T01:31:29.453169Z[0m [33m WARN[0m [2mrmudos::vm[0m[2m:[0m load_object compile_object did not return an object [3mpath[0m[2m=[0m/({ "bracer", "iron bracer" }) [3mresult[0m[2m=[0mOk(Null)
[2m2026-08-18T01:31:29.453793Z[0m [32m INFO[0m [2mrmudos::vm[0m[2m:[0m load_object start [3mpath[0m[2m=[0m/({ "right arm", "left arm" })
[2m2026-08-18T01:31:29.453796Z[0m [32m INFO[0m [2mrmudos::compiler[0m[2m:[0m compile start [3mpath[0m[2m=[0m/({ "right arm", "left arm" }) [3mfile[0m[2m=[0mmudlib/({ "right arm", "left arm" }).c
[2m2026-08-18T01:31:29.453800Z[0m [33m WARN[0m [2mrmudos::vm[0m[2m:[0m load_object compile failed [3mpath[0m[2m=[0m/({ "right arm", "left arm" }) [3merror[0m[2m=[0mfailed to read LPC object mudlib/({ "right arm", "left arm" }).c: No such file or directory (os error 2)
[2m2026-08-18T01:31:29.453802Z[0m [32m INFO[0m [2mrmudos::vm[0m[2m:[0m load_object trying master compile_object [3mpath[0m[2m=[0m/({ "right arm", "left arm" })
[2m2026-08-18T01:31:29.453812Z[0m [32m INFO[0m [2mrmudos::efun::mudos_extra[0m[2m:[0m file_size start [3mpath[0m[2m=[0m"({ \"right arm\", \"left arm\" })"
[2m2026-08-18T01:31:29.453988Z[0m [32m INFO[0m [2mrmudos::efun::mudos_extra[0m[2m:[0m file_size done [3mpath[0m[2m=[0m"({ \"right arm\", \"left arm\" })" [3msize[0m[2m=[0m-1 [3melapsed_ms[0m[2m=[0m0
[2m2026-08-18T01:31:29.453992Z[0m [32m INFO[0m [2mrmudos::efun::mudos_extra[0m[2m:[0m file_size start [3mpath[0m[2m=[0m"0.c"
[2m2026-08-18T01:31:29.454159Z[0m [32m INFO[0m [2mrmudos::efun::mudos_extra[0m[2m:[0m file_size done [3mpath[0m[2m=[0m"0.c" [3msize[0m[2m=[0m-1 [3melapsed_ms[0m[2m=[0m0
[2m2026-08-18T01:31:29.454168Z[0m [33m WARN[0m [2mrmudos::vm[0m[2m:[0m load_object compile_object did not return an object [3mpath[0m[2m=[0m/({ "right arm", "left arm" }) [3mresult[0m[2m=[0mOk(Null)
[2m2026-08-18T01:31:29.455311Z[0m [32m INFO[0m [2mrmudos::vm[0m[2m:[0m load_object done [3mpath[0m[2m=[0m/d/damned/data/armour_db
[2m2026-08-18T01:31:29.455336Z[0m [32m INFO[0m [2mrmudos::efun::mudos_extra[0m[2m:[0m file_size start [3mpath[0m[2m=[0m"/d/damned/data/weapon_db.c"
[2m2026-08-18T01:31:29.455355Z[0m [32m INFO[0m [2mrmudos::efun::mudos_extra[0m[2m:[0m file_size done [3mpath[0m[2m=[0m"/d/damned/data/weapon_db.c" [3msize[0m[2m=[0m1658 [3melapsed_ms[0m[2m=[0m0
[2m2026-08-18T01:31:29.455376Z[0m [32m INFO[0m [2mrmudos::efun::mudos_extra[0m[2m:[0m file_size start [3mpath[0m[2m=[0m"/log/master"
[2m2026-08-18T01:31:29.455657Z[0m [32m INFO[0m [2mrmudos::efun::mudos_extra[0m[2m:[0m file_size done [3mpath[0m[2m=[0m"/log/master" [3msize[0m[2m=[0m40 [3melapsed_ms[0m[2m=[0m0
[2m2026-08-18T01:31:29.456072Z[0m [32m INFO[0m [2mrmudos::vm[0m[2m:[0m load_object start [3mpath[0m[2m=[0m/d/damned/data/weapon_db
[2m2026-08-18T01:31:29.456079Z[0m [32m INFO[0m [2mrmudos::compiler[0m[2m:[0m compile start [3mpath[0m[2m=[0m/d/damned/data/weapon_db [3mfile[0m[2m=[0mmudlib/d/damned/data/weapon_db.c
[2m2026-08-18T01:31:29.456300Z[0m [32m INFO[0m [2mrmudos::compiler[0m[2m:[0m compile done [3mpath[0m[2m=[0m/d/damned/data/weapon_db [3melapsed_ms[0m[2m=[0m0
[2m2026-08-18T01:31:29.456321Z[0m [32m INFO[0m [2mrmudos::vm[0m[2m:[0m load_object compile ok [3mpath[0m[2m=[0m/d/damned/data/weapon_db [3melapsed_ms[0m[2m=[0m0
[2m2026-08-18T01:31:29.456324Z[0m [32m INFO[0m [2mrmudos::vm[0m[2m:[0m load_object create() [3mpath[0m[2m=[0m/d/damned/data/weapon_db
[2m2026-08-18T01:31:29.456356Z[0m [32m INFO[0m [2mrmudos::efun::mudos_extra[0m[2m:[0m file_size start [3mpath[0m[2m=[0m"/d/damned/data/weapon_types"
[2m2026-08-18T01:31:29.456596Z[0m [32m INFO[0m [2mrmudos::efun::mudos_extra[0m[2m:[0m file_size done [3mpath[0m[2m=[0m"/d/damned/data/weapon_types" [3msize[0m[2m=[0m8306 [3melapsed_ms[0m[2m=[0m0
[2m2026-08-18T01:31:29.458046Z[0m [32m INFO[0m [2mrmudos::vm[0m[2m:[0m load_object start [3mpath[0m[2m=[0m/({ "mace", "footman's mace" })
[2m2026-08-18T01:31:29.458054Z[0m [32m INFO[0m [2mrmudos::compiler[0m[2m:[0m compile start [3mpath[0m[2m=[0m/({ "mace", "footman's mace" }) [3mfile[0m[2m=[0mmudlib/({ "mace", "footman's mace" }).c
[2m2026-08-18T01:31:29.458066Z[0m [33m WARN[0m [2mrmudos::vm[0m[2m:[0m load_object compile failed [3mpath[0m[2m=[0m/({ "mace", "footman's mace" }) [3merror[0m[2m=[0mfailed to read LPC object mudlib/({ "mace", "footman's mace" }).c: No such file or directory (os error 2)
[2m2026-08-18T01:31:29.458069Z[0m [32m INFO[0m [2mrmudos::vm[0m[2m:[0m load_object trying master compile_object [3mpath[0m[2m=[0m/({ "mace", "footman's mace" })
[2m2026-08-18T01:31:29.458082Z[0m [32m INFO[0m [2mrmudos::efun::mudos_extra[0m[2m:[0m file_size start [3mpath[0m[2m=[0m"({ \"mace\", \"footman's mace\" })"
[2m2026-08-18T01:31:29.458287Z[0m [32m INFO[0m [2mrmudos::efun::mudos_extra[0m[2m:[0m file_size done [3mpath[0m[2m=[0m"({ \"mace\", \"footman's mace\" })" [3msize[0m[2m=[0m-1 [3melapsed_ms[0m[2m=[0m0
[2m2026-08-18T01:31:29.458293Z[0m [32m INFO[0m [2mrmudos::efun::mudos_extra[0m[2m:[0m file_size start [3mpath[0m[2m=[0m"0.c"
[2m2026-08-18T01:31:29.458465Z[0m [32m INFO[0m [2mrmudos::efun::mudos_extra[0m[2m:[0m file_size done [3mpath[0m[2m=[0m"0.c" [3msize[0m[2m=[0m-1 [3melapsed_ms[0m[2m=[0m0
[2m2026-08-18T01:31:29.458476Z[0m [33m WARN[0m [2mrmudos::vm[0m[2m:[0m load_object compile_object did not return an object [3mpath[0m[2m=[0m/({ "mace", "footman's mace" }) [3mresult[0m[2m=[0mOk(Null)
[2m2026-08-18T01:31:29.459827Z[0m [32m INFO[0m [2mrmudos::vm[0m[2m:[0m load_object start [3mpath[0m[2m=[0m/({"axe","battle axe"})
[2m2026-08-18T01:31:29.459832Z[0m [32m INFO[0m [2mrmudos::compiler[0m[2m:[0m compile start [3mpath[0m[2m=[0m/({"axe","battle axe"}) [3mfile[0m[2m=[0mmudlib/({"axe","battle axe"}).c
[2m2026-08-18T01:31:29.459835Z[0m [33m WARN[0m [2mrmudos::vm[0m[2m:[0m load_object compile failed [3mpath[0m[2m=[0m/({"axe","battle axe"}) [3merror[0m[2m=[0mfailed to read LPC object mudlib/({"axe","battle axe"}).c: No such file or directory (os error 2)
[2m2026-08-18T01:31:29.459837Z[0m [32m INFO[0m [2mrmudos::vm[0m[2m:[0m load_object trying master compile_object [3mpath[0m[2m=[0m/({"axe","battle axe"})
[2m2026-08-18T01:31:29.459847Z[0m [32m INFO[0m [2mrmudos::efun::mudos_extra[0m[2m:[0m file_size start [3mpath[0m[2m=[0m"({\"axe\",\"battle axe\"})"
[2m2026-08-18T01:31:29.460013Z[0m [32m INFO[0m [2mrmudos::efun::mudos_extra[0m[2m:[0m file_size done [3mpath[0m[2m=[0m"({\"axe\",\"battle axe\"})" [3msize[0m[2m=[0m-1 [3melapsed_ms[0m[2m=[0m0
[2m2026-08-18T01:31:29.460018Z[0m [32m INFO[0m [2mrmudos::efun::mudos_extra[0m[2m:[0m file_size start [3mpath[0m[2m=[0m"0.c"
[2m2026-08-18T01:31:29.460181Z[0m [32m INFO[0m [2mrmudos::efun::mudos_extra[0m[2m:[0m file_size done [3mpath[0m[2m=[0m"0.c" [3msize[0m[2m=[0m-1 [3melapsed_ms[0m[2m=[0m0
[2m2026-08-18T01:31:29.460191Z[0m [33m WARN[0m [2mrmudos::vm[0m[2m:[0m load_object compile_object did not return an object [3mpath[0m[2m=[0m/({"axe","battle axe"}) [3mresult[0m[2m=[0mOk(Null)
[2m2026-08-18T01:31:29.461450Z[0m [32m INFO[0m [2mrmudos::vm[0m[2m:[0m load_object start [3mpath[0m[2m=[0m/({"axe","hand axe"})
[2m2026-08-18T01:31:29.461455Z[0m [32m INFO[0m [2mrmudos::compiler[0m[2m:[0m compile start [3mpath[0m[2m=[0m/({"axe","hand axe"}) [3mfile[0m[2m=[0mmudlib/({"axe","hand axe"}).c
[2m2026-08-18T01:31:29.461460Z[0m [33m WARN[0m [2mrmudos::vm[0m[2m:[0m load_object compile failed [3mpath[0m[2m=[0m/({"axe","hand axe"}) [3merror[0m[2m=[0mfailed to read LPC object mudlib/({"axe","hand axe"}).c: No such file or directory (os error 2)
[2m2026-08-18T01:31:29.461462Z[0m [32m INFO[0m [2mrmudos::vm[0m[2m:[0m load_object trying master compile_object [3mpath[0m[2m=[0m/({"axe","hand axe"})
[2m2026-08-18T01:31:29.461474Z[0m [32m INFO[0m [2mrmudos::efun::mudos_extra[0m[2m:[0m file_size start [3mpath[0m[2m=[0m"({\"axe\",\"hand axe\"})"
[2m2026-08-18T01:31:29.461652Z[0m [32m INFO[0m [2mrmudos::efun::mudos_extra[0m[2m:[0m file_size done [3mpath[0m[2m=[0m"({\"axe\",\"hand axe\"})" [3msize[0m[2m=[0m-1 [3melapsed_ms[0m[2m=[0m0
[2m2026-08-18T01:31:29.461657Z[0m [32m INFO[0m [2mrmudos::efun::mudos_extra[0m[2m:[0m file_size start [3mpath[0m[2m=[0m"0.c"
[2m2026-08-18T01:31:29.461839Z[0m [32m INFO[0m [2mrmudos::efun::mudos_extra[0m[2m:[0m file_size done [3mpath[0m[2m=[0m"0.c" [3msize[0m[2m=[0m-1 [3melapsed_ms[0m[2m=[0m0
[2m2026-08-18T01:31:29.461849Z[0m [33m WARN[0m [2mrmudos::vm[0m[2m:[0m load_object compile_object did not return an object [3mpath[0m[2m=[0m/({"axe","hand axe"}) [3mresult[0m[2m=[0mOk(Null)
[2m2026-08-18T01:31:29.463269Z[0m [32m INFO[0m [2mrmudos::vm[0m[2m:[0m load_object start [3mpath[0m[2m=[0m/({"dagger"})
[2m2026-08-18T01:31:29.463274Z[0m [32m INFO[0m [2mrmudos::compiler[0m[2m:[0m compile start [3mpath[0m[2m=[0m/({"dagger"}) [3mfile[0m[2m=[0mmudlib/({"dagger"}).c
[2m2026-08-18T01:31:29.463278Z[0m [33m WARN[0m [2mrmudos::vm[0m[2m:[0m load_object compile failed [3mpath[0m[2m=[0m/({"dagger"}) [3merror[0m[2m=[0mfailed to read LPC object mudlib/({"dagger"}).c: No such file or directory (os error 2)
[2m2026-08-18T01:31:29.463280Z[0m [32m INFO[0m [2mrmudos::vm[0m[2m:[0m load_object trying master compile_object [3mpath[0m[2m=[0m/({"dagger"})
[2m2026-08-18T01:31:29.463290Z[0m [32m INFO[0m [2mrmudos::efun::mudos_extra[0m[2m:[0m file_size start [3mpath[0m[2m=[0m"({\"dagger\"})"
[2m2026-08-18T01:31:29.463559Z[0m [32m INFO[0m [2mrmudos::efun::mudos_extra[0m[2m:[0m file_size done [3mpath[0m[2m=[0m"({\"dagger\"})" [3msize[0m[2m=[0m-1 [3melapsed_ms[0m[2m=[0m0
[2m2026-08-18T01:31:29.463572Z[0m [32m INFO[0m [2mrmudos::efun::mudos_extra[0m[2m:[0m file_size start [3mpath[0m[2m=[0m"0.c"
[2m2026-08-18T01:31:29.463742Z[0m [32m INFO[0m [2mrmudos::efun::mudos_extra[0m[2m:[0m file_size done [3mpath[0m[2m=[0m"0.c" [3msize[0m[2m=[0m-1 [3melapsed_ms[0m[2m=[0m0
[2m2026-08-18T01:31:29.463752Z[0m [33m WARN[0m [2mrmudos::vm[0m[2m:[0m load_object compile_object did not return an object [3mpath[0m[2m=[0m/({"dagger"}) [3mresult[0m[2m=[0mOk(Null)
[2m2026-08-18T01:31:29.465069Z[0m [32m INFO[0m [2mrmudos::vm[0m[2m:[0m load_object start [3mpath[0m[2m=[0m/({"knife"})
[2m2026-08-18T01:31:29.465074Z[0m [32m INFO[0m [2mrmudos::compiler[0m[2m:[0m compile start [3mpath[0m[2m=[0m/({"knife"}) [3mfile[0m[2m=[0mmudlib/({"knife"}).c
[2m2026-08-18T01:31:29.465079Z[0m [33m WARN[0m [2mrmudos::vm[0m[2m:[0m load_object compile failed [3mpath[0m[2m=[0m/({"knife"}) [3merror[0m[2m=[0mfailed to read LPC object mudlib/({"knife"}).c: No such file or directory (os error 2)
[2m2026-08-18T01:31:29.465081Z[0m [32m INFO[0m [2mrmudos::vm[0m[2m:[0m load_object trying master compile_object [3mpath[0m[2m=[0m/({"knife"})
[2m2026-08-18T01:31:29.465092Z[0m [32m INFO[0m [2mrmudos::efun::mudos_extra[0m[2m:[0m file_size start [3mpath[0m[2m=[0m"({\"knife\"})"
[2m2026-08-18T01:31:29.465276Z[0m [32m INFO[0m [2mrmudos::efun::mudos_extra[0m[2m:[0m file_size done [3mpath[0m[2m=[0m"({\"knife\"})" [3msize[0m[2m=[0m-1 [3melapsed_ms[0m[2m=[0m0
[2m2026-08-18T01:31:29.465282Z[0m [32m INFO[0m [2mrmudos::efun::mudos_extra[0m[2m:[0m file_size start [3mpath[0m[2m=[0m"0.c"
[2m2026-08-18T01:31:29.465445Z[0m [32m INFO[0m [2mrmudos::efun::mudos_extra[0m[2m:[0m file_size done [3mpath[0m[2m=[0m"0.c" [3msize[0m[2m=[0m-1 [3melapsed_ms[0m[2m=[0m0
[2m2026-08-18T01:31:29.465455Z[0m [33m WARN[0m [2mrmudos::vm[0m[2m:[0m load_object compile_object did not return an object [3mpath[0m[2m=[0m/({"knife"}) [3mresult[0m[2m=[0mOk(Null)
[2m2026-08-18T01:31:29.466891Z[0m [32m INFO[0m [2mrmudos::vm[0m[2m:[0m load_object start [3mpath[0m[2m=[0m/({"flail","footman's flail"})
[2m2026-08-18T01:31:29.466897Z[0m [32m INFO[0m [2mrmudos::compiler[0m[2m:[0m compile start [3mpath[0m[2m=[0m/({"flail","footman's flail"}) [3mfile[0m[2m=[0mmudlib/({"flail","footman's flail"}).c
[2m2026-08-18T01:31:29.466901Z[0m [33m WARN[0m [2mrmudos::vm[0m[2m:[0m load_object compile failed [3mpath[0m[2m=[0m/({"flail","footman's flail"}) [3merror[0m[2m=[0mfailed to read LPC object mudlib/({"flail","footman's flail"}).c: No such file or directory (os error 2)
[2m2026-08-18T01:31:29.466903Z[0m [32m INFO[0m [2mrmudos::vm[0m[2m:[0m load_object trying master compile_object [3mpath[0m[2m=[0m/({"flail","footman's flail"})
[2m2026-08-18T01:31:29.466914Z[0m [32m INFO[0m [2mrmudos::efun::mudos_extra[0m[2m:[0m file_size start [3mpath[0m[2m=[0m"({\"flail\",\"footman's flail\"})"
[2m2026-08-18T01:31:29.467088Z[0m [32m INFO[0m [2mrmudos::efun::mudos_extra[0m[2m:[0m file_size done [3mpath[0m[2m=[0m"({\"flail\",\"footman's flail\"})" [3msize[0m[2m=[0m-1 [3melapsed_ms[0m[2m=[0m0
[2m2026-08-18T01:31:29.467092Z[0m [32m INFO[0m [2mrmudos::efun::mudos_extra[0m[2m:[0m file_size start [3mpath[0m[2m=[0m"0.c"
[2m2026-08-18T01:31:29.467365Z[0m [32m INFO[0m [2mrmudos::efun::mudos_extra[0m[2m:[0m file_size done [3mpath[0m[2m=[0m"0.c" [3msize[0m[2m=[0m-1 [3melapsed_ms[0m[2m=[0m0
[2m2026-08-18T01:31:29.467385Z[0m [33m WARN[0m [2mrmudos::vm[0m[2m:[0m load_object compile_object did not return an object [3mpath[0m[2m=[0m/({"flail","footman's flail"}) [3mresult[0m[2m=[0mOk(Null)
[2m2026-08-18T01:31:29.468784Z[0m [32m INFO[0m [2mrmudos::vm[0m[2m:[0m load_object start [3mpath[0m[2m=[0m/({"fork", "military fork"})
[2m2026-08-18T01:31:29.468789Z[0m [32m INFO[0m [2mrmudos::compiler[0m[2m:[0m compile start [3mpath[0m[2m=[0m/({"fork", "military fork"}) [3mfile[0m[2m=[0mmudlib/({"fork", "military fork"}).c
[2m2026-08-18T01:31:29.468796Z[0m [33m WARN[0m [2mrmudos::vm[0m[2m:[0m load_object compile failed [3mpath[0m[2m=[0m/({"fork", "military fork"}) [3merror[0m[2m=[0mfailed to read LPC object mudlib/({"fork", "military fork"}).c: No such file or directory (os error 2)
[2m2026-08-18T01:31:29.468798Z[0m [32m INFO[0m [2mrmudos::vm[0m[2m:[0m load_object trying master compile_object [3mpath[0m[2m=[0m/({"fork", "military fork"})
[2m2026-08-18T01:31:29.468808Z[0m [32m INFO[0m [2mrmudos::efun::mudos_extra[0m[2m:[0m file_size start [3mpath[0m[2m=[0m"({\"fork\", \"military fork\"})"
[2m2026-08-18T01:31:29.468973Z[0m [32m INFO[0m [2mrmudos::efun::mudos_extra[0m[2m:[0m file_size done [3mpath[0m[2m=[0m"({\"fork\", \"military fork\"})" [3msize[0m[2m=[0m-1 [3melapsed_ms[0m[2m=[0m0
[2m2026-08-18T01:31:29.468981Z[0m [32m INFO[0m [2mrmudos::efun::mudos_extra[0m[2m:[0m file_size start [3mpath[0m[2m=[0m"0.c"
[2m2026-08-18T01:31:29.469189Z[0m [32m INFO[0m [2mrmudos::efun::mudos_extra[0m[2m:[0m file_size done [3mpath[0m[2m=[0m"0.c" [3msize[0m[2m=[0m-1 [3melapsed_ms[0m[2m=[0m0
[2m2026-08-18T01:31:29.469212Z[0m [33m WARN[0m [2mrmudos::vm[0m[2m:[0m load_object compile_object did not return an object [3mpath[0m[2m=[0m/({"fork", "military fork"}) [3mresult[0m[2m=[0mOk(Null)
[2m2026-08-18T01:31:29.470629Z[0m [32m INFO[0m [2mrmudos::vm[0m[2m:[0m load_object start [3mpath[0m[2m=[0m/({"glaive"})
[2m2026-08-18T01:31:29.470637Z[0m [32m INFO[0m [2mrmudos::compiler[0m[2m:[0m compile start [3mpath[0m[2m=[0m/({"glaive"}) [3mfile[0m[2m=[0mmudlib/({"glaive"}).c
[2m2026-08-18T01:31:29.470644Z[0m [33m WARN[0m [2mrmudos::vm[0m[2m:[0m load_object compile failed [3mpath[0m[2m=[0m/({"glaive"}) [3merror[0m[2m=[0mfailed to read LPC object mudlib/({"glaive"}).c: No such file or directory (os error 2)
[2m2026-08-18T01:31:29.470646Z[0m [32m INFO[0m [2mrmudos::vm[0m[2m:[0m load_object trying master compile_object [3mpath[0m[2m=[0m/({"glaive"})
[2m2026-08-18T01:31:29.470658Z[0m [32m INFO[0m [2mrmudos::efun::mudos_extra[0m[2m:[0m file_size start [3mpath[0m[2m=[0m"({\"glaive\"})"
[2m2026-08-18T01:31:29.470828Z[0m [32m INFO[0m [2mrmudos::efun::mudos_extra[0m[2m:[0m file_size done [3mpath[0m[2m=[0m"({\"glaive\"})" [3msize[0m[2m=[0m-1 [3melapsed_ms[0m[2m=[0m0
[2m2026-08-18T01:31:29.470833Z[0m [32m INFO[0m [2mrmudos::efun::mudos_extra[0m[2m:[0m file_size start [3mpath[0m[2m=[0m"0.c"
[2m2026-08-18T01:31:29.470996Z[0m [32m INFO[0m [2mrmudos::efun::mudos_extra[0m[2m:[0m file_size done [3mpath[0m[2m=[0m"0.c" [3msize[0m[2m=[0m-1 [3melapsed_ms[0m[2m=[0m0
[2m2026-08-18T01:31:29.471006Z[0m [33m WARN[0m [2mrmudos::vm[0m[2m:[0m load_object compile_object did not return an object [3mpath[0m[2m=[0m/({"glaive"}) [3mresult[0m[2m=[0mOk(Null)
[2m2026-08-18T01:31:29.472210Z[0m [32m INFO[0m [2mrmudos::vm[0m[2m:[0m load_object start [3mpath[0m[2m=[0m/({ "halberd" })
[2m2026-08-18T01:31:29.472220Z[0m [32m INFO[0m [2mrmudos::compiler[0m[2m:[0m compile start [3mpath[0m[2m=[0m/({ "halberd" }) [3mfile[0m[2m=[0mmudlib/({ "halberd" }).c
[2m2026-08-18T01:31:29.472248Z[0m [33m WARN[0m [2mrmudos::vm[0m[2m:[0m load_object compile failed [3mpath[0m[2m=[0m/({ "halberd" }) [3merror[0m[2m=[0mfailed to read LPC object mudlib/({ "halberd" }).c: No such file or directory (os error 2)
[2m2026-08-18T01:31:29.472272Z[0m [32m INFO[0m [2mrmudos::vm[0m[2m:[0m load_object trying master compile_object [3mpath[0m[2m=[0m/({ "halberd" })
[2m2026-08-18T01:31:29.472322Z[0m [32m INFO[0m [2mrmudos::efun::mudos_extra[0m[2m:[0m file_size start [3mpath[0m[2m=[0m"({ \"halberd\" })"
[2m2026-08-18T01:31:29.472525Z[0m [32m INFO[0m [2mrmudos::efun::mudos_extra[0m[2m:[0m file_size done [3mpath[0m[2m=[0m"({ \"halberd\" })" [3msize[0m[2m=[0m-1 [3melapsed_ms[0m[2m=[0m0
[2m2026-08-18T01:31:29.472531Z[0m [32m INFO[0m [2mrmudos::efun::mudos_extra[0m[2m:[0m file_size start [3mpath[0m[2m=[0m"0.c"
[2m2026-08-18T01:31:29.472699Z[0m [32m INFO[0m [2mrmudos::efun::mudos_extra[0m[2m:[0m file_size done [3mpath[0m[2m=[0m"0.c" [3msize[0m[2m=[0m-1 [3melapsed_ms[0m[2m=[0m0
[2m2026-08-18T01:31:29.472712Z[0m [33m WARN[0m [2mrmudos::vm[0m[2m:[0m load_object compile_object did not return an object [3mpath[0m[2m=[0m/({ "halberd" }) [3mresult[0m[2m=[0mOk(Null)
[2m2026-08-18T01:31:29.474391Z[0m [32m INFO[0m [2mrmudos::vm[0m[2m:[0m load_object start [3mpath[0m[2m=[0m/({ "long sword", "longsword", "sword" })
[2m2026-08-18T01:31:29.474402Z[0m [32m INFO[0m [2mrmudos::compiler[0m[2m:[0m compile start [3mpath[0m[2m=[0m/({ "long sword", "longsword", "sword" }) [3mfile[0m[2m=[0mmudlib/({ "long sword", "longsword", "sword" }).c
[2m2026-08-18T01:31:29.474413Z[0m [33m WARN[0m [2mrmudos::vm[0m[2m:[0m load_object compile failed [3mpath[0m[2m=[0m/({ "long sword", "longsword", "sword" }) [3merror[0m[2m=[0mfailed to read LPC object mudlib/({ "long sword", "longsword", "sword" }).c: No such file or directory (os error 2)
[2m2026-08-18T01:31:29.474417Z[0m [32m INFO[0m [2mrmudos::vm[0m[2m:[0m load_object trying master compile_object [3mpath[0m[2m=[0m/({ "long sword", "longsword", "sword" })
[2m2026-08-18T01:31:29.474432Z[0m [32m INFO[0m [2mrmudos::efun::mudos_extra[0m[2m:[0m file_size start [3mpath[0m[2m=[0m"({ \"long sword\", \"longsword\", \"sword\" })"
[2m2026-08-18T01:31:29.474637Z[0m [32m INFO[0m [2mrmudos::efun::mudos_extra[0m[2m:[0m file_size done [3mpath[0m[2m=[0m"({ \"long sword\", \"longsword\", \"sword\" })" [3msize[0m[2m=[0m-1 [3melapsed_ms[0m[2m=[0m0
[2m2026-08-18T01:31:29.474644Z[0m [32m INFO[0m [2mrmudos::efun::mudos_extra[0m[2m:[0m file_size start [3mpath[0m[2m=[0m"0.c"
[2m2026-08-18T01:31:29.474822Z[0m [32m INFO[0m [2mrmudos::efun::mudos_extra[0m[2m:[0m file_size done [3mpath[0m[2m=[0m"0.c" [3msize[0m[2m=[0m-1 [3melapsed_ms[0m[2m=[0m0
[2m2026-08-18T01:31:29.474833Z[0m [33m WARN[0m [2mrmudos::vm[0m[2m:[0m load_object compile_object did not return an object [3mpath[0m[2m=[0m/({ "long sword", "longsword", "sword" }) [3mresult[0m[2m=[0mOk(Null)
[2m2026-08-18T01:31:29.476322Z[0m [32m INFO[0m [2mrmudos::vm[0m[2m:[0m load_object start [3mpath[0m[2m=[0m/({ "sword", "bastard sword" })
[2m2026-08-18T01:31:29.476328Z[0m [32m INFO[0m [2mrmudos::compiler[0m[2m:[0m compile start [3mpath[0m[2m=[0m/({ "sword", "bastard sword" }) [3mfile[0m[2m=[0mmudlib/({ "sword", "bastard sword" }).c
[2m2026-08-18T01:31:29.476332Z[0m [33m WARN[0m [2mrmudos::vm[0m[2m:[0m load_object compile failed [3mpath[0m[2m=[0m/({ "sword", "bastard sword" }) [3merror[0m[2m=[0mfailed to read LPC object mudlib/({ "sword", "bastard sword" }).c: No such file or directory (os error 2)
[2m2026-08-18T01:31:29.476334Z[0m [32m INFO[0m [2mrmudos::vm[0m[2m:[0m load_object trying master compile_object [3mpath[0m[2m=[0m/({ "sword", "bastard sword" })
[2m2026-08-18T01:31:29.476346Z[0m [32m INFO[0m [2mrmudos::efun::mudos_extra[0m[2m:[0m file_size start [3mpath[0m[2m=[0m"({ \"sword\", \"bastard sword\" })"
[2m2026-08-18T01:31:29.476521Z[0m [32m INFO[0m [2mrmudos::efun::mudos_extra[0m[2m:[0m file_size done [3mpath[0m[2m=[0m"({ \"sword\", \"bastard sword\" })" [3msize[0m[2m=[0m-1 [3melapsed_ms[0m[2m=[0m0
[2m2026-08-18T01:31:29.476526Z[0m [32m INFO[0m [2mrmudos::efun::mudos_extra[0m[2m:[0m file_size start [3mpath[0m[2m=[0m"0.c"
[2m2026-08-18T01:31:29.476693Z[0m [32m INFO[0m [2mrmudos::efun::mudos_extra[0m[2m:[0m file_size done [3mpath[0m[2m=[0m"0.c" [3msize[0m[2m=[0m-1 [3melapsed_ms[0m[2m=[0m0
[2m2026-08-18T01:31:29.476704Z[0m [33m WARN[0m [2mrmudos::vm[0m[2m:[0m load_object compile_object did not return an object [3mpath[0m[2m=[0m/({ "sword", "bastard sword" }) [3mresult[0m[2m=[0mOk(Null)
[2m2026-08-18T01:31:29.478095Z[0m [32m INFO[0m [2mrmudos::vm[0m[2m:[0m load_object start [3mpath[0m[2m=[0m/({ "sword", "short sword" })
[2m2026-08-18T01:31:29.478100Z[0m [32m INFO[0m [2mrmudos::compiler[0m[2m:[0m compile start [3mpath[0m[2m=[0m/({ "sword", "short sword" }) [3mfile[0m[2m=[0mmudlib/({ "sword", "short sword" }).c
[2m2026-08-18T01:31:29.478104Z[0m [33m WARN[0m [2mrmudos::vm[0m[2m:[0m load_object compile failed [3mpath[0m[2m=[0m/({ "sword", "short sword" }) [3merror[0m[2m=[0mfailed to read LPC object mudlib/({ "sword", "short sword" }).c: No such file or directory (os error 2)
[2m2026-08-18T01:31:29.478106Z[0m [32m INFO[0m [2mrmudos::vm[0m[2m:[0m load_object trying master compile_object [3mpath[0m[2m=[0m/({ "sword", "short sword" })
[2m2026-08-18T01:31:29.478117Z[0m [32m INFO[0m [2mrmudos::efun::mudos_extra[0m[2m:[0m file_size start [3mpath[0m[2m=[0m"({ \"sword\", \"short sword\" })"
[2m2026-08-18T01:31:29.478289Z[0m [32m INFO[0m [2mrmudos::efun::mudos_extra[0m[2m:[0m file_size done [3mpath[0m[2m=[0m"({ \"sword\", \"short sword\" })" [3msize[0m[2m=[0m-1 [3melapsed_ms[0m[2m=[0m0
[2m2026-08-18T01:31:29.478295Z[0m [32m INFO[0m [2mrmudos::efun::mudos_extra[0m[2m:[0m file_size start [3mpath[0m[2m=[0m"0.c"
[2m2026-08-18T01:31:29.478455Z[0m [32m INFO[0m [2mrmudos::efun::mudos_extra[0m[2m:[0m file_size done [3mpath[0m[2m=[0m"0.c" [3msize[0m[2m=[0m-1 [3melapsed_ms[0m[2m=[0m0
[2m2026-08-18T01:31:29.478466Z[0m [33m WARN[0m [2mrmudos::vm[0m[2m:[0m load_object compile_object did not return an object [3mpath[0m[2m=[0m/({ "sword", "short sword" }) [3mresult[0m[2m=[0mOk(Null)
[2m2026-08-18T01:31:29.479890Z[0m [32m INFO[0m [2mrmudos::vm[0m[2m:[0m load_object start [3mpath[0m[2m=[0m/({ "two handed sword", "two-handed sword", "sword" })
[2m2026-08-18T01:31:29.479895Z[0m [32m INFO[0m [2mrmudos::compiler[0m[2m:[0m compile start [3mpath[0m[2m=[0m/({ "two handed sword", "two-handed sword", "sword" }) [3mfile[0m[2m=[0mmudlib/({ "two handed sword", "two-handed sword", "sword" }).c
[2m2026-08-18T01:31:29.479899Z[0m [33m WARN[0m [2mrmudos::vm[0m[2m:[0m load_object compile failed [3mpath[0m[2m=[0m/({ "two handed sword", "two-handed sword", "sword" }) [3merror[0m[2m=[0mfailed to read LPC object mudlib/({ "two handed sword", "two-handed sword", "sword" }).c: No such file or directory (os error 2)
[2m2026-08-18T01:31:29.479901Z[0m [32m INFO[0m [2mrmudos::vm[0m[2m:[0m load_object trying master compile_object [3mpath[0m[2m=[0m/({ "two handed sword", "two-handed sword", "sword" })
[2m2026-08-18T01:31:29.479912Z[0m [32m INFO[0m [2mrmudos::efun::mudos_extra[0m[2m:[0m file_size start [3mpath[0m[2m=[0m"({ \"two handed sword\", \"two-handed sword\", \"sword\" })"
[2m2026-08-18T01:31:29.480085Z[0m [32m INFO[0m [2mrmudos::efun::mudos_extra[0m[2m:[0m file_size done [3mpath[0m[2m=[0m"({ \"two handed sword\", \"two-handed sword\", \"sword\" })" [3msize[0m[2m=[0m-1 [3melapsed_ms[0m[2m=[0m0
[2m2026-08-18T01:31:29.480090Z[0m [32m INFO[0m [2mrmudos::efun::mudos_extra[0m[2m:[0m file_size start [3mpath[0m[2m=[0m"0.c"
[2m2026-08-18T01:31:29.480253Z[0m [32m INFO[0m [2mrmudos::efun::mudos_extra[0m[2m:[0m file_size done [3mpath[0m[2m=[0m"0.c" [3msize[0m[2m=[0m-1 [3melapsed_ms[0m[2m=[0m0
[2m2026-08-18T01:31:29.480264Z[0m [33m WARN[0m [2mrmudos::vm[0m[2m:[0m load_object compile_object did not return an object [3mpath[0m[2m=[0m/({ "two handed sword", "two-handed sword", "sword" }) [3mresult[0m[2m=[0mOk(Null)
[2m2026-08-18T01:31:29.481816Z[0m [32m INFO[0m [2mrmudos::vm[0m[2m:[0m load_object start [3mpath[0m[2m=[0m/({"broad sword", "sword"})
[2m2026-08-18T01:31:29.481821Z[0m [32m INFO[0m [2mrmudos::compiler[0m[2m:[0m compile start [3mpath[0m[2m=[0m/({"broad sword", "sword"}) [3mfile[0m[2m=[0mmudlib/({"broad sword", "sword"}).c
[2m2026-08-18T01:31:29.481825Z[0m [33m WARN[0m [2mrmudos::vm[0m[2m:[0m load_object compile failed [3mpath[0m[2m=[0m/({"broad sword", "sword"}) [3merror[0m[2m=[0mfailed to read LPC object mudlib/({"broad sword", "sword"}).c: No such file or directory (os error 2)
[2m2026-08-18T01:31:29.481827Z[0m [32m INFO[0m [2mrmudos::vm[0m[2m:[0m load_object trying master compile_object [3mpath[0m[2m=[0m/({"broad sword", "sword"})
[2m2026-08-18T01:31:29.481837Z[0m [32m INFO[0m [2mrmudos::efun::mudos_extra[0m[2m:[0m file_size start [3mpath[0m[2m=[0m"({\"broad sword\", \"sword\"})"
[2m2026-08-18T01:31:29.482069Z[0m [32m INFO[0m [2mrmudos::efun::mudos_extra[0m[2m:[0m file_size done [3mpath[0m[2m=[0m"({\"broad sword\", \"sword\"})" [3msize[0m[2m=[0m-1 [3melapsed_ms[0m[2m=[0m0
[2m2026-08-18T01:31:29.482093Z[0m [32m INFO[0m [2mrmudos::efun::mudos_extra[0m[2m:[0m file_size start [3mpath[0m[2m=[0m"0.c"
[2m2026-08-18T01:31:29.482274Z[0m [32m INFO[0m [2mrmudos::efun::mudos_extra[0m[2m:[0m file_size done [3mpath[0m[2m=[0m"0.c" [3msize[0m[2m=[0m-1 [3melapsed_ms[0m[2m=[0m0
[2m2026-08-18T01:31:29.482288Z[0m [33m WARN[0m [2mrmudos::vm[0m[2m:[0m load_object compile_object did not return an object [3mpath[0m[2m=[0m/({"broad sword", "sword"}) [3mresult[0m[2m=[0mOk(Null)
[2m2026-08-18T01:31:29.483602Z[0m [32m INFO[0m [2mrmudos::vm[0m[2m:[0m load_object start [3mpath[0m[2m=[0m/({ "axe", "great axe" })
[2m2026-08-18T01:31:29.483607Z[0m [32m INFO[0m [2mrmudos::compiler[0m[2m:[0m compile start [3mpath[0m[2m=[0m/({ "axe", "great axe" }) [3mfile[0m[2m=[0mmudlib/({ "axe", "great axe" }).c
[2m2026-08-18T01:31:29.483613Z[0m [33m WARN[0m [2mrmudos::vm[0m[2m:[0m load_object compile failed [3mpath[0m[2m=[0m/({ "axe", "great axe" }) [3merror[0m[2m=[0mfailed to read LPC object mudlib/({ "axe", "great axe" }).c: No such file or directory (os error 2)
[2m2026-08-18T01:31:29.483615Z[0m [32m INFO[0m [2mrmudos::vm[0m[2m:[0m load_object trying master compile_object [3mpath[0m[2m=[0m/({ "axe", "great axe" })
[2m2026-08-18T01:31:29.483626Z[0m [32m INFO[0m [2mrmudos::efun::mudos_extra[0m[2m:[0m file_size start [3mpath[0m[2m=[0m"({ \"axe\", \"great axe\" })"
[2m2026-08-18T01:31:29.483868Z[0m [32m INFO[0m [2mrmudos::efun::mudos_extra[0m[2m:[0m file_size done [3mpath[0m[2m=[0m"({ \"axe\", \"great axe\" })" [3msize[0m[2m=[0m-1 [3melapsed_ms[0m[2m=[0m0
[2m2026-08-18T01:31:29.483878Z[0m [32m INFO[0m [2mrmudos::efun::mudos_extra[0m[2m:[0m file_size start [3mpath[0m[2m=[0m"0.c"
[2m2026-08-18T01:31:29.484042Z[0m [32m INFO[0m [2mrmudos::efun::mudos_extra[0m[2m:[0m file_size done [3mpath[0m[2m=[0m"0.c" [3msize[0m[2m=[0m-1 [3melapsed_ms[0m[2m=[0m0
[2m2026-08-18T01:31:29.484054Z[0m [33m WARN[0m [2mrmudos::vm[0m[2m:[0m load_object compile_object did not return an object [3mpath[0m[2m=[0m/({ "axe", "great axe" }) [3mresult[0m[2m=[0mOk(Null)
[2m2026-08-18T01:31:29.485288Z[0m [32m INFO[0m [2mrmudos::vm[0m[2m:[0m load_object start [3mpath[0m[2m=[0m/({ "staff", "quarter staff" })
[2m2026-08-18T01:31:29.485293Z[0m [32m INFO[0m [2mrmudos::compiler[0m[2m:[0m compile start [3mpath[0m[2m=[0m/({ "staff", "quarter staff" }) [3mfile[0m[2m=[0mmudlib/({ "staff", "quarter staff" }).c
[2m2026-08-18T01:31:29.485299Z[0m [33m WARN[0m [2mrmudos::vm[0m[2m:[0m load_object compile failed [3mpath[0m[2m=[0m/({ "staff", "quarter staff" }) [3merror[0m[2m=[0mfailed to read LPC object mudlib/({ "staff", "quarter staff" }).c: No such file or directory (os error 2)
[2m2026-08-18T01:31:29.485301Z[0m [32m INFO[0m [2mrmudos::vm[0m[2m:[0m load_object trying master compile_object [3mpath[0m[2m=[0m/({ "staff", "quarter staff" })
[2m2026-08-18T01:31:29.485311Z[0m [32m INFO[0m [2mrmudos::efun::mudos_extra[0m[2m:[0m file_size start [3mpath[0m[2m=[0m"({ \"staff\", \"quarter staff\" })"
[2m2026-08-18T01:31:29.485477Z[0m [32m INFO[0m [2mrmudos::efun::mudos_extra[0m[2m:[0m file_size done [3mpath[0m[2m=[0m"({ \"staff\", \"quarter staff\" })" [3msize[0m[2m=[0m-1 [3melapsed_ms[0m[2m=[0m0
[2m2026-08-18T01:31:29.485482Z[0m [32m INFO[0m [2mrmudos::efun::mudos_extra[0m[2m:[0m file_size start [3mpath[0m[2m=[0m"0.c"
[2m2026-08-18T01:31:29.485640Z[0m [32m INFO[0m [2mrmudos::efun::mudos_extra[0m[2m:[0m file_size done [3mpath[0m[2m=[0m"0.c" [3msize[0m[2m=[0m-1 [3melapsed_ms[0m[2m=[0m0
[2m2026-08-18T01:31:29.485649Z[0m [33m WARN[0m [2mrmudos::vm[0m[2m:[0m load_object compile_object did not return an object [3mpath[0m[2m=[0m/({ "staff", "quarter staff" }) [3mresult[0m[2m=[0mOk(Null)
[2m2026-08-18T01:31:29.486881Z[0m [32m INFO[0m [2mrmudos::vm[0m[2m:[0m load_object start [3mpath[0m[2m=[0m/({ "star", "morning star" })
[2m2026-08-18T01:31:29.486885Z[0m [32m INFO[0m [2mrmudos::compiler[0m[2m:[0m compile start [3mpath[0m[2m=[0m/({ "star", "morning star" }) [3mfile[0m[2m=[0mmudlib/({ "star", "morning star" }).c
[2m2026-08-18T01:31:29.486889Z[0m [33m WARN[0m [2mrmudos::vm[0m[2m:[0m load_object compile failed [3mpath[0m[2m=[0m/({ "star", "morning star" }) [3merror[0m[2m=[0mfailed to read LPC object mudlib/({ "star", "morning star" }).c: No such file or directory (os error 2)
[2m2026-08-18T01:31:29.486890Z[0m [32m INFO[0m [2mrmudos::vm[0m[2m:[0m load_object trying master compile_object [3mpath[0m[2m=[0m/({ "star", "morning star" })
[2m2026-08-18T01:31:29.486900Z[0m [32m INFO[0m [2mrmudos::efun::mudos_extra[0m[2m:[0m file_size start [3mpath[0m[2m=[0m"({ \"star\", \"morning star\" })"
[2m2026-08-18T01:31:29.487059Z[0m [32m INFO[0m [2mrmudos::efun::mudos_extra[0m[2m:[0m file_size done [3mpath[0m[2m=[0m"({ \"star\", \"morning star\" })" [3msize[0m[2m=[0m-1 [3melapsed_ms[0m[2m=[0m0
[2m2026-08-18T01:31:29.487064Z[0m [32m INFO[0m [2mrmudos::efun::mudos_extra[0m[2m:[0m file_size start [3mpath[0m[2m=[0m"0.c"
[2m2026-08-18T01:31:29.487218Z[0m [32m INFO[0m [2mrmudos::efun::mudos_extra[0m[2m:[0m file_size done [3mpath[0m[2m=[0m"0.c" [3msize[0m[2m=[0m-1 [3melapsed_ms[0m[2m=[0m0
[2m2026-08-18T01:31:29.487227Z[0m [33m WARN[0m [2mrmudos::vm[0m[2m:[0m load_object compile_object did not return an object [3mpath[0m[2m=[0m/({ "star", "morning star" }) [3mresult[0m[2m=[0mOk(Null)
[2m2026-08-18T01:31:29.488575Z[0m [32m INFO[0m [2mrmudos::vm[0m[2m:[0m load_object start [3mpath[0m[2m=[0m/({"scimitar", "sword" })
[2m2026-08-18T01:31:29.488585Z[0m [32m INFO[0m [2mrmudos::compiler[0m[2m:[0m compile start [3mpath[0m[2m=[0m/({"scimitar", "sword" }) [3mfile[0m[2m=[0mmudlib/({"scimitar", "sword" }).c
[2m2026-08-18T01:31:29.488593Z[0m [33m WARN[0m [2mrmudos::vm[0m[2m:[0m load_object compile failed [3mpath[0m[2m=[0m/({"scimitar", "sword" }) [3merror[0m[2m=[0mfailed to read LPC object mudlib/({"scimitar", "sword" }).c: No such file or directory (os error 2)
[2m2026-08-18T01:31:29.488596Z[0m [32m INFO[0m [2mrmudos::vm[0m[2m:[0m load_object trying master compile_object [3mpath[0m[2m=[0m/({"scimitar", "sword" })
[2m2026-08-18T01:31:29.488720Z[0m [32m INFO[0m [2mrmudos::efun::mudos_extra[0m[2m:[0m file_size start [3mpath[0m[2m=[0m"({\"scimitar\", \"sword\" })"
[2m2026-08-18T01:31:29.488987Z[0m [32m INFO[0m [2mrmudos::efun::mudos_extra[0m[2m:[0m file_size done [3mpath[0m[2m=[0m"({\"scimitar\", \"sword\" })" [3msize[0m[2m=[0m-1 [3melapsed_ms[0m[2m=[0m0
[2m2026-08-18T01:31:29.488998Z[0m [32m INFO[0m [2mrmudos::efun::mudos_extra[0m[2m:[0m file_size start [3mpath[0m[2m=[0m"0.c"
[2m2026-08-18T01:31:29.489185Z[0m [32m INFO[0m [2mrmudos::efun::mudos_extra[0m[2m:[0m file_size done [3mpath[0m[2m=[0m"0.c" [3msize[0m[2m=[0m-1 [3melapsed_ms[0m[2m=[0m0
[2m2026-08-18T01:31:29.489199Z[0m [33m WARN[0m [2mrmudos::vm[0m[2m:[0m load_object compile_object did not return an object [3mpath[0m[2m=[0m/({"scimitar", "sword" }) [3mresult[0m[2m=[0mOk(Null)
[2m2026-08-18T01:31:29.490985Z[0m [32m INFO[0m [2mrmudos::vm[0m[2m:[0m load_object start [3mpath[0m[2m=[0m/({"hammer", "war hammer" })
[2m2026-08-18T01:31:29.490998Z[0m [32m INFO[0m [2mrmudos::compiler[0m[2m:[0m compile start [3mpath[0m[2m=[0m/({"hammer", "war hammer" }) [3mfile[0m[2m=[0mmudlib/({"hammer", "war hammer" }).c
[2m2026-08-18T01:31:29.491011Z[0m [33m WARN[0m [2mrmudos::vm[0m[2m:[0m load_object compile failed [3mpath[0m[2m=[0m/({"hammer", "war hammer" }) [3merror[0m[2m=[0mfailed to read LPC object mudlib/({"hammer", "war hammer" }).c: No such file or directory (os error 2)
[2m2026-08-18T01:31:29.491014Z[0m [32m INFO[0m [2mrmudos::vm[0m[2m:[0m load_object trying master compile_object [3mpath[0m[2m=[0m/({"hammer", "war hammer" })
[2m2026-08-18T01:31:29.491026Z[0m [32m INFO[0m [2mrmudos::efun::mudos_extra[0m[2m:[0m file_size start [3mpath[0m[2m=[0m"({\"hammer\", \"war hammer\" })"
[2m2026-08-18T01:31:29.491225Z[0m [32m INFO[0m [2mrmudos::efun::mudos_extra[0m[2m:[0m file_size done [3mpath[0m[2m=[0m"({\"hammer\", \"war hammer\" })" [3msize[0m[2m=[0m-1 [3melapsed_ms[0m[2m=[0m0
[2m2026-08-18T01:31:29.491235Z[0m [32m INFO[0m [2mrmudos::efun::mudos_extra[0m[2m:[0m file_size start [3mpath[0m[2m=[0m"0.c"
[2m2026-08-18T01:31:29.491399Z[0m [32m INFO[0m [2mrmudos::efun::mudos_extra[0m[2m:[0m file_size done [3mpath[0m[2m=[0m"0.c" [3msize[0m[2m=[0m-1 [3melapsed_ms[0m[2m=[0m0
[2m2026-08-18T01:31:29.491413Z[0m [33m WARN[0m [2mrmudos::vm[0m[2m:[0m load_object compile_object did not return an object [3mpath[0m[2m=[0m/({"hammer", "war hammer" }) [3mresult[0m[2m=[0mOk(Null)
[2m2026-08-18T01:31:29.492614Z[0m [32m INFO[0m [2mrmudos::vm[0m[2m:[0m load_object start [3mpath[0m[2m=[0m/({"hammer"})
[2m2026-08-18T01:31:29.492619Z[0m [32m INFO[0m [2mrmudos::compiler[0m[2m:[0m compile start [3mpath[0m[2m=[0m/({"hammer"}) [3mfile[0m[2m=[0mmudlib/({"hammer"}).c
[2m2026-08-18T01:31:29.492622Z[0m [33m WARN[0m [2mrmudos::vm[0m[2m:[0m load_object compile failed [3mpath[0m[2m=[0m/({"hammer"}) [3merror[0m[2m=[0mfailed to read LPC object mudlib/({"hammer"}).c: No such file or directory (os error 2)
[2m2026-08-18T01:31:29.492624Z[0m [32m INFO[0m [2mrmudos::vm[0m[2m:[0m load_object trying master compile_object [3mpath[0m[2m=[0m/({"hammer"})
[2m2026-08-18T01:31:29.492634Z[0m [32m INFO[0m [2mrmudos::efun::mudos_extra[0m[2m:[0m file_size start [3mpath[0m[2m=[0m"({\"hammer\"})"
[2m2026-08-18T01:31:29.492797Z[0m [32m INFO[0m [2mrmudos::efun::mudos_extra[0m[2m:[0m file_size done [3mpath[0m[2m=[0m"({\"hammer\"})" [3msize[0m[2m=[0m-1 [3melapsed_ms[0m[2m=[0m0
[2m2026-08-18T01:31:29.492812Z[0m [32m INFO[0m [2mrmudos::efun::mudos_extra[0m[2m:[0m file_size start [3mpath[0m[2m=[0m"0.c"
[2m2026-08-18T01:31:29.492982Z[0m [32m INFO[0m [2mrmudos::efun::mudos_extra[0m[2m:[0m file_size done [3mpath[0m[2m=[0m"0.c" [3msize[0m[2m=[0m-1 [3melapsed_ms[0m[2m=[0m0
[2m2026-08-18T01:31:29.492994Z[0m [33m WARN[0m [2mrmudos::vm[0m[2m:[0m load_object compile_object did not return an object [3mpath[0m[2m=[0m/({"hammer"}) [3mresult[0m[2m=[0mOk(Null)
[2m2026-08-18T01:31:29.494232Z[0m [32m INFO[0m [2mrmudos::vm[0m[2m:[0m load_object start [3mpath[0m[2m=[0m/({"pick", "military pick"})
[2m2026-08-18T01:31:29.494236Z[0m [32m INFO[0m [2mrmudos::compiler[0m[2m:[0m compile start [3mpath[0m[2m=[0m/({"pick", "military pick"}) [3mfile[0m[2m=[0mmudlib/({"pick", "military pick"}).c
[2m2026-08-18T01:31:29.494240Z[0m [33m WARN[0m [2mrmudos::vm[0m[2m:[0m load_object compile failed [3mpath[0m[2m=[0m/({"pick", "military pick"}) [3merror[0m[2m=[0mfailed to read LPC object mudlib/({"pick", "military pick"}).c: No such file or directory (os error 2)
[2m2026-08-18T01:31:29.494242Z[0m [32m INFO[0m [2mrmudos::vm[0m[2m:[0m load_object trying master compile_object [3mpath[0m[2m=[0m/({"pick", "military pick"})
[2m2026-08-18T01:31:29.494252Z[0m [32m INFO[0m [2mrmudos::efun::mudos_extra[0m[2m:[0m file_size start [3mpath[0m[2m=[0m"({\"pick\", \"military pick\"})"
[2m2026-08-18T01:31:29.494419Z[0m [32m INFO[0m [2mrmudos::efun::mudos_extra[0m[2m:[0m file_size done [3mpath[0m[2m=[0m"({\"pick\", \"military pick\"})" [3msize[0m[2m=[0m-1 [3melapsed_ms[0m[2m=[0m0
[2m2026-08-18T01:31:29.494424Z[0m [32m INFO[0m [2mrmudos::efun::mudos_extra[0m[2m:[0m file_size start [3mpath[0m[2m=[0m"0.c"
[2m2026-08-18T01:31:29.494586Z[0m [32m INFO[0m [2mrmudos::efun::mudos_extra[0m[2m:[0m file_size done [3mpath[0m[2m=[0m"0.c" [3msize[0m[2m=[0m-1 [3melapsed_ms[0m[2m=[0m0
[2m2026-08-18T01:31:29.494596Z[0m [33m WARN[0m [2mrmudos::vm[0m[2m:[0m load_object compile_object did not return an object [3mpath[0m[2m=[0m/({"pick", "military pick"}) [3mresult[0m[2m=[0mOk(Null)
[2m2026-08-18T01:31:29.495921Z[0m [32m INFO[0m [2mrmudos::vm[0m[2m:[0m load_object start [3mpath[0m[2m=[0m/({"spear"})
[2m2026-08-18T01:31:29.495926Z[0m [32m INFO[0m [2mrmudos::compiler[0m[2m:[0m compile start [3mpath[0m[2m=[0m/({"spear"}) [3mfile[0m[2m=[0mmudlib/({"spear"}).c
[2m2026-08-18T01:31:29.495930Z[0m [33m WARN[0m [2mrmudos::vm[0m[2m:[0m load_object compile failed [3mpath[0m[2m=[0m/({"spear"}) [3merror[0m[2m=[0mfailed to read LPC object mudlib/({"spear"}).c: No such file or directory (os error 2)
[2m2026-08-18T01:31:29.495931Z[0m [32m INFO[0m [2mrmudos::vm[0m[2m:[0m load_object trying master compile_object [3mpath[0m[2m=[0m/({"spear"})
[2m2026-08-18T01:31:29.495942Z[0m [32m INFO[0m [2mrmudos::efun::mudos_extra[0m[2m:[0m file_size start [3mpath[0m[2m=[0m"({\"spear\"})"
[2m2026-08-18T01:31:29.496105Z[0m [32m INFO[0m [2mrmudos::efun::mudos_extra[0m[2m:[0m file_size done [3mpath[0m[2m=[0m"({\"spear\"})" [3msize[0m[2m=[0m-1 [3melapsed_ms[0m[2m=[0m0
[2m2026-08-18T01:31:29.496113Z[0m [32m INFO[0m [2mrmudos::efun::mudos_extra[0m[2m:[0m file_size start [3mpath[0m[2m=[0m"0.c"
[2m2026-08-18T01:31:29.496279Z[0m [32m INFO[0m [2mrmudos::efun::mudos_extra[0m[2m:[0m file_size done [3mpath[0m[2m=[0m"0.c" [3msize[0m[2m=[0m-1 [3melapsed_ms[0m[2m=[0m0
[2m2026-08-18T01:31:29.496289Z[0m [33m WARN[0m [2mrmudos::vm[0m[2m:[0m load_object compile_object did not return an object [3mpath[0m[2m=[0m/({"spear"}) [3mresult[0m[2m=[0mOk(Null)
[2m2026-08-18T01:31:29.497496Z[0m [32m INFO[0m [2mrmudos::vm[0m[2m:[0m load_object start [3mpath[0m[2m=[0m/({"trident"})
[2m2026-08-18T01:31:29.497500Z[0m [32m INFO[0m [2mrmudos::compiler[0m[2m:[0m compile start [3mpath[0m[2m=[0m/({"trident"}) [3mfile[0m[2m=[0mmudlib/({"trident"}).c
[2m2026-08-18T01:31:29.497503Z[0m [33m WARN[0m [2mrmudos::vm[0m[2m:[0m load_object compile failed [3mpath[0m[2m=[0m/({"trident"}) [3merror[0m[2m=[0mfailed to read LPC object mudlib/({"trident"}).c: No such file or directory (os error 2)
[2m2026-08-18T01:31:29.497505Z[0m [32m INFO[0m [2mrmudos::vm[0m[2m:[0m load_object trying master compile_object [3mpath[0m[2m=[0m/({"trident"})
[2m2026-08-18T01:31:29.497515Z[0m [32m INFO[0m [2mrmudos::efun::mudos_extra[0m[2m:[0m file_size start [3mpath[0m[2m=[0m"({\"trident\"})"
[2m2026-08-18T01:31:29.497674Z[0m [32m INFO[0m [2mrmudos::efun::mudos_extra[0m[2m:[0m file_size done [3mpath[0m[2m=[0m"({\"trident\"})" [3msize[0m[2m=[0m-1 [3melapsed_ms[0m[2m=[0m0
[2m2026-08-18T01:31:29.497679Z[0m [32m INFO[0m [2mrmudos::efun::mudos_extra[0m[2m:[0m file_size start [3mpath[0m[2m=[0m"0.c"
[2m2026-08-18T01:31:29.497836Z[0m [32m INFO[0m [2mrmudos::efun::mudos_extra[0m[2m:[0m file_size done [3mpath[0m[2m=[0m"0.c" [3msize[0m[2m=[0m-1 [3melapsed_ms[0m[2m=[0m0
[2m2026-08-18T01:31:29.497845Z[0m [33m WARN[0m [2mrmudos::vm[0m[2m:[0m load_object compile_object did not return an object [3mpath[0m[2m=[0m/({"trident"}) [3mresult[0m[2m=[0mOk(Null)
[2m2026-08-18T01:31:29.499048Z[0m [32m INFO[0m [2mrmudos::vm[0m[2m:[0m load_object start [3mpath[0m[2m=[0m/({ "staff", "shod staff" })
[2m2026-08-18T01:31:29.499053Z[0m [32m INFO[0m [2mrmudos::compiler[0m[2m:[0m compile start [3mpath[0m[2m=[0m/({ "staff", "shod staff" }) [3mfile[0m[2m=[0mmudlib/({ "staff", "shod staff" }).c
[2m2026-08-18T01:31:29.499056Z[0m [33m WARN[0m [2mrmudos::vm[0m[2m:[0m load_object compile failed [3mpath[0m[2m=[0m/({ "staff", "shod staff" }) [3merror[0m[2m=[0mfailed to read LPC object mudlib/({ "staff", "shod staff" }).c: No such file or directory (os error 2)
[2m2026-08-18T01:31:29.499058Z[0m [32m INFO[0m [2mrmudos::vm[0m[2m:[0m load_object trying master compile_object [3mpath[0m[2m=[0m/({ "staff", "shod staff" })
[2m2026-08-18T01:31:29.499067Z[0m [32m INFO[0m [2mrmudos::efun::mudos_extra[0m[2m:[0m file_size start [3mpath[0m[2m=[0m"({ \"staff\", \"shod staff\" })"
[2m2026-08-18T01:31:29.499225Z[0m [32m INFO[0m [2mrmudos::efun::mudos_extra[0m[2m:[0m file_size done [3mpath[0m[2m=[0m"({ \"staff\", \"shod staff\" })" [3msize[0m[2m=[0m-1 [3melapsed_ms[0m[2m=[0m0
[2m2026-08-18T01:31:29.499230Z[0m [32m INFO[0m [2mrmudos::efun::mudos_extra[0m[2m:[0m file_size start [3mpath[0m[2m=[0m"0.c"
[2m2026-08-18T01:31:29.499388Z[0m [32m INFO[0m [2mrmudos::efun::mudos_extra[0m[2m:[0m file_size done [3mpath[0m[2m=[0m"0.c" [3msize[0m[2m=[0m-1 [3melapsed_ms[0m[2m=[0m0
[2m2026-08-18T01:31:29.499398Z[0m [33m WARN[0m [2mrmudos::vm[0m[2m:[0m load_object compile_object did not return an object [3mpath[0m[2m=[0m/({ "staff", "shod staff" }) [3mresult[0m[2m=[0mOk(Null)
[2m2026-08-18T01:31:29.500662Z[0m [32m INFO[0m [2mrmudos::vm[0m[2m:[0m load_object start [3mpath[0m[2m=[0m/({ "gauntlet", "spiked gauntlet" })
[2m2026-08-18T01:31:29.500667Z[0m [32m INFO[0m [2mrmudos::compiler[0m[2m:[0m compile start [3mpath[0m[2m=[0m/({ "gauntlet", "spiked gauntlet" }) [3mfile[0m[2m=[0mmudlib/({ "gauntlet", "spiked gauntlet" }).c
[2m2026-08-18T01:31:29.500670Z[0m [33m WARN[0m [2mrmudos::vm[0m[2m:[0m load_object compile failed [3mpath[0m[2m=[0m/({ "gauntlet", "spiked gauntlet" }) [3merror[0m[2m=[0mfailed to read LPC object mudlib/({ "gauntlet", "spiked gauntlet" }).c: No such file or directory (os error 2)
[2m2026-08-18T01:31:29.500672Z[0m [32m INFO[0m [2mrmudos::vm[0m[2m:[0m load_object trying master compile_object [3mpath[0m[2m=[0m/({ "gauntlet", "spiked gauntlet" })
[2m2026-08-18T01:31:29.500682Z[0m [32m INFO[0m [2mrmudos::efun::mudos_extra[0m[2m:[0m file_size start [3mpath[0m[2m=[0m"({ \"gauntlet\", \"spiked gauntlet\" })"
[2m2026-08-18T01:31:29.500843Z[0m [32m INFO[0m [2mrmudos::efun::mudos_extra[0m[2m:[0m file_size done [3mpath[0m[2m=[0m"({ \"gauntlet\", \"spiked gauntlet\" })" [3msize[0m[2m=[0m-1 [3melapsed_ms[0m[2m=[0m0
[2m2026-08-18T01:31:29.500851Z[0m [32m INFO[0m [2mrmudos::efun::mudos_extra[0m[2m:[0m file_size start [3mpath[0m[2m=[0m"0.c"
[2m2026-08-18T01:31:29.501009Z[0m [32m INFO[0m [2mrmudos::efun::mudos_extra[0m[2m:[0m file_size done [3mpath[0m[2m=[0m"0.c" [3msize[0m[2m=[0m-1 [3melapsed_ms[0m[2m=[0m0
[2m2026-08-18T01:31:29.501021Z[0m [33m WARN[0m [2mrmudos::vm[0m[2m:[0m load_object compile_object did not return an object [3mpath[0m[2m=[0m/({ "gauntlet", "spiked gauntlet" }) [3mresult[0m[2m=[0mOk(Null)
[2m2026-08-18T01:31:29.502649Z[0m [32m INFO[0m [2mrmudos::vm[0m[2m:[0m load_object start [3mpath[0m[2m=[0m/({"raper"})
[2m2026-08-18T01:31:29.502658Z[0m [32m INFO[0m [2mrmudos::compiler[0m[2m:[0m compile start [3mpath[0m[2m=[0m/({"raper"}) [3mfile[0m[2m=[0mmudlib/({"raper"}).c
[2m2026-08-18T01:31:29.502666Z[0m [33m WARN[0m [2mrmudos::vm[0m[2m:[0m load_object compile failed [3mpath[0m[2m=[0m/({"raper"}) [3merror[0m[2m=[0mfailed to read LPC object mudlib/({"raper"}).c: No such file or directory (os error 2)
[2m2026-08-18T01:31:29.502668Z[0m [32m INFO[0m [2mrmudos::vm[0m[2m:[0m load_object trying master compile_object [3mpath[0m[2m=[0m/({"raper"})
[2m2026-08-18T01:31:29.502679Z[0m [32m INFO[0m [2mrmudos::efun::mudos_extra[0m[2m:[0m file_size start [3mpath[0m[2m=[0m"({\"raper\"})"
[2m2026-08-18T01:31:29.502842Z[0m [32m INFO[0m [2mrmudos::efun::mudos_extra[0m[2m:[0m file_size done [3mpath[0m[2m=[0m"({\"raper\"})" [3msize[0m[2m=[0m-1 [3melapsed_ms[0m[2m=[0m0
[2m2026-08-18T01:31:29.502846Z[0m [32m INFO[0m [2mrmudos::efun::mudos_extra[0m[2m:[0m file_size start [3mpath[0m[2m=[0m"0.c"
[2m2026-08-18T01:31:29.502998Z[0m [32m INFO[0m [2mrmudos::efun::mudos_extra[0m[2m:[0m file_size done [3mpath[0m[2m=[0m"0.c" [3msize[0m[2m=[0m-1 [3melapsed_ms[0m[2m=[0m0
[2m2026-08-18T01:31:29.503008Z[0m [33m WARN[0m [2mrmudos::vm[0m[2m:[0m load_object compile_object did not return an object [3mpath[0m[2m=[0m/({"raper"}) [3mresult[0m[2m=[0mOk(Null)
[2m2026-08-18T01:31:29.504228Z[0m [32m INFO[0m [2mrmudos::vm[0m[2m:[0m load_object start [3mpath[0m[2m=[0m/({"stiletto"})
[2m2026-08-18T01:31:29.504236Z[0m [32m INFO[0m [2mrmudos::compiler[0m[2m:[0m compile start [3mpath[0m[2m=[0m/({"stiletto"}) [3mfile[0m[2m=[0mmudlib/({"stiletto"}).c
[2m2026-08-18T01:31:29.504243Z[0m [33m WARN[0m [2mrmudos::vm[0m[2m:[0m load_object compile failed [3mpath[0m[2m=[0m/({"stiletto"}) [3merror[0m[2m=[0mfailed to read LPC object mudlib/({"stiletto"}).c: No such file or directory (os error 2)
[2m2026-08-18T01:31:29.504246Z[0m [32m INFO[0m [2mrmudos::vm[0m[2m:[0m load_object trying master compile_object [3mpath[0m[2m=[0m/({"stiletto"})
[2m2026-08-18T01:31:29.504257Z[0m [32m INFO[0m [2mrmudos::efun::mudos_extra[0m[2m:[0m file_size start [3mpath[0m[2m=[0m"({\"stiletto\"})"
[2m2026-08-18T01:31:29.504426Z[0m [32m INFO[0m [2mrmudos::efun::mudos_extra[0m[2m:[0m file_size done [3mpath[0m[2m=[0m"({\"stiletto\"})" [3msize[0m[2m=[0m-1 [3melapsed_ms[0m[2m=[0m0
[2m2026-08-18T01:31:29.504431Z[0m [32m INFO[0m [2mrmudos::efun::mudos_extra[0m[2m:[0m file_size start [3mpath[0m[2m=[0m"0.c"
[2m2026-08-18T01:31:29.504594Z[0m [32m INFO[0m [2mrmudos::efun::mudos_extra[0m[2m:[0m file_size done [3mpath[0m[2m=[0m"0.c" [3msize[0m[2m=[0m-1 [3melapsed_ms[0m[2m=[0m0
[2m2026-08-18T01:31:29.504605Z[0m [33m WARN[0m [2mrmudos::vm[0m[2m:[0m load_object compile_object did not return an object [3mpath[0m[2m=[0m/({"stiletto"}) [3mresult[0m[2m=[0mOk(Null)
[2m2026-08-18T01:31:29.505635Z[0m [32m INFO[0m [2mrmudos::vm[0m[2m:[0m load_object done [3mpath[0m[2m=[0m/d/damned/data/weapon_db
[2m2026-08-18T01:31:29.505661Z[0m [32m INFO[0m [2mrmudos::efun::mudos_extra[0m[2m:[0m file_size start [3mpath[0m[2m=[0m"/adm/daemon/wizchar_d.c"
[2m2026-08-18T01:31:29.505680Z[0m [32m INFO[0m [2mrmudos::efun::mudos_extra[0m[2m:[0m file_size done [3mpath[0m[2m=[0m"/adm/daemon/wizchar_d.c" [3msize[0m[2m=[0m5606 [3melapsed_ms[0m[2m=[0m0
[2m2026-08-18T01:31:29.505699Z[0m [32m INFO[0m [2mrmudos::efun::mudos_extra[0m[2m:[0m file_size start [3mpath[0m[2m=[0m"/log/master"
[2m2026-08-18T01:31:29.506093Z[0m [32m INFO[0m [2mrmudos::efun::mudos_extra[0m[2m:[0m file_size done [3mpath[0m[2m=[0m"/log/master" [3msize[0m[2m=[0m40 [3melapsed_ms[0m[2m=[0m0
[2m2026-08-18T01:31:29.506646Z[0m [32m INFO[0m [2mrmudos::vm[0m[2m:[0m load_object start [3mpath[0m[2m=[0m/adm/daemon/wizchar_d
[2m2026-08-18T01:31:29.506752Z[0m [32m INFO[0m [2mrmudos::compiler[0m[2m:[0m compile start [3mpath[0m[2m=[0m/adm/daemon/wizchar_d [3mfile[0m[2m=[0mmudlib/adm/daemon/wizchar_d.c
[2m2026-08-18T01:31:29.507280Z[0m [32m INFO[0m [2mrmudos::compiler[0m[2m:[0m compile done [3mpath[0m[2m=[0m/adm/daemon/wizchar_d [3melapsed_ms[0m[2m=[0m0
[2m2026-08-18T01:31:29.507288Z[0m [32m INFO[0m [2mrmudos::vm[0m[2m:[0m load_object compile ok [3mpath[0m[2m=[0m/adm/daemon/wizchar_d [3melapsed_ms[0m[2m=[0m0
[2m2026-08-18T01:31:29.507290Z[0m [32m INFO[0m [2mrmudos::vm[0m[2m:[0m load_object create() [3mpath[0m[2m=[0m/adm/daemon/wizchar_d
[2m2026-08-18T01:31:29.507316Z[0m [32m INFO[0m [2mrmudos::efun::mudos_extra[0m[2m:[0m file_size start [3mpath[0m[2m=[0m"/adm/save/daemons/wizchar.v"
[2m2026-08-18T01:31:29.507510Z[0m [32m INFO[0m [2mrmudos::efun::mudos_extra[0m[2m:[0m file_size done [3mpath[0m[2m=[0m"/adm/save/daemons/wizchar.v" [3msize[0m[2m=[0m5 [3melapsed_ms[0m[2m=[0m0
[2m2026-08-18T01:31:29.507702Z[0m [32m INFO[0m [2mrmudos::vm[0m[2m:[0m load_object start [3mpath[0m[2m=[0m/daemon/events_d
[2m2026-08-18T01:31:29.507706Z[0m [32m INFO[0m [2mrmudos::compiler[0m[2m:[0m compile start [3mpath[0m[2m=[0m/daemon/events_d [3mfile[0m[2m=[0mmudlib/daemon/events_d.c
[2m2026-08-18T01:31:29.508260Z[0m [32m INFO[0m [2mrmudos::compiler[0m[2m:[0m compile done [3mpath[0m[2m=[0m/daemon/events_d [3melapsed_ms[0m[2m=[0m0
[2m2026-08-18T01:31:29.508263Z[0m [32m INFO[0m [2mrmudos::vm[0m[2m:[0m load_object compile ok [3mpath[0m[2m=[0m/daemon/events_d [3melapsed_ms[0m[2m=[0m0
[2m2026-08-18T01:31:29.508265Z[0m [32m INFO[0m [2mrmudos::vm[0m[2m:[0m load_object create() [3mpath[0m[2m=[0m/daemon/events_d
[2m2026-08-18T01:31:29.508429Z[0m [32m INFO[0m [2mrmudos::vm[0m[2m:[0m load_object start [3mpath[0m[2m=[0m/daemon/events_d
[2m2026-08-18T01:31:29.508433Z[0m [32m INFO[0m [2mrmudos::compiler[0m[2m:[0m compile start [3mpath[0m[2m=[0m/daemon/events_d [3mfile[0m[2m=[0mmudlib/daemon/events_d.c
[2m2026-08-18T01:31:29.508889Z[0m [32m INFO[0m [2mrmudos::compiler[0m[2m:[0m compile done [3mpath[0m[2m=[0m/daemon/events_d [3melapsed_ms[0m[2m=[0m0
[2m2026-08-18T01:31:29.508893Z[0m [32m INFO[0m [2mrmudos::vm[0m[2m:[0m load_object compile ok [3mpath[0m[2m=[0m/daemon/events_d [3melapsed_ms[0m[2m=[0m0
[2m2026-08-18T01:31:29.508895Z[0m [32m INFO[0m [2mrmudos::vm[0m[2m:[0m load_object create() [3mpath[0m[2m=[0m/daemon/events_d
[2m2026-08-18T01:31:29.509011Z[0m [32m INFO[0m [2mrmudos::vm[0m[2m:[0m load_object done [3mpath[0m[2m=[0m/adm/daemon/wizchar_d
[2m2026-08-18T01:31:29.509017Z[0m [32m INFO[0m [2mrmudos::backend[0m[2m:[0m master object booted [3mmud[0m[2m=[0mRustMud [3mmaster[0m[2m=[0m/adm/obj/master
[2m2026-08-18T01:31:29.509045Z[0m [32m INFO[0m [2mrmudos::backend[0m[2m:[0m listening for players (telnet/line mode) [3maddr[0m[2m=[0m0.0.0.0:4000
[2m2026-08-18T01:31:29.510661Z[0m [32m INFO[0m [2mrmudos::vm[0m[2m:[0m load_object start [3mpath[0m[2m=[0m/adm/daemon/watchdog_d
[2m2026-08-18T01:31:29.510673Z[0m [32m INFO[0m [2mrmudos::compiler[0m[2m:[0m compile start [3mpath[0m[2m=[0m/adm/daemon/watchdog_d [3mfile[0m[2m=[0mmudlib/adm/daemon/watchdog_d.c
[2m2026-08-18T01:31:29.510738Z[0m [32m INFO[0m [2mrmudos::compiler[0m[2m:[0m compile done [3mpath[0m[2m=[0m/adm/daemon/watchdog_d [3melapsed_ms[0m[2m=[0m0
[2m2026-08-18T01:31:29.510741Z[0m [32m INFO[0m [2mrmudos::vm[0m[2m:[0m load_object compile ok [3mpath[0m[2m=[0m/adm/daemon/watchdog_d [3melapsed_ms[0m[2m=[0m0
[2m2026-08-18T01:31:29.510743Z[0m [32m INFO[0m [2mrmudos::vm[0m[2m:[0m load_object create() [3mpath[0m[2m=[0m/adm/daemon/watchdog_d
[2m2026-08-18T01:31:29.510745Z[0m [32m INFO[0m [2mrmudos::vm[0m[2m:[0m load_object done [3mpath[0m[2m=[0m/adm/daemon/watchdog_d
[2m2026-08-18T01:31:34.100837Z[0m [32m INFO[0m [2mrmudos::compiler[0m[2m:[0m compile start [3mpath[0m[2m=[0m/adm/obj/login [3mfile[0m[2m=[0mmudlib/adm/obj/login.c
[2m2026-08-18T01:31:34.102119Z[0m [32m INFO[0m [2mrmudos::compiler[0m[2m:[0m compile done [3mpath[0m[2m=[0m/adm/obj/login [3melapsed_ms[0m[2m=[0m1
[2m2026-08-18T01:31:34.102163Z[0m [32m INFO[0m [2mrmudos::compiler[0m[2m:[0m compile start [3mpath[0m[2m=[0m/std/user [3mfile[0m[2m=[0mmudlib/std/user.c
[2m2026-08-18T01:31:34.106135Z[0m [32m INFO[0m [2mrmudos::compiler[0m[2m:[0m compile start [3mpath[0m[2m=[0m/std/living [3mfile[0m[2m=[0mmudlib/std/living.c
[2m2026-08-18T01:31:34.108471Z[0m [32m INFO[0m [2mrmudos::compiler[0m[2m:[0m compile start [3mpath[0m[2m=[0m/std/living/messages [3mfile[0m[2m=[0mmudlib/std/living/messages.c
[2m2026-08-18T01:31:34.108724Z[0m [32m INFO[0m [2mrmudos::compiler[0m[2m:[0m compile done [3mpath[0m[2m=[0m/std/living/messages [3melapsed_ms[0m[2m=[0m0
[2m2026-08-18T01:31:34.108731Z[0m [32m INFO[0m [2mrmudos::compiler[0m[2m:[0m compile start [3mpath[0m[2m=[0m/std/living/combat [3mfile[0m[2m=[0mmudlib/std/living/combat.c
[2m2026-08-18T01:31:34.110374Z[0m [32m INFO[0m [2mrmudos::compiler[0m[2m:[0m compile start [3mpath[0m[2m=[0m/std/living/body [3mfile[0m[2m=[0mmudlib/std/living/body.c
[2m2026-08-18T01:31:34.111485Z[0m [32m INFO[0m [2mrmudos::compiler[0m[2m:[0m compile start [3mpath[0m[2m=[0m/std/container [3mfile[0m[2m=[0mmudlib/std/container.c
[2m2026-08-18T01:31:34.111858Z[0m [32m INFO[0m [2mrmudos::compiler[0m[2m:[0m compile start [3mpath[0m[2m=[0m/std/Object [3mfile[0m[2m=[0mmudlib/std/Object.c
[2m2026-08-18T01:31:34.112944Z[0m [32m INFO[0m [2mrmudos::compiler[0m[2m:[0m compile start [3mpath[0m[2m=[0m/std/move [3mfile[0m[2m=[0mmudlib/std/move.c
[2m2026-08-18T01:31:34.113322Z[0m [32m INFO[0m [2mrmudos::compiler[0m[2m:[0m compile done [3mpath[0m[2m=[0m/std/move [3melapsed_ms[0m[2m=[0m0
[2m2026-08-18T01:31:34.113657Z[0m [32m INFO[0m [2mrmudos::compiler[0m[2m:[0m compile done [3mpath[0m[2m=[0m/std/Object [3melapsed_ms[0m[2m=[0m1
[2m2026-08-18T01:31:34.113808Z[0m [32m INFO[0m [2mrmudos::compiler[0m[2m:[0m compile done [3mpath[0m[2m=[0m/std/container [3melapsed_ms[0m[2m=[0m2
[2m2026-08-18T01:31:34.114852Z[0m [32m INFO[0m [2mrmudos::compiler[0m[2m:[0m compile done [3mpath[0m[2m=[0m/std/living/body [3melapsed_ms[0m[2m=[0m4
[2m2026-08-18T01:31:34.114864Z[0m [32m INFO[0m [2mrmudos::compiler[0m[2m:[0m compile start [3mpath[0m[2m=[0m/std/living/skills [3mfile[0m[2m=[0mmudlib/std/living/skills.c
[2m2026-08-18T01:31:34.115515Z[0m [32m INFO[0m [2mrmudos::compiler[0m[2m:[0m compile done [3mpath[0m[2m=[0m/std/living/skills [3melapsed_ms[0m[2m=[0m0
[2m2026-08-18T01:31:34.116733Z[0m [32m INFO[0m [2mrmudos::compiler[0m[2m:[0m compile done [3mpath[0m[2m=[0m/std/living/combat [3melapsed_ms[0m[2m=[0m7
[2m2026-08-18T01:31:34.116750Z[0m [32m INFO[0m [2mrmudos::compiler[0m[2m:[0m compile start [3mpath[0m[2m=[0m/std/living/env [3mfile[0m[2m=[0mmudlib/std/living/env.c
[2m2026-08-18T01:31:34.116867Z[0m [32m INFO[0m [2mrmudos::compiler[0m[2m:[0m compile done [3mpath[0m[2m=[0m/std/living/env [3melapsed_ms[0m[2m=[0m0
[2m2026-08-18T01:31:34.116872Z[0m [32m INFO[0m [2mrmudos::compiler[0m[2m:[0m compile start [3mpath[0m[2m=[0m/std/money [3mfile[0m[2m=[0mmudlib/std/money.c
[2m2026-08-18T01:31:34.117122Z[0m [32m INFO[0m [2mrmudos::compiler[0m[2m:[0m compile done [3mpath[0m[2m=[0m/std/money [3melapsed_ms[0m[2m=[0m0
[2m2026-08-18T01:31:34.117127Z[0m [32m INFO[0m [2mrmudos::compiler[0m[2m:[0m compile start [3mpath[0m[2m=[0m/std/living/follow [3mfile[0m[2m=[0mmudlib/std/living/follow.c
[2m2026-08-18T01:31:34.117321Z[0m [32m INFO[0m [2mrmudos::compiler[0m[2m:[0m compile done [3mpath[0m[2m=[0m/std/living/follow [3melapsed_ms[0m[2m=[0m0
[2m2026-08-18T01:31:34.118527Z[0m [32m INFO[0m [2mrmudos::compiler[0m[2m:[0m compile done [3mpath[0m[2m=[0m/std/living [3melapsed_ms[0m[2m=[0m12
[2m2026-08-18T01:31:34.118537Z[0m [32m INFO[0m [2mrmudos::compiler[0m[2m:[0m compile start [3mpath[0m[2m=[0m/std/user/tsh [3mfile[0m[2m=[0mmudlib/std/user/tsh.c
[2m2026-08-18T01:31:34.118726Z[0m [32m INFO[0m [2mrmudos::compiler[0m[2m:[0m compile start [3mpath[0m[2m=[0m/std/user/alias [3mfile[0m[2m=[0mmudlib/std/user/alias.c
[2m2026-08-18T01:31:34.118907Z[0m [32m INFO[0m [2mrmudos::compiler[0m[2m:[0m compile done [3mpath[0m[2m=[0m/std/user/alias [3melapsed_ms[0m[2m=[0m0
[2m2026-08-18T01:31:34.118912Z[0m [32m INFO[0m [2mrmudos::compiler[0m[2m:[0m compile start [3mpath[0m[2m=[0m/std/user/wild_card [3mfile[0m[2m=[0mmudlib/std/user/wild_card.c
[2m2026-08-18T01:31:34.118982Z[0m [32m INFO[0m [2mrmudos::compiler[0m[2m:[0m compile done [3mpath[0m[2m=[0m/std/user/wild_card [3melapsed_ms[0m[2m=[0m0
[2m2026-08-18T01:31:34.118987Z[0m [32m INFO[0m [2mrmudos::compiler[0m[2m:[0m compile start [3mpath[0m[2m=[0m/std/user/nicknames [3mfile[0m[2m=[0mmudlib/std/user/nicknames.c
[2m2026-08-18T01:31:34.119065Z[0m [32m INFO[0m [2mrmudos::compiler[0m[2m:[0m compile done [3mpath[0m[2m=[0m/std/user/nicknames [3melapsed_ms[0m[2m=[0m0
[2m2026-08-18T01:31:34.119068Z[0m [32m INFO[0m [2mrmudos::compiler[0m[2m:[0m compile start [3mpath[0m[2m=[0m/std/adt/cstack [3mfile[0m[2m=[0mmudlib/std/adt/cstack.c
[2m2026-08-18T01:31:34.119139Z[0m [32m INFO[0m [2mrmudos::compiler[0m[2m:[0m compile done [3mpath[0m[2m=[0m/std/adt/cstack [3melapsed_ms[0m[2m=[0m0
[2m2026-08-18T01:31:34.119152Z[0m [32m INFO[0m [2mrmudos::compiler[0m[2m:[0m compile start [3mpath[0m[2m=[0m/std/user/history [3mfile[0m[2m=[0mmudlib/std/user/history.c
[2m2026-08-18T01:31:34.119304Z[0m [32m INFO[0m [2mrmudos::compiler[0m[2m:[0m compile done [3mpath[0m[2m=[0m/std/user/history [3melapsed_ms[0m[2m=[0m0
[2m2026-08-18T01:31:34.119377Z[0m [32m INFO[0m [2mrmudos::compiler[0m[2m:[0m compile done [3mpath[0m[2m=[0m/std/user/tsh [3melapsed_ms[0m[2m=[0m0
[2m2026-08-18T01:31:34.119381Z[0m [32m INFO[0m [2mrmudos::compiler[0m[2m:[0m compile start [3mpath[0m[2m=[0m/std/user/autoload [3mfile[0m[2m=[0mmudlib/std/user/autoload.c
[2m2026-08-18T01:31:34.119506Z[0m [32m INFO[0m [2mrmudos::compiler[0m[2m:[0m compile done [3mpath[0m[2m=[0m/std/user/autoload [3melapsed_ms[0m[2m=[0m0
[2m2026-08-18T01:31:34.119511Z[0m [32m INFO[0m [2mrmudos::compiler[0m[2m:[0m compile start [3mpath[0m[2m=[0m/std/user/save [3mfile[0m[2m=[0mmudlib/std/user/save.c
[2m2026-08-18T01:31:34.120249Z[0m [32m INFO[0m [2mrmudos::compiler[0m[2m:[0m compile done [3mpath[0m[2m=[0m/std/user/save [3melapsed_ms[0m[2m=[0m0
[2m2026-08-18T01:31:34.120258Z[0m [32m INFO[0m [2mrmudos::compiler[0m[2m:[0m compile start [3mpath[0m[2m=[0m/std/user/edit [3mfile[0m[2m=[0mmudlib/std/user/edit.c
[2m2026-08-18T01:31:34.120536Z[0m [32m INFO[0m [2mrmudos::compiler[0m[2m:[0m compile done [3mpath[0m[2m=[0m/std/user/edit [3melapsed_ms[0m[2m=[0m0
[2m2026-08-18T01:31:34.120542Z[0m [32m INFO[0m [2mrmudos::compiler[0m[2m:[0m compile start [3mpath[0m[2m=[0m/std/user/trace [3mfile[0m[2m=[0mmudlib/std/user/trace.c
[2m2026-08-18T01:31:34.120799Z[0m [32m INFO[0m [2mrmudos::compiler[0m[2m:[0m compile done [3mpath[0m[2m=[0m/std/user/trace [3melapsed_ms[0m[2m=[0m0
[2m2026-08-18T01:31:34.120803Z[0m [32m INFO[0m [2mrmudos::compiler[0m[2m:[0m compile start [3mpath[0m[2m=[0m/std/user/bitflags [3mfile[0m[2m=[0mmudlib/std/user/bitflags.c
[2m2026-08-18T01:31:34.120845Z[0m [32m INFO[0m [2mrmudos::compiler[0m[2m:[0m compile done [3mpath[0m[2m=[0m/std/user/bitflags [3melapsed_ms[0m[2m=[0m0
[2m2026-08-18T01:31:34.120849Z[0m [32m INFO[0m [2mrmudos::compiler[0m[2m:[0m compile start [3mpath[0m[2m=[0m/std/user/refs [3mfile[0m[2m=[0mmudlib/std/user/refs.c
[2m2026-08-18T01:31:34.120905Z[0m [32m INFO[0m [2mrmudos::compiler[0m[2m:[0m compile done [3mpath[0m[2m=[0m/std/user/refs [3melapsed_ms[0m[2m=[0m0
[2m2026-08-18T01:31:34.120908Z[0m [32m INFO[0m [2mrmudos::compiler[0m[2m:[0m compile start [3mpath[0m[2m=[0m/std/user/more [3mfile[0m[2m=[0mmudlib/std/user/more.c
[2m2026-08-18T01:31:34.121642Z[0m [32m INFO[0m [2mrmudos::compiler[0m[2m:[0m compile done [3mpath[0m[2m=[0m/std/user/more [3melapsed_ms[0m[2m=[0m0
[2m2026-08-18T01:31:34.123748Z[0m [32m INFO[0m [2mrmudos::compiler[0m[2m:[0m compile done [3mpath[0m[2m=[0m/std/user [3melapsed_ms[0m[2m=[0m21
[2m2026-08-18T01:31:35.510120Z[0m [32m INFO[0m [2mrmudos::efun::mudos_extra[0m[2m:[0m file_size start [3mpath[0m[2m=[0m"/log/master"
[2m2026-08-18T01:31:35.510807Z[0m [32m INFO[0m [2mrmudos::efun::mudos_extra[0m[2m:[0m file_size done [3mpath[0m[2m=[0m"/log/master" [3msize[0m[2m=[0m37 [3melapsed_ms[0m[2m=[0m0
[2m2026-08-18T01:31:35.511772Z[0m [32m INFO[0m [2mrmudos::efun::mudos_extra[0m[2m:[0m file_size start [3mpath[0m[2m=[0m"/log/master"
[2m2026-08-18T01:31:35.512426Z[0m [32m INFO[0m [2mrmudos::efun::mudos_extra[0m[2m:[0m file_size done [3mpath[0m[2m=[0m"/log/master" [3msize[0m[2m=[0m49 [3melapsed_ms[0m[2m=[0m0
[2m2026-08-18T01:31:35.515613Z[0m [32m INFO[0m [2mrmudos::efun::mudos_extra[0m[2m:[0m file_size start [3mpath[0m[2m=[0m"/log/master"
[2m2026-08-18T01:31:35.516173Z[0m [32m INFO[0m [2mrmudos::efun::mudos_extra[0m[2m:[0m file_size done [3mpath[0m[2m=[0m"/log/master" [3msize[0m[2m=[0m53 [3melapsed_ms[0m[2m=[0m0
[2m2026-08-18T01:31:35.516795Z[0m [32m INFO[0m [2mrmudos::vm[0m[2m:[0m load_object start [3mpath[0m[2m=[0m/daemon/network
[2m2026-08-18T01:31:35.516820Z[0m [32m INFO[0m [2mrmudos::compiler[0m[2m:[0m compile start [3mpath[0m[2m=[0m/daemon/network [3mfile[0m[2m=[0mmudlib/daemon/network.c
[2m2026-08-18T01:31:35.517972Z[0m [32m INFO[0m [2mrmudos::compiler[0m[2m:[0m compile done [3mpath[0m[2m=[0m/daemon/network [3melapsed_ms[0m[2m=[0m1
[2m2026-08-18T01:31:35.517980Z[0m [32m INFO[0m [2mrmudos::vm[0m[2m:[0m load_object compile ok [3mpath[0m[2m=[0m/daemon/network [3melapsed_ms[0m[2m=[0m1
[2m2026-08-18T01:31:35.517984Z[0m [32m INFO[0m [2mrmudos::vm[0m[2m:[0m load_object create() [3mpath[0m[2m=[0m/daemon/network
[2m2026-08-18T01:31:35.518017Z[0m [32m INFO[0m [2mrmudos::efun::mudos_extra[0m[2m:[0m file_size start [3mpath[0m[2m=[0m"/daemon/save/banned.v"
[2m2026-08-18T01:31:35.518306Z[0m [32m INFO[0m [2mrmudos::efun::mudos_extra[0m[2m:[0m file_size done [3mpath[0m[2m=[0m"/daemon/save/banned.v" [3msize[0m[2m=[0m-1 [3melapsed_ms[0m[2m=[0m0
[2m2026-08-18T01:31:35.518339Z[0m [32m INFO[0m [2mrmudos::vm[0m[2m:[0m load_object done [3mpath[0m[2m=[0m/daemon/network
[2m2026-08-18T01:31:35.518361Z[0m [32m INFO[0m [2mrmudos::efun::mudos_extra[0m[2m:[0m file_size start [3mpath[0m[2m=[0m"/daemon/save/banned.v"
[2m2026-08-18T01:31:35.518579Z[0m [32m INFO[0m [2mrmudos::efun::mudos_extra[0m[2m:[0m file_size done [3mpath[0m[2m=[0m"/daemon/save/banned.v" [3msize[0m[2m=[0m-1 [3melapsed_ms[0m[2m=[0m0
[2m2026-08-18T01:31:35.518620Z[0m [32m INFO[0m [2mrmudos::efun::mudos_extra[0m[2m:[0m file_size start [3mpath[0m[2m=[0m"/log/master"
[2m2026-08-18T01:31:35.518875Z[0m [32m INFO[0m [2mrmudos::efun::mudos_extra[0m[2m:[0m file_size done [3mpath[0m[2m=[0m"/log/master" [3msize[0m[2m=[0m73 [3melapsed_ms[0m[2m=[0m0
[2m2026-08-18T01:31:35.519210Z[0m [32m INFO[0m [2mrmudos::vm[0m[2m:[0m load_object start [3mpath[0m[2m=[0m/daemon/services
[2m2026-08-18T01:31:35.519215Z[0m [32m INFO[0m [2mrmudos::compiler[0m[2m:[0m compile start [3mpath[0m[2m=[0m/daemon/services [3mfile[0m[2m=[0mmudlib/daemon/services.c
[2m2026-08-18T01:31:35.520524Z[0m [32m INFO[0m [2mrmudos::compiler[0m[2m:[0m compile done [3mpath[0m[2m=[0m/daemon/services [3melapsed_ms[0m[2m=[0m1
[2m2026-08-18T01:31:35.520529Z[0m [32m INFO[0m [2mrmudos::vm[0m[2m:[0m load_object compile ok [3mpath[0m[2m=[0m/daemon/services [3melapsed_ms[0m[2m=[0m1
[2m2026-08-18T01:31:35.520531Z[0m [32m INFO[0m [2mrmudos::vm[0m[2m:[0m load_object create() [3mpath[0m[2m=[0m/daemon/services
[2m2026-08-18T01:31:35.520540Z[0m [32m INFO[0m [2mrmudos::vm[0m[2m:[0m load_object done [3mpath[0m[2m=[0m/daemon/services
[2m2026-08-18T01:31:35.520613Z[0m [32m INFO[0m [2mrmudos::efun::mudos_extra[0m[2m:[0m file_size start [3mpath[0m[2m=[0m"/log/master"
[2m2026-08-18T01:31:35.520872Z[0m [32m INFO[0m [2mrmudos::efun::mudos_extra[0m[2m:[0m file_size done [3mpath[0m[2m=[0m"/log/master" [3msize[0m[2m=[0m74 [3melapsed_ms[0m[2m=[0m0
[2m2026-08-18T01:31:36.199879Z[0m [32m INFO[0m [2mrmudos::vm[0m[2m:[0m load_object start [3mpath[0m[2m=[0m/adm/daemon/shutdown_d
[2m2026-08-18T01:31:36.199900Z[0m [32m INFO[0m [2mrmudos::compiler[0m[2m:[0m compile start [3mpath[0m[2m=[0m/adm/daemon/shutdown_d [3mfile[0m[2m=[0mmudlib/adm/daemon/shutdown_d.c
[2m2026-08-18T01:31:36.200397Z[0m [32m INFO[0m [2mrmudos::compiler[0m[2m:[0m compile start [3mpath[0m[2m=[0m/std/daemon [3mfile[0m[2m=[0mmudlib/std/daemon.c
[2m2026-08-18T01:31:36.200510Z[0m [32m INFO[0m [2mrmudos::compiler[0m[2m:[0m compile done [3mpath[0m[2m=[0m/std/daemon [3melapsed_ms[0m[2m=[0m0
[2m2026-08-18T01:31:36.200615Z[0m [32m INFO[0m [2mrmudos::compiler[0m[2m:[0m compile done [3mpath[0m[2m=[0m/adm/daemon/shutdown_d [3melapsed_ms[0m[2m=[0m0
[2m2026-08-18T01:31:36.200622Z[0m [32m INFO[0m [2mrmudos::vm[0m[2m:[0m load_object compile ok [3mpath[0m[2m=[0m/adm/daemon/shutdown_d [3melapsed_ms[0m[2m=[0m0
[2m2026-08-18T01:31:36.200625Z[0m [32m INFO[0m [2mrmudos::vm[0m[2m:[0m load_object create() [3mpath[0m[2m=[0m/adm/daemon/shutdown_d
[2m2026-08-18T01:31:36.200646Z[0m [32m INFO[0m [2mrmudos::vm[0m[2m:[0m load_object done [3mpath[0m[2m=[0m/adm/daemon/shutdown_d
[2m2026-08-18T01:31:36.200672Z[0m [32m INFO[0m [2mrmudos::efun::mudos_extra[0m[2m:[0m file_size start [3mpath[0m[2m=[0m"/adm/save/users/r/rylo.o"
[2m2026-08-18T01:31:36.200704Z[0m [32m INFO[0m [2mrmudos::efun::mudos_extra[0m[2m:[0m file_size done [3mpath[0m[2m=[0m"/adm/save/users/r/rylo.o" [3msize[0m[2m=[0m3845 [3melapsed_ms[0m[2m=[0m0
[2m2026-08-18T01:31:36.200712Z[0m [32m INFO[0m [2mrmudos::vm[0m[2m:[0m load_object start [3mpath[0m[2m=[0m/adm/daemon/banish
[2m2026-08-18T01:31:36.200714Z[0m [32m INFO[0m [2mrmudos::compiler[0m[2m:[0m compile start [3mpath[0m[2m=[0m/adm/daemon/banish [3mfile[0m[2m=[0mmudlib/adm/daemon/banish.c
[2m2026-08-18T01:31:36.201476Z[0m [32m INFO[0m [2mrmudos::compiler[0m[2m:[0m compile done [3mpath[0m[2m=[0m/adm/daemon/banish [3melapsed_ms[0m[2m=[0m0
[2m2026-08-18T01:31:36.201483Z[0m [32m INFO[0m [2mrmudos::vm[0m[2m:[0m load_object compile ok [3mpath[0m[2m=[0m/adm/daemon/banish [3melapsed_ms[0m[2m=[0m0
[2m2026-08-18T01:31:36.201486Z[0m [32m INFO[0m [2mrmudos::vm[0m[2m:[0m load_object create() [3mpath[0m[2m=[0m/adm/daemon/banish
[2m2026-08-18T01:31:36.201515Z[0m [32m INFO[0m [2mrmudos::efun::mudos_extra[0m[2m:[0m file_size start [3mpath[0m[2m=[0m"/adm/save/daemons/banish.o"
[2m2026-08-18T01:31:36.201857Z[0m [32m INFO[0m [2mrmudos::efun::mudos_extra[0m[2m:[0m file_size done [3mpath[0m[2m=[0m"/adm/save/daemons/banish.o" [3msize[0m[2m=[0m-1 [3melapsed_ms[0m[2m=[0m0
[2m2026-08-18T01:31:36.201865Z[0m [32m INFO[0m [2mrmudos::vm[0m[2m:[0m load_object done [3mpath[0m[2m=[0m/adm/daemon/banish
[2m2026-08-18T01:31:38.295780Z[0m [32m INFO[0m [2mrmudos::vm[0m[2m:[0m load_object start [3mpath[0m[2m=[0m/daemon/multi_d
[2m2026-08-18T01:31:38.295798Z[0m [32m INFO[0m [2mrmudos::compiler[0m[2m:[0m compile start [3mpath[0m[2m=[0m/daemon/multi_d [3mfile[0m[2m=[0mmudlib/daemon/multi_d.c
[2m2026-08-18T01:31:38.296264Z[0m [32m INFO[0m [2mrmudos::compiler[0m[2m:[0m compile done [3mpath[0m[2m=[0m/daemon/multi_d [3melapsed_ms[0m[2m=[0m0
[2m2026-08-18T01:31:38.296273Z[0m [32m INFO[0m [2mrmudos::vm[0m[2m:[0m load_object compile ok [3mpath[0m[2m=[0m/daemon/multi_d [3melapsed_ms[0m[2m=[0m0
[2m2026-08-18T01:31:38.296278Z[0m [32m INFO[0m [2mrmudos::vm[0m[2m:[0m load_object create() [3mpath[0m[2m=[0m/daemon/multi_d
[2m2026-08-18T01:31:38.296304Z[0m [32m INFO[0m [2mrmudos::vm[0m[2m:[0m load_object done [3mpath[0m[2m=[0m/daemon/multi_d
[2m2026-08-18T01:31:38.297779Z[0m [32m INFO[0m [2mrmudos::efun::mudos_extra[0m[2m:[0m file_size start [3mpath[0m[2m=[0m"/d/damned/guilds/join_rooms/child_join.c"
[2m2026-08-18T01:31:38.298257Z[0m [32m INFO[0m [2mrmudos::efun::mudos_extra[0m[2m:[0m file_size done [3mpath[0m[2m=[0m"/d/damned/guilds/join_rooms/child_join.c" [3msize[0m[2m=[0m1406 [3melapsed_ms[0m[2m=[0m0
[2m2026-08-18T01:31:38.298267Z[0m [32m INFO[0m [2mrmudos::vm[0m[2m:[0m load_object start [3mpath[0m[2m=[0m/d/damned/guilds/join_rooms/child_join
[2m2026-08-18T01:31:38.298270Z[0m [32m INFO[0m [2mrmudos::compiler[0m[2m:[0m compile start [3mpath[0m[2m=[0m/d/damned/guilds/join_rooms/child_join [3mfile[0m[2m=[0mmudlib/d/damned/guilds/join_rooms/child_join.c
[2m2026-08-18T01:31:38.298391Z[0m [32m INFO[0m [2mrmudos::compiler[0m[2m:[0m compile start [3mpath[0m[2m=[0m/std/guilds/join_room [3mfile[0m[2m=[0mmudlib/std/guilds/join_room.c
[2m2026-08-18T01:31:38.299470Z[0m [32m INFO[0m [2mrmudos::compiler[0m[2m:[0m compile start [3mpath[0m[2m=[0m/std/room [3mfile[0m[2m=[0mmudlib/std/room.c
[2m2026-08-18T01:31:38.299673Z[0m [32m INFO[0m [2mrmudos::compiler[0m[2m:[0m compile start [3mpath[0m[2m=[0m/std/container [3mfile[0m[2m=[0mmudlib/std/container.c
[2m2026-08-18T01:31:38.299939Z[0m [32m INFO[0m [2mrmudos::compiler[0m[2m:[0m compile start [3mpath[0m[2m=[0m/std/Object [3mfile[0m[2m=[0mmudlib/std/Object.c
[2m2026-08-18T01:31:38.300938Z[0m [32m INFO[0m [2mrmudos::compiler[0m[2m:[0m compile start [3mpath[0m[2m=[0m/std/move [3mfile[0m[2m=[0mmudlib/std/move.c
[2m2026-08-18T01:31:38.301223Z[0m [32m INFO[0m [2mrmudos::compiler[0m[2m:[0m compile done [3mpath[0m[2m=[0m/std/move [3melapsed_ms[0m[2m=[0m0
[2m2026-08-18T01:31:38.301473Z[0m [32m INFO[0m [2mrmudos::compiler[0m[2m:[0m compile done [3mpath[0m[2m=[0m/std/Object [3melapsed_ms[0m[2m=[0m1
[2m2026-08-18T01:31:38.301593Z[0m [32m INFO[0m [2mrmudos::compiler[0m[2m:[0m compile done [3mpath[0m[2m=[0m/std/container [3melapsed_ms[0m[2m=[0m1
[2m2026-08-18T01:31:38.301598Z[0m [32m INFO[0m [2mrmudos::compiler[0m[2m:[0m compile start [3mpath[0m[2m=[0m/std/room/senses [3mfile[0m[2m=[0mmudlib/std/room/senses.c
[2m2026-08-18T01:31:38.302042Z[0m [32m INFO[0m [2mrmudos::compiler[0m[2m:[0m compile done [3mpath[0m[2m=[0m/std/room/senses [3melapsed_ms[0m[2m=[0m0
[2m2026-08-18T01:31:38.302048Z[0m [32m INFO[0m [2mrmudos::compiler[0m[2m:[0m compile start [3mpath[0m[2m=[0m/std/room/exits [3mfile[0m[2m=[0mmudlib/std/room/exits.c
[2m2026-08-18T01:31:38.302703Z[0m [32m INFO[0m [2mrmudos::compiler[0m[2m:[0m compile done [3mpath[0m[2m=[0m/std/room/exits [3melapsed_ms[0m[2m=[0m0
[2m2026-08-18T01:31:38.302709Z[0m [32m INFO[0m [2mrmudos::compiler[0m[2m:[0m compile start [3mpath[0m[2m=[0m/std/room/items [3mfile[0m[2m=[0mmudlib/std/room/items.c
[2m2026-08-18T01:31:38.303024Z[0m [32m INFO[0m [2mrmudos::compiler[0m[2m:[0m compile done [3mpath[0m[2m=[0m/std/room/items [3melapsed_ms[0m[2m=[0m0
[2m2026-08-18T01:31:38.303307Z[0m [32m INFO[0m [2mrmudos::compiler[0m[2m:[0m compile done [3mpath[0m[2m=[0m/std/room [3melapsed_ms[0m[2m=[0m3
[2m2026-08-18T01:31:38.303797Z[0m [32m INFO[0m [2mrmudos::compiler[0m[2m:[0m compile done [3mpath[0m[2m=[0m/std/guilds/join_room [3melapsed_ms[0m[2m=[0m5
[2m2026-08-18T01:31:38.304058Z[0m [32m INFO[0m [2mrmudos::compiler[0m[2m:[0m compile done [3mpath[0m[2m=[0m/d/damned/guilds/join_rooms/child_join [3melapsed_ms[0m[2m=[0m5
[2m2026-08-18T01:31:38.304064Z[0m [32m INFO[0m [2mrmudos::vm[0m[2m:[0m load_object compile ok [3mpath[0m[2m=[0m/d/damned/guilds/join_rooms/child_join [3melapsed_ms[0m[2m=[0m5
[2m2026-08-18T01:31:38.304067Z[0m [32m INFO[0m [2mrmudos::vm[0m[2m:[0m load_object create() [3mpath[0m[2m=[0m/d/damned/guilds/join_rooms/child_join
[2m2026-08-18T01:31:38.304141Z[0m [32m INFO[0m [2mrmudos::compiler[0m[2m:[0m compile start [3mpath[0m[2m=[0m/d/damned/guilds/child/child_gm [3mfile[0m[2m=[0mmudlib/d/damned/guilds/child/child_gm.c
[2m2026-08-18T01:31:38.304208Z[0m [32m INFO[0m [2mrmudos::compiler[0m[2m:[0m compile start [3mpath[0m[2m=[0m/std/guilds/npc_guildmaster [3mfile[0m[2m=[0mmudlib/std/guilds/npc_guildmaster.c
[2m2026-08-18T01:31:38.304304Z[0m [32m INFO[0m [2mrmudos::compiler[0m[2m:[0m compile start [3mpath[0m[2m=[0m/std/monster [3mfile[0m[2m=[0mmudlib/std/monster.c
[2m2026-08-18T01:31:38.305443Z[0m [32m INFO[0m [2mrmudos::compiler[0m[2m:[0m compile start [3mpath[0m[2m=[0m/std/living [3mfile[0m[2m=[0mmudlib/std/living.c
[2m2026-08-18T01:31:38.306860Z[0m [32m INFO[0m [2mrmudos::compiler[0m[2m:[0m compile start [3mpath[0m[2m=[0m/std/living/messages [3mfile[0m[2m=[0mmudlib/std/living/messages.c
[2m2026-08-18T01:31:38.307081Z[0m [32m INFO[0m [2mrmudos::compiler[0m[2m:[0m compile done [3mpath[0m[2m=[0m/std/living/messages [3melapsed_ms[0m[2m=[0m0
[2m2026-08-18T01:31:38.307089Z[0m [32m INFO[0m [2mrmudos::compiler[0m[2m:[0m compile start [3mpath[0m[2m=[0m/std/living/combat [3mfile[0m[2m=[0mmudlib/std/living/combat.c
[2m2026-08-18T01:31:38.308835Z[0m [32m INFO[0m [2mrmudos::compiler[0m[2m:[0m compile start [3mpath[0m[2m=[0m/std/living/body [3mfile[0m[2m=[0mmudlib/std/living/body.c
[2m2026-08-18T01:31:38.310030Z[0m [32m INFO[0m [2mrmudos::compiler[0m[2m:[0m compile start [3mpath[0m[2m=[0m/std/container [3mfile[0m[2m=[0mmudlib/std/container.c
[2m2026-08-18T01:31:38.310239Z[0m [32m INFO[0m [2mrmudos::compiler[0m[2m:[0m compile start [3mpath[0m[2m=[0m/std/Object [3mfile[0m[2m=[0mmudlib/std/Object.c
[2m2026-08-18T01:31:38.310881Z[0m [32m INFO[0m [2mrmudos::compiler[0m[2m:[0m compile start [3mpath[0m[2m=[0m/std/move [3mfile[0m[2m=[0mmudlib/std/move.c
[2m2026-08-18T01:31:38.311458Z[0m [32m INFO[0m [2mrmudos::compiler[0m[2m:[0m compile done [3mpath[0m[2m=[0m/std/move [3melapsed_ms[0m[2m=[0m0
[2m2026-08-18T01:31:38.311752Z[0m [32m INFO[0m [2mrmudos::compiler[0m[2m:[0m compile done [3mpath[0m[2m=[0m/std/Object [3melapsed_ms[0m[2m=[0m1
[2m2026-08-18T01:31:38.311865Z[0m [32m INFO[0m [2mrmudos::compiler[0m[2m:[0m compile done [3mpath[0m[2m=[0m/std/container [3melapsed_ms[0m[2m=[0m1
[2m2026-08-18T01:31:38.312500Z[0m [32m INFO[0m [2mrmudos::compiler[0m[2m:[0m compile done [3mpath[0m[2m=[0m/std/living/body [3melapsed_ms[0m[2m=[0m3
[2m2026-08-18T01:31:38.312505Z[0m [32m INFO[0m [2mrmudos::compiler[0m[2m:[0m compile start [3mpath[0m[2m=[0m/std/living/skills [3mfile[0m[2m=[0mmudlib/std/living/skills.c
[2m2026-08-18T01:31:38.313108Z[0m [32m INFO[0m [2mrmudos::compiler[0m[2m:[0m compile done [3mpath[0m[2m=[0m/std/living/skills [3melapsed_ms[0m[2m=[0m0
[2m2026-08-18T01:31:38.314125Z[0m [32m INFO[0m [2mrmudos::compiler[0m[2m:[0m compile done [3mpath[0m[2m=[0m/std/living/combat [3melapsed_ms[0m[2m=[0m7
[2m2026-08-18T01:31:38.314137Z[0m [32m INFO[0m [2mrmudos::compiler[0m[2m:[0m compile start [3mpath[0m[2m=[0m/std/living/env [3mfile[0m[2m=[0mmudlib/std/living/env.c
[2m2026-08-18T01:31:38.314247Z[0m [32m INFO[0m [2mrmudos::compiler[0m[2m:[0m compile done [3mpath[0m[2m=[0m/std/living/env [3melapsed_ms[0m[2m=[0m0
[2m2026-08-18T01:31:38.314252Z[0m [32m INFO[0m [2mrmudos::compiler[0m[2m:[0m compile start [3mpath[0m[2m=[0m/std/money [3mfile[0m[2m=[0mmudlib/std/money.c
[2m2026-08-18T01:31:38.314502Z[0m [32m INFO[0m [2mrmudos::compiler[0m[2m:[0m compile done [3mpath[0m[2m=[0m/std/money [3melapsed_ms[0m[2m=[0m0
[2m2026-08-18T01:31:38.314507Z[0m [32m INFO[0m [2mrmudos::compiler[0m[2m:[0m compile start [3mpath[0m[2m=[0m/std/living/follow [3mfile[0m[2m=[0mmudlib/std/living/follow.c
[2m2026-08-18T01:31:38.314702Z[0m [32m INFO[0m [2mrmudos::compiler[0m[2m:[0m compile done [3mpath[0m[2m=[0m/std/living/follow [3melapsed_ms[0m[2m=[0m0
[2m2026-08-18T01:31:38.315967Z[0m [32m INFO[0m [2mrmudos::compiler[0m[2m:[0m compile done [3mpath[0m[2m=[0m/std/living [3melapsed_ms[0m[2m=[0m10
[2m2026-08-18T01:31:38.317068Z[0m [32m INFO[0m [2mrmudos::compiler[0m[2m:[0m compile done [3mpath[0m[2m=[0m/std/monster [3melapsed_ms[0m[2m=[0m12
[2m2026-08-18T01:31:38.317914Z[0m [32m INFO[0m [2mrmudos::compiler[0m[2m:[0m compile done [3mpath[0m[2m=[0m/std/guilds/npc_guildmaster [3melapsed_ms[0m[2m=[0m13
[2m2026-08-18T01:31:38.318812Z[0m [32m INFO[0m [2mrmudos::compiler[0m[2m:[0m compile done [3mpath[0m[2m=[0m/d/damned/guilds/child/child_gm [3melapsed_ms[0m[2m=[0m14
[2m2026-08-18T01:31:38.318912Z[0m [32m INFO[0m [2mrmudos::vm[0m[2m:[0m load_object start [3mpath[0m[2m=[0m/adm/daemon/skills_d
[2m2026-08-18T01:31:38.318918Z[0m [32m INFO[0m [2mrmudos::compiler[0m[2m:[0m compile start [3mpath[0m[2m=[0m/adm/daemon/skills_d [3mfile[0m[2m=[0mmudlib/adm/daemon/skills_d.c
[2m2026-08-18T01:31:38.319153Z[0m [32m INFO[0m [2mrmudos::compiler[0m[2m:[0m compile done [3mpath[0m[2m=[0m/adm/daemon/skills_d [3melapsed_ms[0m[2m=[0m0
[2m2026-08-18T01:31:38.319157Z[0m [32m INFO[0m [2mrmudos::vm[0m[2m:[0m load_object compile ok [3mpath[0m[2m=[0m/adm/daemon/skills_d [3melapsed_ms[0m[2m=[0m0
[2m2026-08-18T01:31:38.319168Z[0m [32m INFO[0m [2mrmudos::vm[0m[2m:[0m load_object create() [3mpath[0m[2m=[0m/adm/daemon/skills_d
[2m2026-08-18T01:31:38.319169Z[0m [32m INFO[0m [2mrmudos::vm[0m[2m:[0m load_object done [3mpath[0m[2m=[0m/adm/daemon/skills_d
[2m2026-08-18T01:31:38.319394Z[0m [32m INFO[0m [2mrmudos::efun::mudos_extra[0m[2m:[0m file_size start [3mpath[0m[2m=[0m"/std/skills/resist_stun.c"
[2m2026-08-18T01:31:38.319633Z[0m [32m INFO[0m [2mrmudos::efun::mudos_extra[0m[2m:[0m file_size done [3mpath[0m[2m=[0m"/std/skills/resist_stun.c" [3msize[0m[2m=[0m362 [3melapsed_ms[0m[2m=[0m0
[2m2026-08-18T01:31:38.319639Z[0m [32m INFO[0m [2mrmudos::vm[0m[2m:[0m load_object start [3mpath[0m[2m=[0m/std/skills/resist_stun
[2m2026-08-18T01:31:38.319641Z[0m [32m INFO[0m [2mrmudos::compiler[0m[2m:[0m compile start [3mpath[0m[2m=[0m/std/skills/resist_stun [3mfile[0m[2m=[0mmudlib/std/skills/resist_stun.c
[2m2026-08-18T01:31:38.319681Z[0m [32m INFO[0m [2mrmudos::compiler[0m[2m:[0m compile start [3mpath[0m[2m=[0m/std/skills/skill [3mfile[0m[2m=[0mmudlib/std/skills/skill.c
[2m2026-08-18T01:31:38.319818Z[0m [32m INFO[0m [2mrmudos::compiler[0m[2m:[0m compile start [3mpath[0m[2m=[0m/std/Object [3mfile[0m[2m=[0mmudlib/std/Object.c
[2m2026-08-18T01:31:38.320595Z[0m [32m INFO[0m [2mrmudos::compiler[0m[2m:[0m compile start [3mpath[0m[2m=[0m/std/move [3mfile[0m[2m=[0mmudlib/std/move.c
[2m2026-08-18T01:31:38.320877Z[0m [32m INFO[0m [2mrmudos::compiler[0m[2m:[0m compile done [3mpath[0m[2m=[0m/std/move [3melapsed_ms[0m[2m=[0m0
[2m2026-08-18T01:31:38.321132Z[0m [32m INFO[0m [2mrmudos::compiler[0m[2m:[0m compile done [3mpath[0m[2m=[0m/std/Object [3melapsed_ms[0m[2m=[0m1
[2m2026-08-18T01:31:38.321209Z[0m [32m INFO[0m [2mrmudos::compiler[0m[2m:[0m compile done [3mpath[0m[2m=[0m/std/skills/skill [3melapsed_ms[0m[2m=[0m1
[2m2026-08-18T01:31:38.321271Z[0m [32m INFO[0m [2mrmudos::compiler[0m[2m:[0m compile done [3mpath[0m[2m=[0m/std/skills/resist_stun [3melapsed_ms[0m[2m=[0m1
[2m2026-08-18T01:31:38.321274Z[0m [32m INFO[0m [2mrmudos::vm[0m[2m:[0m load_object compile ok [3mpath[0m[2m=[0m/std/skills/resist_stun [3melapsed_ms[0m[2m=[0m1
[2m2026-08-18T01:31:38.321276Z[0m [32m INFO[0m [2mrmudos::vm[0m[2m:[0m load_object create() [3mpath[0m[2m=[0m/std/skills/resist_stun
[2m2026-08-18T01:31:38.321299Z[0m [32m INFO[0m [2mrmudos::vm[0m[2m:[0m load_object done [3mpath[0m[2m=[0m/std/skills/resist_stun
[2m2026-08-18T01:31:38.321350Z[0m [32m INFO[0m [2mrmudos::efun::mudos_extra[0m[2m:[0m file_size start [3mpath[0m[2m=[0m"/std/skills/reverse_stroke.c"
[2m2026-08-18T01:31:38.321580Z[0m [32m INFO[0m [2mrmudos::efun::mudos_extra[0m[2m:[0m file_size done [3mpath[0m[2m=[0m"/std/skills/reverse_stroke.c" [3msize[0m[2m=[0m378 [3melapsed_ms[0m[2m=[0m0
[2m2026-08-18T01:31:38.321586Z[0m [32m INFO[0m [2mrmudos::vm[0m[2m:[0m load_object start [3mpath[0m[2m=[0m/std/skills/reverse_stroke
[2m2026-08-18T01:31:38.321588Z[0m [32m INFO[0m [2mrmudos::compiler[0m[2m:[0m compile start [3mpath[0m[2m=[0m/std/skills/reverse_stroke [3mfile[0m[2m=[0mmudlib/std/skills/reverse_stroke.c
[2m2026-08-18T01:31:38.321631Z[0m [32m INFO[0m [2mrmudos::compiler[0m[2m:[0m compile start [3mpath[0m[2m=[0m/std/skills/skill [3mfile[0m[2m=[0mmudlib/std/skills/skill.c
[2m2026-08-18T01:31:38.321771Z[0m [32m INFO[0m [2mrmudos::compiler[0m[2m:[0m compile start [3mpath[0m[2m=[0m/std/Object [3mfile[0m[2m=[0mmudlib/std/Object.c
[2m2026-08-18T01:31:38.322579Z[0m [32m INFO[0m [2mrmudos::compiler[0m[2m:[0m compile start [3mpath[0m[2m=[0m/std/move [3mfile[0m[2m=[0mmudlib/std/move.c
[2m2026-08-18T01:31:38.322869Z[0m [32m INFO[0m [2mrmudos::compiler[0m[2m:[0m compile done [3mpath[0m[2m=[0m/std/move [3melapsed_ms[0m[2m=[0m0
[2m2026-08-18T01:31:38.323127Z[0m [32m INFO[0m [2mrmudos::compiler[0m[2m:[0m compile done [3mpath[0m[2m=[0m/std/Object [3melapsed_ms[0m[2m=[0m1
[2m2026-08-18T01:31:38.323216Z[0m [32m INFO[0m [2mrmudos::compiler[0m[2m:[0m compile done [3mpath[0m[2m=[0m/std/skills/skill [3melapsed_ms[0m[2m=[0m1
[2m2026-08-18T01:31:38.323286Z[0m [32m INFO[0m [2mrmudos::compiler[0m[2m:[0m compile done [3mpath[0m[2m=[0m/std/skills/reverse_stroke [3melapsed_ms[0m[2m=[0m1
[2m2026-08-18T01:31:38.323290Z[0m [32m INFO[0m [2mrmudos::vm[0m[2m:[0m load_object compile ok [3mpath[0m[2m=[0m/std/skills/reverse_stroke [3melapsed_ms[0m[2m=[0m1
[2m2026-08-18T01:31:38.323292Z[0m [32m INFO[0m [2mrmudos::vm[0m[2m:[0m load_object create() [3mpath[0m[2m=[0m/std/skills/reverse_stroke
[2m2026-08-18T01:31:38.323313Z[0m [32m INFO[0m [2mrmudos::vm[0m[2m:[0m load_object done [3mpath[0m[2m=[0m/std/skills/reverse_stroke
[2m2026-08-18T01:31:38.323376Z[0m [32m INFO[0m [2mrmudos::efun::mudos_extra[0m[2m:[0m file_size start [3mpath[0m[2m=[0m"/std/skills/concentrate.c"
[2m2026-08-18T01:31:38.323605Z[0m [32m INFO[0m [2mrmudos::efun::mudos_extra[0m[2m:[0m file_size done [3mpath[0m[2m=[0m"/std/skills/concentrate.c" [3msize[0m[2m=[0m882 [3melapsed_ms[0m[2m=[0m0
[2m2026-08-18T01:31:38.323612Z[0m [32m INFO[0m [2mrmudos::vm[0m[2m:[0m load_object start [3mpath[0m[2m=[0m/std/skills/concentrate
[2m2026-08-18T01:31:38.323614Z[0m [32m INFO[0m [2mrmudos::compiler[0m[2m:[0m compile start [3mpath[0m[2m=[0m/std/skills/concentrate [3mfile[0m[2m=[0mmudlib/std/skills/concentrate.c
[2m2026-08-18T01:31:38.323672Z[0m [32m INFO[0m [2mrmudos::compiler[0m[2m:[0m compile start [3mpath[0m[2m=[0m/std/skills/skill [3mfile[0m[2m=[0mmudlib/std/skills/skill.c
[2m2026-08-18T01:31:38.323790Z[0m [32m INFO[0m [2mrmudos::compiler[0m[2m:[0m compile start [3mpath[0m[2m=[0m/std/Object [3mfile[0m[2m=[0mmudlib/std/Object.c
[2m2026-08-18T01:31:38.324631Z[0m [32m INFO[0m [2mrmudos::compiler[0m[2m:[0m compile start [3mpath[0m[2m=[0m/std/move [3mfile[0m[2m=[0mmudlib/std/move.c
[2m2026-08-18T01:31:38.324943Z[0m [32m INFO[0m [2mrmudos::compiler[0m[2m:[0m compile done [3mpath[0m[2m=[0m/std/move [3melapsed_ms[0m[2m=[0m0
[2m2026-08-18T01:31:38.325215Z[0m [32m INFO[0m [2mrmudos::compiler[0m[2m:[0m compile done [3mpath[0m[2m=[0m/std/Object [3melapsed_ms[0m[2m=[0m1
[2m2026-08-18T01:31:38.325295Z[0m [32m INFO[0m [2mrmudos::compiler[0m[2m:[0m compile done [3mpath[0m[2m=[0m/std/skills/skill [3melapsed_ms[0m[2m=[0m1
[2m2026-08-18T01:31:38.325371Z[0m [32m INFO[0m [2mrmudos::compiler[0m[2m:[0m compile done [3mpath[0m[2m=[0m/std/skills/concentrate [3melapsed_ms[0m[2m=[0m1
[2m2026-08-18T01:31:38.325387Z[0m [32m INFO[0m [2mrmudos::vm[0m[2m:[0m load_object compile ok [3mpath[0m[2m=[0m/std/skills/concentrate [3melapsed_ms[0m[2m=[0m1
[2m2026-08-18T01:31:38.325390Z[0m [32m INFO[0m [2mrmudos::vm[0m[2m:[0m load_object create() [3mpath[0m[2m=[0m/std/skills/concentrate
[2m2026-08-18T01:31:38.325417Z[0m [32m INFO[0m [2mrmudos::vm[0m[2m:[0m load_object done [3mpath[0m[2m=[0m/std/skills/concentrate
[2m2026-08-18T01:31:38.325485Z[0m [32m INFO[0m [2mrmudos::efun::mudos_extra[0m[2m:[0m file_size start [3mpath[0m[2m=[0m"/std/skills/melee.c"
[2m2026-08-18T01:31:38.325703Z[0m [32m INFO[0m [2mrmudos::efun::mudos_extra[0m[2m:[0m file_size done [3mpath[0m[2m=[0m"/std/skills/melee.c" [3msize[0m[2m=[0m309 [3melapsed_ms[0m[2m=[0m0
[2m2026-08-18T01:31:38.325708Z[0m [32m INFO[0m [2mrmudos::vm[0m[2m:[0m load_object start [3mpath[0m[2m=[0m/std/skills/melee
[2m2026-08-18T01:31:38.325710Z[0m [32m INFO[0m [2mrmudos::compiler[0m[2m:[0m compile start [3mpath[0m[2m=[0m/std/skills/melee [3mfile[0m[2m=[0mmudlib/std/skills/melee.c
[2m2026-08-18T01:31:38.325749Z[0m [32m INFO[0m [2mrmudos::compiler[0m[2m:[0m compile start [3mpath[0m[2m=[0m/std/skills/skill [3mfile[0m[2m=[0mmudlib/std/skills/skill.c
[2m2026-08-18T01:31:38.325876Z[0m [32m INFO[0m [2mrmudos::compiler[0m[2m:[0m compile start [3mpath[0m[2m=[0m/std/Object [3mfile[0m[2m=[0mmudlib/std/Object.c
[2m2026-08-18T01:31:38.326692Z[0m [32m INFO[0m [2mrmudos::compiler[0m[2m:[0m compile start [3mpath[0m[2m=[0m/std/move [3mfile[0m[2m=[0mmudlib/std/move.c
[2m2026-08-18T01:31:38.326980Z[0m [32m INFO[0m [2mrmudos::compiler[0m[2m:[0m compile done [3mpath[0m[2m=[0m/std/move [3melapsed_ms[0m[2m=[0m0
[2m2026-08-18T01:31:38.327248Z[0m [32m INFO[0m [2mrmudos::compiler[0m[2m:[0m compile done [3mpath[0m[2m=[0m/std/Object [3melapsed_ms[0m[2m=[0m1
[2m2026-08-18T01:31:38.327325Z[0m [32m INFO[0m [2mrmudos::compiler[0m[2m:[0m compile done [3mpath[0m[2m=[0m/std/skills/skill [3melapsed_ms[0m[2m=[0m1
[2m2026-08-18T01:31:38.327388Z[0m [32m INFO[0m [2mrmudos::compiler[0m[2m:[0m compile done [3mpath[0m[2m=[0m/std/skills/melee [3melapsed_ms[0m[2m=[0m1
[2m2026-08-18T01:31:38.327391Z[0m [32m INFO[0m [2mrmudos::vm[0m[2m:[0m load_object compile ok [3mpath[0m[2m=[0m/std/skills/melee [3melapsed_ms[0m[2m=[0m1
[2m2026-08-18T01:31:38.327393Z[0m [32m INFO[0m [2mrmudos::vm[0m[2m:[0m load_object create() [3mpath[0m[2m=[0m/std/skills/melee
[2m2026-08-18T01:31:38.327414Z[0m [32m INFO[0m [2mrmudos::vm[0m[2m:[0m load_object done [3mpath[0m[2m=[0m/std/skills/melee
[2m2026-08-18T01:31:38.327455Z[0m [32m INFO[0m [2mrmudos::efun::mudos_extra[0m[2m:[0m file_size start [3mpath[0m[2m=[0m"/std/skills/perception.c"
[2m2026-08-18T01:31:38.327659Z[0m [32m INFO[0m [2mrmudos::efun::mudos_extra[0m[2m:[0m file_size done [3mpath[0m[2m=[0m"/std/skills/perception.c" [3msize[0m[2m=[0m335 [3melapsed_ms[0m[2m=[0m0
[2m2026-08-18T01:31:38.327665Z[0m [32m INFO[0m [2mrmudos::vm[0m[2m:[0m load_object start [3mpath[0m[2m=[0m/std/skills/perception
[2m2026-08-18T01:31:38.327666Z[0m [32m INFO[0m [2mrmudos::compiler[0m[2m:[0m compile start [3mpath[0m[2m=[0m/std/skills/perception [3mfile[0m[2m=[0mmudlib/std/skills/perception.c
[2m2026-08-18T01:31:38.327703Z[0m [32m INFO[0m [2mrmudos::compiler[0m[2m:[0m compile start [3mpath[0m[2m=[0m/std/skills/skill [3mfile[0m[2m=[0mmudlib/std/skills/skill.c
[2m2026-08-18T01:31:38.327826Z[0m [32m INFO[0m [2mrmudos::compiler[0m[2m:[0m compile start [3mpath[0m[2m=[0m/std/Object [3mfile[0m[2m=[0mmudlib/std/Object.c
[2m2026-08-18T01:31:38.328596Z[0m [32m INFO[0m [2mrmudos::compiler[0m[2m:[0m compile start [3mpath[0m[2m=[0m/std/move [3mfile[0m[2m=[0mmudlib/std/move.c
[2m2026-08-18T01:31:38.328881Z[0m [32m INFO[0m [2mrmudos::compiler[0m[2m:[0m compile done [3mpath[0m[2m=[0m/std/move [3melapsed_ms[0m[2m=[0m0
[2m2026-08-18T01:31:38.329151Z[0m [32m INFO[0m [2mrmudos::compiler[0m[2m:[0m compile done [3mpath[0m[2m=[0m/std/Object [3melapsed_ms[0m[2m=[0m1
[2m2026-08-18T01:31:38.329237Z[0m [32m INFO[0m [2mrmudos::compiler[0m[2m:[0m compile done [3mpath[0m[2m=[0m/std/skills/skill [3melapsed_ms[0m[2m=[0m1
[2m2026-08-18T01:31:38.329326Z[0m [32m INFO[0m [2mrmudos::compiler[0m[2m:[0m compile done [3mpath[0m[2m=[0m/std/skills/perception [3melapsed_ms[0m[2m=[0m1
[2m2026-08-18T01:31:38.329331Z[0m [32m INFO[0m [2mrmudos::vm[0m[2m:[0m load_object compile ok [3mpath[0m[2m=[0m/std/skills/perception [3melapsed_ms[0m[2m=[0m1
[2m2026-08-18T01:31:38.329333Z[0m [32m INFO[0m [2mrmudos::vm[0m[2m:[0m load_object create() [3mpath[0m[2m=[0m/std/skills/perception
[2m2026-08-18T01:31:38.329358Z[0m [32m INFO[0m [2mrmudos::vm[0m[2m:[0m load_object done [3mpath[0m[2m=[0m/std/skills/perception
[2m2026-08-18T01:31:38.329430Z[0m [32m INFO[0m [2mrmudos::efun::mudos_extra[0m[2m:[0m file_size start [3mpath[0m[2m=[0m"/std/skills/attack.c"
[2m2026-08-18T01:31:38.329668Z[0m [32m INFO[0m [2mrmudos::efun::mudos_extra[0m[2m:[0m file_size done [3mpath[0m[2m=[0m"/std/skills/attack.c" [3msize[0m[2m=[0m287 [3melapsed_ms[0m[2m=[0m0
[2m2026-08-18T01:31:38.329674Z[0m [32m INFO[0m [2mrmudos::vm[0m[2m:[0m load_object start [3mpath[0m[2m=[0m/std/skills/attack
[2m2026-08-18T01:31:38.329676Z[0m [32m INFO[0m [2mrmudos::compiler[0m[2m:[0m compile start [3mpath[0m[2m=[0m/std/skills/attack [3mfile[0m[2m=[0mmudlib/std/skills/attack.c
[2m2026-08-18T01:31:38.329719Z[0m [32m INFO[0m [2mrmudos::compiler[0m[2m:[0m compile start [3mpath[0m[2m=[0m/std/skills/skill [3mfile[0m[2m=[0mmudlib/std/skills/skill.c
[2m2026-08-18T01:31:38.329862Z[0m [32m INFO[0m [2mrmudos::compiler[0m[2m:[0m compile start [3mpath[0m[2m=[0m/std/Object [3mfile[0m[2m=[0mmudlib/std/Object.c
[2m2026-08-18T01:31:38.330692Z[0m [32m INFO[0m [2mrmudos::compiler[0m[2m:[0m compile start [3mpath[0m[2m=[0m/std/move [3mfile[0m[2m=[0mmudlib/std/move.c
[2m2026-08-18T01:31:38.330991Z[0m [32m INFO[0m [2mrmudos::compiler[0m[2m:[0m compile done [3mpath[0m[2m=[0m/std/move [3melapsed_ms[0m[2m=[0m0
[2m2026-08-18T01:31:38.331240Z[0m [32m INFO[0m [2mrmudos::compiler[0m[2m:[0m compile done [3mpath[0m[2m=[0m/std/Object [3melapsed_ms[0m[2m=[0m1
[2m2026-08-18T01:31:38.331365Z[0m [32m INFO[0m [2mrmudos::compiler[0m[2m:[0m compile done [3mpath[0m[2m=[0m/std/skills/skill [3melapsed_ms[0m[2m=[0m1
[2m2026-08-18T01:31:38.331479Z[0m [32m INFO[0m [2mrmudos::compiler[0m[2m:[0m compile done [3mpath[0m[2m=[0m/std/skills/attack [3melapsed_ms[0m[2m=[0m1
[2m2026-08-18T01:31:38.331488Z[0m [32m INFO[0m [2mrmudos::vm[0m[2m:[0m load_object compile ok [3mpath[0m[2m=[0m/std/skills/attack [3melapsed_ms[0m[2m=[0m1
[2m2026-08-18T01:31:38.331491Z[0m [32m INFO[0m [2mrmudos::vm[0m[2m:[0m load_object create() [3mpath[0m[2m=[0m/std/skills/attack
[2m2026-08-18T01:31:38.331519Z[0m [32m INFO[0m [2mrmudos::vm[0m[2m:[0m load_object done [3mpath[0m[2m=[0m/std/skills/attack
[2m2026-08-18T01:31:38.331612Z[0m [32m INFO[0m [2mrmudos::efun::mudos_extra[0m[2m:[0m file_size start [3mpath[0m[2m=[0m"/std/skills/defense.c"
[2m2026-08-18T01:31:38.331850Z[0m [32m INFO[0m [2mrmudos::efun::mudos_extra[0m[2m:[0m file_size done [3mpath[0m[2m=[0m"/std/skills/defense.c" [3msize[0m[2m=[0m-1 [3melapsed_ms[0m[2m=[0m0
[2m2026-08-18T01:31:38.331890Z[0m [32m INFO[0m [2mrmudos::efun::mudos_extra[0m[2m:[0m file_size start [3mpath[0m[2m=[0m"/std/skills/blade.c"
[2m2026-08-18T01:31:38.332071Z[0m [32m INFO[0m [2mrmudos::efun::mudos_extra[0m[2m:[0m file_size done [3mpath[0m[2m=[0m"/std/skills/blade.c" [3msize[0m[2m=[0m241 [3melapsed_ms[0m[2m=[0m0
[2m2026-08-18T01:31:38.332075Z[0m [32m INFO[0m [2mrmudos::vm[0m[2m:[0m load_object start [3mpath[0m[2m=[0m/std/skills/blade
[2m2026-08-18T01:31:38.332077Z[0m [32m INFO[0m [2mrmudos::compiler[0m[2m:[0m compile start [3mpath[0m[2m=[0m/std/skills/blade [3mfile[0m[2m=[0mmudlib/std/skills/blade.c
[2m2026-08-18T01:31:38.332126Z[0m [32m INFO[0m [2mrmudos::compiler[0m[2m:[0m compile start [3mpath[0m[2m=[0m/std/skills/skill [3mfile[0m[2m=[0mmudlib/std/skills/skill.c
[2m2026-08-18T01:31:38.332245Z[0m [32m INFO[0m [2mrmudos::compiler[0m[2m:[0m compile start [3mpath[0m[2m=[0m/std/Object [3mfile[0m[2m=[0mmudlib/std/Object.c
[2m2026-08-18T01:31:38.333017Z[0m [32m INFO[0m [2mrmudos::compiler[0m[2m:[0m compile start [3mpath[0m[2m=[0m/std/move [3mfile[0m[2m=[0mmudlib/std/move.c
[2m2026-08-18T01:31:38.333324Z[0m [32m INFO[0m [2mrmudos::compiler[0m[2m:[0m compile done [3mpath[0m[2m=[0m/std/move [3melapsed_ms[0m[2m=[0m0
[2m2026-08-18T01:31:38.333593Z[0m [32m INFO[0m [2mrmudos::compiler[0m[2m:[0m compile done [3mpath[0m[2m=[0m/std/Object [3melapsed_ms[0m[2m=[0m1
[2m2026-08-18T01:31:38.333717Z[0m [32m INFO[0m [2mrmudos::compiler[0m[2m:[0m compile done [3mpath[0m[2m=[0m/std/skills/skill [3melapsed_ms[0m[2m=[0m1
[2m2026-08-18T01:31:38.333798Z[0m [32m INFO[0m [2mrmudos::compiler[0m[2m:[0m compile done [3mpath[0m[2m=[0m/std/skills/blade [3melapsed_ms[0m[2m=[0m1
[2m2026-08-18T01:31:38.333802Z[0m [32m INFO[0m [2mrmudos::vm[0m[2m:[0m load_object compile ok [3mpath[0m[2m=[0m/std/skills/blade [3melapsed_ms[0m[2m=[0m1
[2m2026-08-18T01:31:38.333804Z[0m [32m INFO[0m [2mrmudos::vm[0m[2m:[0m load_object create() [3mpath[0m[2m=[0m/std/skills/blade
[2m2026-08-18T01:31:38.333828Z[0m [32m INFO[0m [2mrmudos::vm[0m[2m:[0m load_object done [3mpath[0m[2m=[0m/std/skills/blade
[2m2026-08-18T01:31:38.333921Z[0m [32m INFO[0m [2mrmudos::efun::mudos_extra[0m[2m:[0m file_size start [3mpath[0m[2m=[0m"/std/skills/knife.c"
[2m2026-08-18T01:31:38.334196Z[0m [32m INFO[0m [2mrmudos::efun::mudos_extra[0m[2m:[0m file_size done [3mpath[0m[2m=[0m"/std/skills/knife.c" [3msize[0m[2m=[0m249 [3melapsed_ms[0m[2m=[0m0
[2m2026-08-18T01:31:38.334203Z[0m [32m INFO[0m [2mrmudos::vm[0m[2m:[0m load_object start [3mpath[0m[2m=[0m/std/skills/knife
[2m2026-08-18T01:31:38.334205Z[0m [32m INFO[0m [2mrmudos::compiler[0m[2m:[0m compile start [3mpath[0m[2m=[0m/std/skills/knife [3mfile[0m[2m=[0mmudlib/std/skills/knife.c
[2m2026-08-18T01:31:38.334251Z[0m [32m INFO[0m [2mrmudos::compiler[0m[2m:[0m compile start [3mpath[0m[2m=[0m/std/skills/skill [3mfile[0m[2m=[0mmudlib/std/skills/skill.c
[2m2026-08-18T01:31:38.334376Z[0m [32m INFO[0m [2mrmudos::compiler[0m[2m:[0m compile start [3mpath[0m[2m=[0m/std/Object [3mfile[0m[2m=[0mmudlib/std/Object.c
[2m2026-08-18T01:31:38.335161Z[0m [32m INFO[0m [2mrmudos::compiler[0m[2m:[0m compile start [3mpath[0m[2m=[0m/std/move [3mfile[0m[2m=[0mmudlib/std/move.c
[2m2026-08-18T01:31:38.335447Z[0m [32m INFO[0m [2mrmudos::compiler[0m[2m:[0m compile done [3mpath[0m[2m=[0m/std/move [3melapsed_ms[0m[2m=[0m0
[2m2026-08-18T01:31:38.335716Z[0m [32m INFO[0m [2mrmudos::compiler[0m[2m:[0m compile done [3mpath[0m[2m=[0m/std/Object [3melapsed_ms[0m[2m=[0m1
[2m2026-08-18T01:31:38.335797Z[0m [32m INFO[0m [2mrmudos::compiler[0m[2m:[0m compile done [3mpath[0m[2m=[0m/std/skills/skill [3melapsed_ms[0m[2m=[0m1
[2m2026-08-18T01:31:38.335867Z[0m [32m INFO[0m [2mrmudos::compiler[0m[2m:[0m compile done [3mpath[0m[2m=[0m/std/skills/knife [3melapsed_ms[0m[2m=[0m1
[2m2026-08-18T01:31:38.335870Z[0m [32m INFO[0m [2mrmudos::vm[0m[2m:[0m load_object compile ok [3mpath[0m[2m=[0m/std/skills/knife [3melapsed_ms[0m[2m=[0m1
[2m2026-08-18T01:31:38.335872Z[0m [32m INFO[0m [2mrmudos::vm[0m[2m:[0m load_object create() [3mpath[0m[2m=[0m/std/skills/knife
[2m2026-08-18T01:31:38.335895Z[0m [32m INFO[0m [2mrmudos::vm[0m[2m:[0m load_object done [3mpath[0m[2m=[0m/std/skills/knife
[2m2026-08-18T01:31:38.335966Z[0m [32m INFO[0m [2mrmudos::efun::mudos_extra[0m[2m:[0m file_size start [3mpath[0m[2m=[0m"/std/skills/blunt.c"
[2m2026-08-18T01:31:38.336173Z[0m [32m INFO[0m [2mrmudos::efun::mudos_extra[0m[2m:[0m file_size done [3mpath[0m[2m=[0m"/std/skills/blunt.c" [3msize[0m[2m=[0m240 [3melapsed_ms[0m[2m=[0m0
[2m2026-08-18T01:31:38.336177Z[0m [32m INFO[0m [2mrmudos::vm[0m[2m:[0m load_object start [3mpath[0m[2m=[0m/std/skills/blunt
[2m2026-08-18T01:31:38.336179Z[0m [32m INFO[0m [2mrmudos::compiler[0m[2m:[0m compile start [3mpath[0m[2m=[0m/std/skills/blunt [3mfile[0m[2m=[0mmudlib/std/skills/blunt.c
[2m2026-08-18T01:31:38.336216Z[0m [32m INFO[0m [2mrmudos::compiler[0m[2m:[0m compile start [3mpath[0m[2m=[0m/std/skills/skill [3mfile[0m[2m=[0mmudlib/std/skills/skill.c
[2m2026-08-18T01:31:38.336343Z[0m [32m INFO[0m [2mrmudos::compiler[0m[2m:[0m compile start [3mpath[0m[2m=[0m/std/Object [3mfile[0m[2m=[0mmudlib/std/Object.c
[2m2026-08-18T01:31:38.337140Z[0m [32m INFO[0m [2mrmudos::compiler[0m[2m:[0m compile start [3mpath[0m[2m=[0m/std/move [3mfile[0m[2m=[0mmudlib/std/move.c
[2m2026-08-18T01:31:38.337445Z[0m [32m INFO[0m [2mrmudos::compiler[0m[2m:[0m compile done [3mpath[0m[2m=[0m/std/move [3melapsed_ms[0m[2m=[0m0
[2m2026-08-18T01:31:38.337759Z[0m [32m INFO[0m [2mrmudos::compiler[0m[2m:[0m compile done [3mpath[0m[2m=[0m/std/Object [3melapsed_ms[0m[2m=[0m1
[2m2026-08-18T01:31:38.337878Z[0m [32m INFO[0m [2mrmudos::compiler[0m[2m:[0m compile done [3mpath[0m[2m=[0m/std/skills/skill [3melapsed_ms[0m[2m=[0m1
[2m2026-08-18T01:31:38.338025Z[0m [32m INFO[0m [2mrmudos::compiler[0m[2m:[0m compile done [3mpath[0m[2m=[0m/std/skills/blunt [3melapsed_ms[0m[2m=[0m1
[2m2026-08-18T01:31:38.338039Z[0m [32m INFO[0m [2mrmudos::vm[0m[2m:[0m load_object compile ok [3mpath[0m[2m=[0m/std/skills/blunt [3melapsed_ms[0m[2m=[0m1
[2m2026-08-18T01:31:38.338042Z[0m [32m INFO[0m [2mrmudos::vm[0m[2m:[0m load_object create() [3mpath[0m[2m=[0m/std/skills/blunt
[2m2026-08-18T01:31:38.338072Z[0m [32m INFO[0m [2mrmudos::vm[0m[2m:[0m load_object done [3mpath[0m[2m=[0m/std/skills/blunt
[2m2026-08-18T01:31:38.338231Z[0m [32m INFO[0m [2mrmudos::efun::mudos_extra[0m[2m:[0m file_size start [3mpath[0m[2m=[0m"/std/skills/two_handed_staff.c"
[2m2026-08-18T01:31:38.338555Z[0m [32m INFO[0m [2mrmudos::efun::mudos_extra[0m[2m:[0m file_size done [3mpath[0m[2m=[0m"/std/skills/two_handed_staff.c" [3msize[0m[2m=[0m245 [3melapsed_ms[0m[2m=[0m0
[2m2026-08-18T01:31:38.338566Z[0m [32m INFO[0m [2mrmudos::vm[0m[2m:[0m load_object start [3mpath[0m[2m=[0m/std/skills/two_handed_staff
[2m2026-08-18T01:31:38.338569Z[0m [32m INFO[0m [2mrmudos::compiler[0m[2m:[0m compile start [3mpath[0m[2m=[0m/std/skills/two_handed_staff [3mfile[0m[2m=[0mmudlib/std/skills/two_handed_staff.c
[2m2026-08-18T01:31:38.338652Z[0m [32m INFO[0m [2mrmudos::compiler[0m[2m:[0m compile start [3mpath[0m[2m=[0m/std/skills/skill [3mfile[0m[2m=[0mmudlib/std/skills/skill.c
[2m2026-08-18T01:31:38.338804Z[0m [32m INFO[0m [2mrmudos::compiler[0m[2m:[0m compile start [3mpath[0m[2m=[0m/std/Object [3mfile[0m[2m=[0mmudlib/std/Object.c
[2m2026-08-18T01:31:38.339736Z[0m [32m INFO[0m [2mrmudos::compiler[0m[2m:[0m compile start [3mpath[0m[2m=[0m/std/move [3mfile[0m[2m=[0mmudlib/std/move.c
[2m2026-08-18T01:31:38.340055Z[0m [32m INFO[0m [2mrmudos::compiler[0m[2m:[0m compile done [3mpath[0m[2m=[0m/std/move [3melapsed_ms[0m[2m=[0m0
[2m2026-08-18T01:31:38.340323Z[0m [32m INFO[0m [2mrmudos::compiler[0m[2m:[0m compile done [3mpath[0m[2m=[0m/std/Object [3melapsed_ms[0m[2m=[0m1
[2m2026-08-18T01:31:38.340424Z[0m [32m INFO[0m [2mrmudos::compiler[0m[2m:[0m compile done [3mpath[0m[2m=[0m/std/skills/skill [3melapsed_ms[0m[2m=[0m1
[2m2026-08-18T01:31:38.340496Z[0m [32m INFO[0m [2mrmudos::compiler[0m[2m:[0m compile done [3mpath[0m[2m=[0m/std/skills/two_handed_staff [3melapsed_ms[0m[2m=[0m1
[2m2026-08-18T01:31:38.340511Z[0m [32m INFO[0m [2mrmudos::vm[0m[2m:[0m load_object compile ok [3mpath[0m[2m=[0m/std/skills/two_handed_staff [3melapsed_ms[0m[2m=[0m1
[2m2026-08-18T01:31:38.340515Z[0m [32m INFO[0m [2mrmudos::vm[0m[2m:[0m load_object create() [3mpath[0m[2m=[0m/std/skills/two_handed_staff
[2m2026-08-18T01:31:38.340543Z[0m [32m INFO[0m [2mrmudos::vm[0m[2m:[0m load_object done [3mpath[0m[2m=[0m/std/skills/two_handed_staff
[2m2026-08-18T01:31:38.340616Z[0m [32m INFO[0m [2mrmudos::efun::mudos_extra[0m[2m:[0m file_size start [3mpath[0m[2m=[0m"/std/skills/projectile.c"
[2m2026-08-18T01:31:38.340847Z[0m [32m INFO[0m [2mrmudos::efun::mudos_extra[0m[2m:[0m file_size done [3mpath[0m[2m=[0m"/std/skills/projectile.c" [3msize[0m[2m=[0m-1 [3melapsed_ms[0m[2m=[0m0
[2m2026-08-18T01:31:38.340901Z[0m [32m INFO[0m [2mrmudos::efun::mudos_extra[0m[2m:[0m file_size start [3mpath[0m[2m=[0m"/std/skills/two_handed_blade.c"
[2m2026-08-18T01:31:38.341079Z[0m [32m INFO[0m [2mrmudos::efun::mudos_extra[0m[2m:[0m file_size done [3mpath[0m[2m=[0m"/std/skills/two_handed_blade.c" [3msize[0m[2m=[0m241 [3melapsed_ms[0m[2m=[0m0
[2m2026-08-18T01:31:38.341084Z[0m [32m INFO[0m [2mrmudos::vm[0m[2m:[0m load_object start [3mpath[0m[2m=[0m/std/skills/two_handed_blade
[2m2026-08-18T01:31:38.341086Z[0m [32m INFO[0m [2mrmudos::compiler[0m[2m:[0m compile start [3mpath[0m[2m=[0m/std/skills/two_handed_blade [3mfile[0m[2m=[0mmudlib/std/skills/two_handed_blade.c
[2m2026-08-18T01:31:38.341131Z[0m [32m INFO[0m [2mrmudos::compiler[0m[2m:[0m compile start [3mpath[0m[2m=[0m/std/skills/skill [3mfile[0m[2m=[0mmudlib/std/skills/skill.c
[2m2026-08-18T01:31:38.341252Z[0m [32m INFO[0m [2mrmudos::compiler[0m[2m:[0m compile start [3mpath[0m[2m=[0m/std/Object [3mfile[0m[2m=[0mmudlib/std/Object.c
[2m2026-08-18T01:31:38.342101Z[0m [32m INFO[0m [2mrmudos::compiler[0m[2m:[0m compile start [3mpath[0m[2m=[0m/std/move [3mfile[0m[2m=[0mmudlib/std/move.c
[2m2026-08-18T01:31:38.342426Z[0m [32m INFO[0m [2mrmudos::compiler[0m[2m:[0m compile done [3mpath[0m[2m=[0m/std/move [3melapsed_ms[0m[2m=[0m0
[2m2026-08-18T01:31:38.342700Z[0m [32m INFO[0m [2mrmudos::compiler[0m[2m:[0m compile done [3mpath[0m[2m=[0m/std/Object [3melapsed_ms[0m[2m=[0m1
[2m2026-08-18T01:31:38.342781Z[0m [32m INFO[0m [2mrmudos::compiler[0m[2m:[0m compile done [3mpath[0m[2m=[0m/std/skills/skill [3melapsed_ms[0m[2m=[0m1
[2m2026-08-18T01:31:38.342849Z[0m [32m INFO[0m [2mrmudos::compiler[0m[2m:[0m compile done [3mpath[0m[2m=[0m/std/skills/two_handed_blade [3melapsed_ms[0m[2m=[0m1
[2m2026-08-18T01:31:38.342852Z[0m [32m INFO[0m [2mrmudos::vm[0m[2m:[0m load_object compile ok [3mpath[0m[2m=[0m/std/skills/two_handed_blade [3melapsed_ms[0m[2m=[0m1
[2m2026-08-18T01:31:38.342854Z[0m [32m INFO[0m [2mrmudos::vm[0m[2m:[0m load_object create() [3mpath[0m[2m=[0m/std/skills/two_handed_blade
[2m2026-08-18T01:31:38.342878Z[0m [32m INFO[0m [2mrmudos::vm[0m[2m:[0m load_object done [3mpath[0m[2m=[0m/std/skills/two_handed_blade
[2m2026-08-18T01:31:38.343009Z[0m [32m INFO[0m [2mrmudos::efun::mudos_extra[0m[2m:[0m file_size start [3mpath[0m[2m=[0m"/std/skills/dodge.c"
[2m2026-08-18T01:31:38.343235Z[0m [32m INFO[0m [2mrmudos::efun::mudos_extra[0m[2m:[0m file_size done [3mpath[0m[2m=[0m"/std/skills/dodge.c" [3msize[0m[2m=[0m241 [3melapsed_ms[0m[2m=[0m0
[2m2026-08-18T01:31:38.343243Z[0m [32m INFO[0m [2mrmudos::vm[0m[2m:[0m load_object start [3mpath[0m[2m=[0m/std/skills/dodge
[2m2026-08-18T01:31:38.343245Z[0m [32m INFO[0m [2mrmudos::compiler[0m[2m:[0m compile start [3mpath[0m[2m=[0m/std/skills/dodge [3mfile[0m[2m=[0mmudlib/std/skills/dodge.c
[2m2026-08-18T01:31:38.343291Z[0m [32m INFO[0m [2mrmudos::compiler[0m[2m:[0m compile start [3mpath[0m[2m=[0m/std/skills/skill [3mfile[0m[2m=[0mmudlib/std/skills/skill.c
[2m2026-08-18T01:31:38.343411Z[0m [32m INFO[0m [2mrmudos::compiler[0m[2m:[0m compile start [3mpath[0m[2m=[0m/std/Object [3mfile[0m[2m=[0mmudlib/std/Object.c
[2m2026-08-18T01:31:38.344222Z[0m [32m INFO[0m [2mrmudos::compiler[0m[2m:[0m compile start [3mpath[0m[2m=[0m/std/move [3mfile[0m[2m=[0mmudlib/std/move.c
[2m2026-08-18T01:31:38.344557Z[0m [32m INFO[0m [2mrmudos::compiler[0m[2m:[0m compile done [3mpath[0m[2m=[0m/std/move [3melapsed_ms[0m[2m=[0m0
[2m2026-08-18T01:31:38.344898Z[0m [32m INFO[0m [2mrmudos::compiler[0m[2m:[0m compile done [3mpath[0m[2m=[0m/std/Object [3melapsed_ms[0m[2m=[0m1
[2m2026-08-18T01:31:38.344995Z[0m [32m INFO[0m [2mrmudos::compiler[0m[2m:[0m compile done [3mpath[0m[2m=[0m/std/skills/skill [3melapsed_ms[0m[2m=[0m1
[2m2026-08-18T01:31:38.345070Z[0m [32m INFO[0m [2mrmudos::compiler[0m[2m:[0m compile done [3mpath[0m[2m=[0m/std/skills/dodge [3melapsed_ms[0m[2m=[0m1
[2m2026-08-18T01:31:38.345074Z[0m [32m INFO[0m [2mrmudos::vm[0m[2m:[0m load_object compile ok [3mpath[0m[2m=[0m/std/skills/dodge [3melapsed_ms[0m[2m=[0m1
[2m2026-08-18T01:31:38.345076Z[0m [32m INFO[0m [2mrmudos::vm[0m[2m:[0m load_object create() [3mpath[0m[2m=[0m/std/skills/dodge
[2m2026-08-18T01:31:38.345125Z[0m [32m INFO[0m [2mrmudos::vm[0m[2m:[0m load_object done [3mpath[0m[2m=[0m/std/skills/dodge
[2m2026-08-18T01:31:38.345205Z[0m [32m INFO[0m [2mrmudos::efun::mudos_extra[0m[2m:[0m file_size start [3mpath[0m[2m=[0m"/std/skills/parry.c"
[2m2026-08-18T01:31:38.345473Z[0m [32m INFO[0m [2mrmudos::efun::mudos_extra[0m[2m:[0m file_size done [3mpath[0m[2m=[0m"/std/skills/parry.c" [3msize[0m[2m=[0m251 [3melapsed_ms[0m[2m=[0m0
[2m2026-08-18T01:31:38.345480Z[0m [32m INFO[0m [2mrmudos::vm[0m[2m:[0m load_object start [3mpath[0m[2m=[0m/std/skills/parry
[2m2026-08-18T01:31:38.345482Z[0m [32m INFO[0m [2mrmudos::compiler[0m[2m:[0m compile start [3mpath[0m[2m=[0m/std/skills/parry [3mfile[0m[2m=[0mmudlib/std/skills/parry.c
[2m2026-08-18T01:31:38.345527Z[0m [32m INFO[0m [2mrmudos::compiler[0m[2m:[0m compile start [3mpath[0m[2m=[0m/std/skills/skill [3mfile[0m[2m=[0mmudlib/std/skills/skill.c
[2m2026-08-18T01:31:38.345646Z[0m [32m INFO[0m [2mrmudos::compiler[0m[2m:[0m compile start [3mpath[0m[2m=[0m/std/Object [3mfile[0m[2m=[0mmudlib/std/Object.c
[2m2026-08-18T01:31:38.346563Z[0m [32m INFO[0m [2mrmudos::compiler[0m[2m:[0m compile start [3mpath[0m[2m=[0m/std/move [3mfile[0m[2m=[0mmudlib/std/move.c
[2m2026-08-18T01:31:38.346873Z[0m [32m INFO[0m [2mrmudos::compiler[0m[2m:[0m compile done [3mpath[0m[2m=[0m/std/move [3melapsed_ms[0m[2m=[0m0
[2m2026-08-18T01:31:38.347158Z[0m [32m INFO[0m [2mrmudos::compiler[0m[2m:[0m compile done [3mpath[0m[2m=[0m/std/Object [3melapsed_ms[0m[2m=[0m1
[2m2026-08-18T01:31:38.347245Z[0m [32m INFO[0m [2mrmudos::compiler[0m[2m:[0m compile done [3mpath[0m[2m=[0m/std/skills/skill [3melapsed_ms[0m[2m=[0m1
[2m2026-08-18T01:31:38.347317Z[0m [32m INFO[0m [2mrmudos::compiler[0m[2m:[0m compile done [3mpath[0m[2m=[0m/std/skills/parry [3melapsed_ms[0m[2m=[0m1
[2m2026-08-18T01:31:38.347320Z[0m [32m INFO[0m [2mrmudos::vm[0m[2m:[0m load_object compile ok [3mpath[0m[2m=[0m/std/skills/parry [3melapsed_ms[0m[2m=[0m1
[2m2026-08-18T01:31:38.347322Z[0m [32m INFO[0m [2mrmudos::vm[0m[2m:[0m load_object create() [3mpath[0m[2m=[0m/std/skills/parry
[2m2026-08-18T01:31:38.347347Z[0m [32m INFO[0m [2mrmudos::vm[0m[2m:[0m load_object done [3mpath[0m[2m=[0m/std/skills/parry
[2m2026-08-18T01:31:38.347402Z[0m [32m INFO[0m [2mrmudos::vm[0m[2m:[0m load_object start [3mpath[0m[2m=[0m/adm/daemon/advance_d
[2m2026-08-18T01:31:38.347405Z[0m [32m INFO[0m [2mrmudos::compiler[0m[2m:[0m compile start [3mpath[0m[2m=[0m/adm/daemon/advance_d [3mfile[0m[2m=[0mmudlib/adm/daemon/advance_d.c
[2m2026-08-18T01:31:38.347848Z[0m [32m INFO[0m [2mrmudos::compiler[0m[2m:[0m compile done [3mpath[0m[2m=[0m/adm/daemon/advance_d [3melapsed_ms[0m[2m=[0m0
[2m2026-08-18T01:31:38.347850Z[0m [32m INFO[0m [2mrmudos::vm[0m[2m:[0m load_object compile ok [3mpath[0m[2m=[0m/adm/daemon/advance_d [3melapsed_ms[0m[2m=[0m0
[2m2026-08-18T01:31:38.347853Z[0m [32m INFO[0m [2mrmudos::vm[0m[2m:[0m load_object create() [3mpath[0m[2m=[0m/adm/daemon/advance_d
[2m2026-08-18T01:31:38.347866Z[0m [32m INFO[0m [2mrmudos::vm[0m[2m:[0m load_object done [3mpath[0m[2m=[0m/adm/daemon/advance_d
[2m2026-08-18T01:31:38.348096Z[0m [32m INFO[0m [2mrmudos::vm[0m[2m:[0m load_object start [3mpath[0m[2m=[0m/adm/daemon/lang_d
[2m2026-08-18T01:31:38.348113Z[0m [32m INFO[0m [2mrmudos::compiler[0m[2m:[0m compile start [3mpath[0m[2m=[0m/adm/daemon/lang_d [3mfile[0m[2m=[0mmudlib/adm/daemon/lang_d.c
[2m2026-08-18T01:31:38.348214Z[0m [32m INFO[0m [2mrmudos::compiler[0m[2m:[0m compile start [3mpath[0m[2m=[0m/std/daemon [3mfile[0m[2m=[0mmudlib/std/daemon.c
[2m2026-08-18T01:31:38.348254Z[0m [32m INFO[0m [2mrmudos::compiler[0m[2m:[0m compile done [3mpath[0m[2m=[0m/std/daemon [3melapsed_ms[0m[2m=[0m0
[2m2026-08-18T01:31:38.348276Z[0m [32m INFO[0m [2mrmudos::compiler[0m[2m:[0m compile done [3mpath[0m[2m=[0m/adm/daemon/lang_d [3melapsed_ms[0m[2m=[0m0
[2m2026-08-18T01:31:38.348290Z[0m [32m INFO[0m [2mrmudos::vm[0m[2m:[0m load_object compile ok [3mpath[0m[2m=[0m/adm/daemon/lang_d [3melapsed_ms[0m[2m=[0m0
[2m2026-08-18T01:31:38.348293Z[0m [32m INFO[0m [2mrmudos::vm[0m[2m:[0m load_object create() [3mpath[0m[2m=[0m/adm/daemon/lang_d
[2m2026-08-18T01:31:38.348318Z[0m [32m INFO[0m [2mrmudos::efun::mudos_extra[0m[2m:[0m file_size start [3mpath[0m[2m=[0m"/adm/db/languages.db"
[2m2026-08-18T01:31:38.348631Z[0m [32m INFO[0m [2mrmudos::efun::mudos_extra[0m[2m:[0m file_size denied [3mpath[0m[2m=[0m"/adm/db/languages.db" [3melapsed_ms[0m[2m=[0m0
[2m2026-08-18T01:31:38.348639Z[0m [32m INFO[0m [2mrmudos::vm[0m[2m:[0m load_object done [3mpath[0m[2m=[0m/adm/daemon/lang_d
[2m2026-08-18T01:31:38.348743Z[0m [32m INFO[0m [2mrmudos::efun::mudos_extra[0m[2m:[0m get_dir start [3mpath[0m[2m=[0m/daemon/db/mon_races/ [3mdetailed[0m[2m=[0mfalse
[2m2026-08-18T01:31:38.348986Z[0m [32m INFO[0m [2mrmudos::efun::mudos_extra[0m[2m:[0m get_dir done [3mpath[0m[2m=[0m/daemon/db/mon_races/ [3mentries[0m[2m=[0m20 [3melapsed_ms[0m[2m=[0m0
[2m2026-08-18T01:31:38.349067Z[0m [32m INFO[0m [2mrmudos::efun::mudos_extra[0m[2m:[0m get_dir start [3mpath[0m[2m=[0m/daemon/db/mon_races/ [3mdetailed[0m[2m=[0mfalse
[2m2026-08-18T01:31:38.349325Z[0m [32m INFO[0m [2mrmudos::efun::mudos_extra[0m[2m:[0m get_dir done [3mpath[0m[2m=[0m/daemon/db/mon_races/ [3mentries[0m[2m=[0m20 [3melapsed_ms[0m[2m=[0m0
[2m2026-08-18T01:31:38.350105Z[0m [32m INFO[0m [2mrmudos::efun::mudos_extra[0m[2m:[0m file_size start [3mpath[0m[2m=[0m"/daemon/db/mon_races/human"
[2m2026-08-18T01:31:38.350344Z[0m [32m INFO[0m [2mrmudos::efun::mudos_extra[0m[2m:[0m file_size done [3mpath[0m[2m=[0m"/daemon/db/mon_races/human" [3msize[0m[2m=[0m230 [3melapsed_ms[0m[2m=[0m0
[2m2026-08-18T01:31:38.350662Z[0m [32m INFO[0m [2mrmudos::efun::mudos_extra[0m[2m:[0m file_size start [3mpath[0m[2m=[0m"/daemon/db/mon_races/human"
[2m2026-08-18T01:31:38.350862Z[0m [32m INFO[0m [2mrmudos::efun::mudos_extra[0m[2m:[0m file_size done [3mpath[0m[2m=[0m"/daemon/db/mon_races/human" [3msize[0m[2m=[0m230 [3melapsed_ms[0m[2m=[0m0
[2m2026-08-18T01:31:38.351381Z[0m [32m INFO[0m [2mrmudos::efun::mudos_extra[0m[2m:[0m file_size start [3mpath[0m[2m=[0m"/d/damned/data/guild_child.o"
[2m2026-08-18T01:31:38.351579Z[0m [32m INFO[0m [2mrmudos::efun::mudos_extra[0m[2m:[0m file_size done [3mpath[0m[2m=[0m"/d/damned/data/guild_child.o" [3msize[0m[2m=[0m-1 [3melapsed_ms[0m[2m=[0m0
[2m2026-08-18T01:31:38.351597Z[0m [32m INFO[0m [2mrmudos::compiler[0m[2m:[0m compile start [3mpath[0m[2m=[0m/std/bboard [3mfile[0m[2m=[0mmudlib/std/bboard.c
[2m2026-08-18T01:31:38.352025Z[0m [32m INFO[0m [2mrmudos::compiler[0m[2m:[0m compile start [3mpath[0m[2m=[0m/std/Object [3mfile[0m[2m=[0mmudlib/std/Object.c
[2m2026-08-18T01:31:38.352866Z[0m [32m INFO[0m [2mrmudos::compiler[0m[2m:[0m compile start [3mpath[0m[2m=[0m/std/move [3mfile[0m[2m=[0mmudlib/std/move.c
[2m2026-08-18T01:31:38.353210Z[0m [32m INFO[0m [2mrmudos::compiler[0m[2m:[0m compile done [3mpath[0m[2m=[0m/std/move [3melapsed_ms[0m[2m=[0m0
[2m2026-08-18T01:31:38.353520Z[0m [32m INFO[0m [2mrmudos::compiler[0m[2m:[0m compile done [3mpath[0m[2m=[0m/std/Object [3melapsed_ms[0m[2m=[0m1
[2m2026-08-18T01:31:38.353703Z[0m [32m INFO[0m [2mrmudos::compiler[0m[2m:[0m compile done [3mpath[0m[2m=[0m/std/bboard [3melapsed_ms[0m[2m=[0m2
[2m2026-08-18T01:31:38.354165Z[0m [32m INFO[0m [2mrmudos::vm[0m[2m:[0m load_object start [3mpath[0m[2m=[0m/d/standard/void
[2m2026-08-18T01:31:38.354176Z[0m [32m INFO[0m [2mrmudos::compiler[0m[2m:[0m compile start [3mpath[0m[2m=[0m/d/standard/void [3mfile[0m[2m=[0mmudlib/d/standard/void.c
[2m2026-08-18T01:31:38.354284Z[0m [32m INFO[0m [2mrmudos::compiler[0m[2m:[0m compile start [3mpath[0m[2m=[0m/std/room [3mfile[0m[2m=[0mmudlib/std/room.c
[2m2026-08-18T01:31:38.354494Z[0m [32m INFO[0m [2mrmudos::compiler[0m[2m:[0m compile start [3mpath[0m[2m=[0m/std/container [3mfile[0m[2m=[0mmudlib/std/container.c
[2m2026-08-18T01:31:38.354899Z[0m [32m INFO[0m [2mrmudos::compiler[0m[2m:[0m compile start [3mpath[0m[2m=[0m/std/Object [3mfile[0m[2m=[0mmudlib/std/Object.c
[2m2026-08-18T01:31:38.355940Z[0m [32m INFO[0m [2mrmudos::compiler[0m[2m:[0m compile start [3mpath[0m[2m=[0m/std/move [3mfile[0m[2m=[0mmudlib/std/move.c
[2m2026-08-18T01:31:38.356349Z[0m [32m INFO[0m [2mrmudos::compiler[0m[2m:[0m compile done [3mpath[0m[2m=[0m/std/move [3melapsed_ms[0m[2m=[0m0
[2m2026-08-18T01:31:38.356688Z[0m [32m INFO[0m [2mrmudos::compiler[0m[2m:[0m compile done [3mpath[0m[2m=[0m/std/Object [3melapsed_ms[0m[2m=[0m1
[2m2026-08-18T01:31:38.356823Z[0m [32m INFO[0m [2mrmudos::compiler[0m[2m:[0m compile done [3mpath[0m[2m=[0m/std/container [3melapsed_ms[0m[2m=[0m2
[2m2026-08-18T01:31:38.356829Z[0m [32m INFO[0m [2mrmudos::compiler[0m[2m:[0m compile start [3mpath[0m[2m=[0m/std/room/senses [3mfile[0m[2m=[0mmudlib/std/room/senses.c
[2m2026-08-18T01:31:38.357253Z[0m [32m INFO[0m [2mrmudos::compiler[0m[2m:[0m compile done [3mpath[0m[2m=[0m/std/room/senses [3melapsed_ms[0m[2m=[0m0
[2m2026-08-18T01:31:38.357257Z[0m [32m INFO[0m [2mrmudos::compiler[0m[2m:[0m compile start [3mpath[0m[2m=[0m/std/room/exits [3mfile[0m[2m=[0mmudlib/std/room/exits.c
[2m2026-08-18T01:31:38.357937Z[0m [32m INFO[0m [2mrmudos::compiler[0m[2m:[0m compile done [3mpath[0m[2m=[0m/std/room/exits [3melapsed_ms[0m[2m=[0m0
[2m2026-08-18T01:31:38.357942Z[0m [32m INFO[0m [2mrmudos::compiler[0m[2m:[0m compile start [3mpath[0m[2m=[0m/std/room/items [3mfile[0m[2m=[0mmudlib/std/room/items.c
[2m2026-08-18T01:31:38.358285Z[0m [32m INFO[0m [2mrmudos::compiler[0m[2m:[0m compile done [3mpath[0m[2m=[0m/std/room/items [3melapsed_ms[0m[2m=[0m0
[2m2026-08-18T01:31:38.358600Z[0m [32m INFO[0m [2mrmudos::compiler[0m[2m:[0m compile done [3mpath[0m[2m=[0m/std/room [3melapsed_ms[0m[2m=[0m4
[2m2026-08-18T01:31:38.358972Z[0m [32m INFO[0m [2mrmudos::compiler[0m[2m:[0m compile done [3mpath[0m[2m=[0m/d/standard/void [3melapsed_ms[0m[2m=[0m4
[2m2026-08-18T01:31:38.358982Z[0m [32m INFO[0m [2mrmudos::vm[0m[2m:[0m load_object compile ok [3mpath[0m[2m=[0m/d/standard/void [3melapsed_ms[0m[2m=[0m4
[2m2026-08-18T01:31:38.358986Z[0m [32m INFO[0m [2mrmudos::vm[0m[2m:[0m load_object create() [3mpath[0m[2m=[0m/d/standard/void
[2m2026-08-18T01:31:38.359134Z[0m [32m INFO[0m [2mrmudos::vm[0m[2m:[0m load_object done [3mpath[0m[2m=[0m/d/standard/void
[2m2026-08-18T01:31:38.360090Z[0m [32m INFO[0m [2mrmudos::vm[0m[2m:[0m load_object done [3mpath[0m[2m=[0m/d/damned/guilds/join_rooms/child_join
[2m2026-08-18T01:31:38.360119Z[0m [32m INFO[0m [2mrmudos::efun::mudos_extra[0m[2m:[0m file_size start [3mpath[0m[2m=[0m"/d/damned/guilds/join_rooms/child_join.c"
[2m2026-08-18T01:31:38.360381Z[0m [32m INFO[0m [2mrmudos::efun::mudos_extra[0m[2m:[0m file_size done [3mpath[0m[2m=[0m"/d/damned/guilds/join_rooms/child_join.c" [3msize[0m[2m=[0m1406 [3melapsed_ms[0m[2m=[0m0
[2m2026-08-18T01:31:38.360425Z[0m [32m INFO[0m [2mrmudos::vm[0m[2m:[0m load_object start [3mpath[0m[2m=[0m/daemon/chat
[2m2026-08-18T01:31:38.360429Z[0m [32m INFO[0m [2mrmudos::compiler[0m[2m:[0m compile start [3mpath[0m[2m=[0m/daemon/chat [3mfile[0m[2m=[0mmudlib/daemon/chat.c
[2m2026-08-18T01:31:38.361243Z[0m [32m INFO[0m [2mrmudos::compiler[0m[2m:[0m compile done [3mpath[0m[2m=[0m/daemon/chat [3melapsed_ms[0m[2m=[0m0
[2m2026-08-18T01:31:38.361247Z[0m [32m INFO[0m [2mrmudos::vm[0m[2m:[0m load_object compile ok [3mpath[0m[2m=[0m/daemon/chat [3melapsed_ms[0m[2m=[0m0
[2m2026-08-18T01:31:38.361249Z[0m [32m INFO[0m [2mrmudos::vm[0m[2m:[0m load_object create() [3mpath[0m[2m=[0m/daemon/chat
[2m2026-08-18T01:31:38.361273Z[0m [32m INFO[0m [2mrmudos::vm[0m[2m:[0m load_object done [3mpath[0m[2m=[0m/daemon/chat
[2m2026-08-18T01:31:38.361307Z[0m [32m INFO[0m [2mrmudos::vm[0m[2m:[0m load_object start [3mpath[0m[2m=[0m/daemon/inform_d
[2m2026-08-18T01:31:38.361310Z[0m [32m INFO[0m [2mrmudos::compiler[0m[2m:[0m compile start [3mpath[0m[2m=[0m/daemon/inform_d [3mfile[0m[2m=[0mmudlib/daemon/inform_d.c
[2m2026-08-18T01:31:38.361477Z[0m [32m INFO[0m [2mrmudos::compiler[0m[2m:[0m compile done [3mpath[0m[2m=[0m/daemon/inform_d [3melapsed_ms[0m[2m=[0m0
[2m2026-08-18T01:31:38.361480Z[0m [32m INFO[0m [2mrmudos::vm[0m[2m:[0m load_object compile ok [3mpath[0m[2m=[0m/daemon/inform_d [3melapsed_ms[0m[2m=[0m0
[2m2026-08-18T01:31:38.361482Z[0m [32m INFO[0m [2mrmudos::vm[0m[2m:[0m load_object create() [3mpath[0m[2m=[0m/daemon/inform_d
[2m2026-08-18T01:31:38.361515Z[0m [32m INFO[0m [2mrmudos::vm[0m[2m:[0m load_object done [3mpath[0m[2m=[0m/daemon/inform_d
[2m2026-08-18T01:31:38.361636Z[0m [32m INFO[0m [2mrmudos::vm[0m[2m:[0m load_object start [3mpath[0m[2m=[0m/d/standard/waiting_room
[2m2026-08-18T01:31:38.361640Z[0m [32m INFO[0m [2mrmudos::compiler[0m[2m:[0m compile start [3mpath[0m[2m=[0m/d/standard/waiting_room [3mfile[0m[2m=[0mmudlib/d/standard/waiting_room.c
[2m2026-08-18T01:31:38.362299Z[0m [32m INFO[0m [2mrmudos::compiler[0m[2m:[0m compile start [3mpath[0m[2m=[0m/std/room [3mfile[0m[2m=[0mmudlib/std/room.c
[2m2026-08-18T01:31:38.362471Z[0m [32m INFO[0m [2mrmudos::compiler[0m[2m:[0m compile start [3mpath[0m[2m=[0m/std/container [3mfile[0m[2m=[0mmudlib/std/container.c
[2m2026-08-18T01:31:38.362726Z[0m [32m INFO[0m [2mrmudos::compiler[0m[2m:[0m compile start [3mpath[0m[2m=[0m/std/Object [3mfile[0m[2m=[0mmudlib/std/Object.c
[2m2026-08-18T01:31:38.363489Z[0m [32m INFO[0m [2mrmudos::compiler[0m[2m:[0m compile start [3mpath[0m[2m=[0m/std/move [3mfile[0m[2m=[0mmudlib/std/move.c
[2m2026-08-18T01:31:38.363761Z[0m [32m INFO[0m [2mrmudos::compiler[0m[2m:[0m compile done [3mpath[0m[2m=[0m/std/move [3melapsed_ms[0m[2m=[0m0
[2m2026-08-18T01:31:38.364027Z[0m [32m INFO[0m [2mrmudos::compiler[0m[2m:[0m compile done [3mpath[0m[2m=[0m/std/Object [3melapsed_ms[0m[2m=[0m1
[2m2026-08-18T01:31:38.364129Z[0m [32m INFO[0m [2mrmudos::compiler[0m[2m:[0m compile done [3mpath[0m[2m=[0m/std/container [3melapsed_ms[0m[2m=[0m1
[2m2026-08-18T01:31:38.364134Z[0m [32m INFO[0m [2mrmudos::compiler[0m[2m:[0m compile start [3mpath[0m[2m=[0m/std/room/senses [3mfile[0m[2m=[0mmudlib/std/room/senses.c
[2m2026-08-18T01:31:38.364528Z[0m [32m INFO[0m [2mrmudos::compiler[0m[2m:[0m compile done [3mpath[0m[2m=[0m/std/room/senses [3melapsed_ms[0m[2m=[0m0
[2m2026-08-18T01:31:38.364533Z[0m [32m INFO[0m [2mrmudos::compiler[0m[2m:[0m compile start [3mpath[0m[2m=[0m/std/room/exits [3mfile[0m[2m=[0mmudlib/std/room/exits.c
[2m2026-08-18T01:31:38.365142Z[0m [32m INFO[0m [2mrmudos::compiler[0m[2m:[0m compile done [3mpath[0m[2m=[0m/std/room/exits [3melapsed_ms[0m[2m=[0m0
[2m2026-08-18T01:31:38.365147Z[0m [32m INFO[0m [2mrmudos::compiler[0m[2m:[0m compile start [3mpath[0m[2m=[0m/std/room/items [3mfile[0m[2m=[0mmudlib/std/room/items.c
[2m2026-08-18T01:31:38.365420Z[0m [32m INFO[0m [2mrmudos::compiler[0m[2m:[0m compile done [3mpath[0m[2m=[0m/std/room/items [3melapsed_ms[0m[2m=[0m0
[2m2026-08-18T01:31:38.365835Z[0m [32m INFO[0m [2mrmudos::compiler[0m[2m:[0m compile done [3mpath[0m[2m=[0m/std/room [3melapsed_ms[0m[2m=[0m3
[2m2026-08-18T01:31:38.366125Z[0m [32m INFO[0m [2mrmudos::compiler[0m[2m:[0m compile done [3mpath[0m[2m=[0m/d/standard/waiting_room [3melapsed_ms[0m[2m=[0m4
[2m2026-08-18T01:31:38.366131Z[0m [32m INFO[0m [2mrmudos::vm[0m[2m:[0m load_object compile ok [3mpath[0m[2m=[0m/d/standard/waiting_room [3melapsed_ms[0m[2m=[0m4
[2m2026-08-18T01:31:38.366134Z[0m [32m INFO[0m [2mrmudos::vm[0m[2m:[0m load_object create() [3mpath[0m[2m=[0m/d/standard/waiting_room
[2m2026-08-18T01:31:38.366215Z[0m [32m INFO[0m [2mrmudos::vm[0m[2m:[0m load_object done [3mpath[0m[2m=[0m/d/standard/waiting_room
[2m2026-08-18T01:31:38.366524Z[0m [32m INFO[0m [2mrmudos::vm[0m[2m:[0m load_object start [3mpath[0m[2m=[0m/d/newbieville/rooms/townsquare
[2m2026-08-18T01:31:38.366531Z[0m [32m INFO[0m [2mrmudos::compiler[0m[2m:[0m compile start [3mpath[0m[2m=[0m/d/newbieville/rooms/townsquare [3mfile[0m[2m=[0mmudlib/d/newbieville/rooms/townsquare.c
[2m2026-08-18T01:31:38.366616Z[0m [32m INFO[0m [2mrmudos::compiler[0m[2m:[0m compile start [3mpath[0m[2m=[0m/std/room [3mfile[0m[2m=[0mmudlib/std/room.c
[2m2026-08-18T01:31:38.366806Z[0m [32m INFO[0m [2mrmudos::compiler[0m[2m:[0m compile start [3mpath[0m[2m=[0m/std/container [3mfile[0m[2m=[0mmudlib/std/container.c
[2m2026-08-18T01:31:38.367065Z[0m [32m INFO[0m [2mrmudos::compiler[0m[2m:[0m compile start [3mpath[0m[2m=[0m/std/Object [3mfile[0m[2m=[0mmudlib/std/Object.c
[2m2026-08-18T01:31:38.367841Z[0m [32m INFO[0m [2mrmudos::compiler[0m[2m:[0m compile start [3mpath[0m[2m=[0m/std/move [3mfile[0m[2m=[0mmudlib/std/move.c
[2m2026-08-18T01:31:38.368140Z[0m [32m INFO[0m [2mrmudos::compiler[0m[2m:[0m compile done [3mpath[0m[2m=[0m/std/move [3melapsed_ms[0m[2m=[0m0
[2m2026-08-18T01:31:38.368405Z[0m [32m INFO[0m [2mrmudos::compiler[0m[2m:[0m compile done [3mpath[0m[2m=[0m/std/Object [3melapsed_ms[0m[2m=[0m1
[2m2026-08-18T01:31:38.368514Z[0m [32m INFO[0m [2mrmudos::compiler[0m[2m:[0m compile done [3mpath[0m[2m=[0m/std/container [3melapsed_ms[0m[2m=[0m1
[2m2026-08-18T01:31:38.368519Z[0m [32m INFO[0m [2mrmudos::compiler[0m[2m:[0m compile start [3mpath[0m[2m=[0m/std/room/senses [3mfile[0m[2m=[0mmudlib/std/room/senses.c
[2m2026-08-18T01:31:38.368939Z[0m [32m INFO[0m [2mrmudos::compiler[0m[2m:[0m compile done [3mpath[0m[2m=[0m/std/room/senses [3melapsed_ms[0m[2m=[0m0
[2m2026-08-18T01:31:38.368946Z[0m [32m INFO[0m [2mrmudos::compiler[0m[2m:[0m compile start [3mpath[0m[2m=[0m/std/room/exits [3mfile[0m[2m=[0mmudlib/std/room/exits.c
[2m2026-08-18T01:31:38.369631Z[0m [32m INFO[0m [2mrmudos::compiler[0m[2m:[0m compile done [3mpath[0m[2m=[0m/std/room/exits [3melapsed_ms[0m[2m=[0m0
[2m2026-08-18T01:31:38.369637Z[0m [32m INFO[0m [2mrmudos::compiler[0m[2m:[0m compile start [3mpath[0m[2m=[0m/std/room/items [3mfile[0m[2m=[0mmudlib/std/room/items.c
[2m2026-08-18T01:31:38.369961Z[0m [32m INFO[0m [2mrmudos::compiler[0m[2m:[0m compile done [3mpath[0m[2m=[0m/std/room/items [3melapsed_ms[0m[2m=[0m0
[2m2026-08-18T01:31:38.370299Z[0m [32m INFO[0m [2mrmudos::compiler[0m[2m:[0m compile done [3mpath[0m[2m=[0m/std/room [3melapsed_ms[0m[2m=[0m3
[2m2026-08-18T01:31:38.370558Z[0m [32m INFO[0m [2mrmudos::compiler[0m[2m:[0m compile done [3mpath[0m[2m=[0m/d/newbieville/rooms/townsquare [3melapsed_ms[0m[2m=[0m4
[2m2026-08-18T01:31:38.370564Z[0m [32m INFO[0m [2mrmudos::vm[0m[2m:[0m load_object compile ok [3mpath[0m[2m=[0m/d/newbieville/rooms/townsquare [3melapsed_ms[0m[2m=[0m4
[2m2026-08-18T01:31:38.370567Z[0m [32m INFO[0m [2mrmudos::vm[0m[2m:[0m load_object create() [3mpath[0m[2m=[0m/d/newbieville/rooms/townsquare
[2m2026-08-18T01:31:38.370848Z[0m [32m INFO[0m [2mrmudos::vm[0m[2m:[0m load_object done [3mpath[0m[2m=[0m/d/newbieville/rooms/townsquare
[2m2026-08-18T01:31:40.182383Z[0m [32m INFO[0m [2mrmudos::vm[0m[2m:[0m load_object start [3mpath[0m[2m=[0m/cmds/mortal/_look
[2m2026-08-18T01:31:40.182405Z[0m [32m INFO[0m [2mrmudos::compiler[0m[2m:[0m compile start [3mpath[0m[2m=[0m/cmds/mortal/_look [3mfile[0m[2m=[0mmudlib/cmds/mortal/_look.c
[2m2026-08-18T01:31:40.182885Z[0m [32m INFO[0m [2mrmudos::compiler[0m[2m:[0m compile start [3mpath[0m[2m=[0m/std/daemon [3mfile[0m[2m=[0mmudlib/std/daemon.c
[2m2026-08-18T01:31:40.182953Z[0m [32m INFO[0m [2mrmudos::compiler[0m[2m:[0m compile done [3mpath[0m[2m=[0m/std/daemon [3melapsed_ms[0m[2m=[0m0
[2m2026-08-18T01:31:40.183062Z[0m [32m INFO[0m [2mrmudos::compiler[0m[2m:[0m compile done [3mpath[0m[2m=[0m/cmds/mortal/_look [3melapsed_ms[0m[2m=[0m0
[2m2026-08-18T01:31:40.183065Z[0m [32m INFO[0m [2mrmudos::vm[0m[2m:[0m load_object compile ok [3mpath[0m[2m=[0m/cmds/mortal/_look [3melapsed_ms[0m[2m=[0m0
[2m2026-08-18T01:31:40.183067Z[0m [32m INFO[0m [2mrmudos::vm[0m[2m:[0m load_object create() [3mpath[0m[2m=[0m/cmds/mortal/_look
[2m2026-08-18T01:31:40.183088Z[0m [32m INFO[0m [2mrmudos::vm[0m[2m:[0m load_object done [3mpath[0m[2m=[0m/cmds/mortal/_look
[2m2026-08-18T01:31:40.183170Z[0m [32m INFO[0m [2mrmudos::vm[0m[2m:[0m load_object start [3mpath[0m[2m=[0m/daemon/events_d
[2m2026-08-18T01:31:40.183174Z[0m [32m INFO[0m [2mrmudos::compiler[0m[2m:[0m compile start [3mpath[0m[2m=[0m/daemon/events_d [3mfile[0m[2m=[0mmudlib/daemon/events_d.c
[2m2026-08-18T01:31:40.184133Z[0m [32m INFO[0m [2mrmudos::compiler[0m[2m:[0m compile done [3mpath[0m[2m=[0m/daemon/events_d [3melapsed_ms[0m[2m=[0m0
[2m2026-08-18T01:31:40.184141Z[0m [32m INFO[0m [2mrmudos::vm[0m[2m:[0m load_object compile ok [3mpath[0m[2m=[0m/daemon/events_d [3melapsed_ms[0m[2m=[0m0
[2m2026-08-18T01:31:40.184144Z[0m [32m INFO[0m [2mrmudos::vm[0m[2m:[0m load_object create() [3mpath[0m[2m=[0m/daemon/events_d
[2m2026-08-18T01:31:40.184436Z[0m [32m INFO[0m [2mrmudos::vm[0m[2m:[0m load_object start [3mpath[0m[2m=[0m/daemon/events_d
[2m2026-08-18T01:31:40.184442Z[0m [32m INFO[0m [2mrmudos::compiler[0m[2m:[0m compile start [3mpath[0m[2m=[0m/daemon/events_d [3mfile[0m[2m=[0mmudlib/daemon/events_d.c
[2m2026-08-18T01:31:40.185324Z[0m [32m INFO[0m [2mrmudos::compiler[0m[2m:[0m compile done [3mpath[0m[2m=[0m/daemon/events_d [3melapsed_ms[0m[2m=[0m0
[2m2026-08-18T01:31:40.185331Z[0m [32m INFO[0m [2mrmudos::vm[0m[2m:[0m load_object compile ok [3mpath[0m[2m=[0m/daemon/events_d [3melapsed_ms[0m[2m=[0m0
[2m2026-08-18T01:31:40.185333Z[0m [32m INFO[0m [2mrmudos::vm[0m[2m:[0m load_object create() [3mpath[0m[2m=[0m/daemon/events_d
[2m2026-08-18T01:31:40.188268Z[0m [32m INFO[0m [2mrmudos::vm[0m[2m:[0m load_object start [3mpath[0m[2m=[0m/daemon/events_d
[2m2026-08-18T01:31:40.188282Z[0m [32m INFO[0m [2mrmudos::compiler[0m[2m:[0m compile start [3mpath[0m[2m=[0m/daemon/events_d [3mfile[0m[2m=[0mmudlib/daemon/events_d.c
[2m2026-08-18T01:31:40.189145Z[0m [32m INFO[0m [2mrmudos::compiler[0m[2m:[0m compile done [3mpath[0m[2m=[0m/daemon/events_d [3melapsed_ms[0m[2m=[0m0
[2m2026-08-18T01:31:40.189153Z[0m [32m INFO[0m [2mrmudos::vm[0m[2m:[0m load_object compile ok [3mpath[0m[2m=[0m/daemon/events_d [3melapsed_ms[0m[2m=[0m0
[2m2026-08-18T01:31:40.189156Z[0m [32m INFO[0m [2mrmudos::vm[0m[2m:[0m load_object create() [3mpath[0m[2m=[0m/daemon/events_d
[2m2026-08-18T01:31:42.341941Z[0m [32m INFO[0m [2mrmudos::vm[0m[2m:[0m load_object start [3mpath[0m[2m=[0m/cmds/mortal/_who
[2m2026-08-18T01:31:42.341994Z[0m [32m INFO[0m [2mrmudos::compiler[0m[2m:[0m compile start [3mpath[0m[2m=[0m/cmds/mortal/_who [3mfile[0m[2m=[0mmudlib/cmds/mortal/_who.c
[2m2026-08-18T01:31:42.346688Z[0m [32m INFO[0m [2mrmudos::compiler[0m[2m:[0m compile start [3mpath[0m[2m=[0m/cmds/mortal/who/who_line [3mfile[0m[2m=[0mmudlib/cmds/mortal/who/who_line.c
[2m2026-08-18T01:31:42.346892Z[0m [32m INFO[0m [2mrmudos::compiler[0m[2m:[0m compile done [3mpath[0m[2m=[0m/cmds/mortal/who/who_line [3melapsed_ms[0m[2m=[0m0
[2m2026-08-18T01:31:42.346898Z[0m [32m INFO[0m [2mrmudos::compiler[0m[2m:[0m compile start [3mpath[0m[2m=[0m/cmds/mortal/who/who_short [3mfile[0m[2m=[0mmudlib/cmds/mortal/who/who_short.c
[2m2026-08-18T01:31:42.346974Z[0m [32m INFO[0m [2mrmudos::compiler[0m[2m:[0m compile done [3mpath[0m[2m=[0m/cmds/mortal/who/who_short [3melapsed_ms[0m[2m=[0m0
[2m2026-08-18T01:31:42.346977Z[0m [32m INFO[0m [2mrmudos::compiler[0m[2m:[0m compile start [3mpath[0m[2m=[0m/cmds/mortal/who/who_people [3mfile[0m[2m=[0mmudlib/cmds/mortal/who/who_people.c
[2m2026-08-18T01:31:42.347386Z[0m [32m INFO[0m [2mrmudos::compiler[0m[2m:[0m compile done [3mpath[0m[2m=[0m/cmds/mortal/who/who_people [3melapsed_ms[0m[2m=[0m0
[2m2026-08-18T01:31:42.347391Z[0m [32m INFO[0m [2mrmudos::compiler[0m[2m:[0m compile start [3mpath[0m[2m=[0m/std/daemon [3mfile[0m[2m=[0mmudlib/std/daemon.c
[2m2026-08-18T01:31:42.347425Z[0m [32m INFO[0m [2mrmudos::compiler[0m[2m:[0m compile done [3mpath[0m[2m=[0m/std/daemon [3melapsed_ms[0m[2m=[0m0
[2m2026-08-18T01:31:42.347644Z[0m [32m INFO[0m [2mrmudos::compiler[0m[2m:[0m compile done [3mpath[0m[2m=[0m/cmds/mortal/_who [3melapsed_ms[0m[2m=[0m5
[2m2026-08-18T01:31:42.347661Z[0m [32m INFO[0m [2mrmudos::vm[0m[2m:[0m load_object compile ok [3mpath[0m[2m=[0m/cmds/mortal/_who [3melapsed_ms[0m[2m=[0m5
[2m2026-08-18T01:31:42.347665Z[0m [32m INFO[0m [2mrmudos::vm[0m[2m:[0m load_object create() [3mpath[0m[2m=[0m/cmds/mortal/_who
[2m2026-08-18T01:31:42.347683Z[0m [32m INFO[0m [2mrmudos::vm[0m[2m:[0m load_object done [3mpath[0m[2m=[0m/cmds/mortal/_who
[2m2026-08-18T01:31:46.828554Z[0m [32m INFO[0m [2mrmudos::vm[0m[2m:[0m load_object start [3mpath[0m[2m=[0m/d/newbieville/rooms/majestyave
[2m2026-08-18T01:31:46.828576Z[0m [32m INFO[0m [2mrmudos::compiler[0m[2m:[0m compile start [3mpath[0m[2m=[0m/d/newbieville/rooms/majestyave [3mfile[0m[2m=[0mmudlib/d/newbieville/rooms/majestyave.c
[2m2026-08-18T01:31:46.828735Z[0m [32m INFO[0m [2mrmudos::compiler[0m[2m:[0m compile start [3mpath[0m[2m=[0m/std/room [3mfile[0m[2m=[0mmudlib/std/room.c
[2m2026-08-18T01:31:46.829018Z[0m [32m INFO[0m [2mrmudos::compiler[0m[2m:[0m compile start [3mpath[0m[2m=[0m/std/container [3mfile[0m[2m=[0mmudlib/std/container.c
[2m2026-08-18T01:31:46.829399Z[0m [32m INFO[0m [2mrmudos::compiler[0m[2m:[0m compile start [3mpath[0m[2m=[0m/std/Object [3mfile[0m[2m=[0mmudlib/std/Object.c
[2m2026-08-18T01:31:46.830766Z[0m [32m INFO[0m [2mrmudos::compiler[0m[2m:[0m compile start [3mpath[0m[2m=[0m/std/move [3mfile[0m[2m=[0mmudlib/std/move.c
[2m2026-08-18T01:31:46.831265Z[0m [32m INFO[0m [2mrmudos::compiler[0m[2m:[0m compile done [3mpath[0m[2m=[0m/std/move [3melapsed_ms[0m[2m=[0m0
[2m2026-08-18T01:31:46.831702Z[0m [32m INFO[0m [2mrmudos::compiler[0m[2m:[0m compile done [3mpath[0m[2m=[0m/std/Object [3melapsed_ms[0m[2m=[0m2
[2m2026-08-18T01:31:46.831907Z[0m [32m INFO[0m [2mrmudos::compiler[0m[2m:[0m compile done [3mpath[0m[2m=[0m/std/container [3melapsed_ms[0m[2m=[0m2
[2m2026-08-18T01:31:46.831918Z[0m [32m INFO[0m [2mrmudos::compiler[0m[2m:[0m compile start [3mpath[0m[2m=[0m/std/room/senses [3mfile[0m[2m=[0mmudlib/std/room/senses.c
[2m2026-08-18T01:31:46.832668Z[0m [32m INFO[0m [2mrmudos::compiler[0m[2m:[0m compile done [3mpath[0m[2m=[0m/std/room/senses [3melapsed_ms[0m[2m=[0m0
[2m2026-08-18T01:31:46.832677Z[0m [32m INFO[0m [2mrmudos::compiler[0m[2m:[0m compile start [3mpath[0m[2m=[0m/std/room/exits [3mfile[0m[2m=[0mmudlib/std/room/exits.c
[2m2026-08-18T01:31:46.833666Z[0m [32m INFO[0m [2mrmudos::compiler[0m[2m:[0m compile done [3mpath[0m[2m=[0m/std/room/exits [3melapsed_ms[0m[2m=[0m0
[2m2026-08-18T01:31:46.833673Z[0m [32m INFO[0m [2mrmudos::compiler[0m[2m:[0m compile start [3mpath[0m[2m=[0m/std/room/items [3mfile[0m[2m=[0mmudlib/std/room/items.c
[2m2026-08-18T01:31:46.834113Z[0m [32m INFO[0m [2mrmudos::compiler[0m[2m:[0m compile done [3mpath[0m[2m=[0m/std/room/items [3melapsed_ms[0m[2m=[0m0
[2m2026-08-18T01:31:46.834528Z[0m [32m INFO[0m [2mrmudos::compiler[0m[2m:[0m compile done [3mpath[0m[2m=[0m/std/room [3melapsed_ms[0m[2m=[0m5
[2m2026-08-18T01:31:46.834828Z[0m [32m INFO[0m [2mrmudos::compiler[0m[2m:[0m compile done [3mpath[0m[2m=[0m/d/newbieville/rooms/majestyave [3melapsed_ms[0m[2m=[0m6
[2m2026-08-18T01:31:46.834835Z[0m [32m INFO[0m [2mrmudos::vm[0m[2m:[0m load_object compile ok [3mpath[0m[2m=[0m/d/newbieville/rooms/majestyave [3melapsed_ms[0m[2m=[0m6
[2m2026-08-18T01:31:46.834840Z[0m [32m INFO[0m [2mrmudos::vm[0m[2m:[0m load_object create() [3mpath[0m[2m=[0m/d/newbieville/rooms/majestyave
[2m2026-08-18T01:31:46.835090Z[0m [32m INFO[0m [2mrmudos::vm[0m[2m:[0m load_object done [3mpath[0m[2m=[0m/d/newbieville/rooms/majestyave
[2m2026-08-18T01:31:46.835606Z[0m [32m INFO[0m [2mrmudos::vm[0m[2m:[0m load_object start [3mpath[0m[2m=[0m/daemon/events_d
[2m2026-08-18T01:31:46.835613Z[0m [32m INFO[0m [2mrmudos::compiler[0m[2m:[0m compile start [3mpath[0m[2m=[0m/daemon/events_d [3mfile[0m[2m=[0mmudlib/daemon/events_d.c
[2m2026-08-18T01:31:46.836256Z[0m [32m INFO[0m [2mrmudos::compiler[0m[2m:[0m compile done [3mpath[0m[2m=[0m/daemon/events_d [3melapsed_ms[0m[2m=[0m0
[2m2026-08-18T01:31:46.836261Z[0m [32m INFO[0m [2mrmudos::vm[0m[2m:[0m load_object compile ok [3mpath[0m[2m=[0m/daemon/events_d [3melapsed_ms[0m[2m=[0m0
[2m2026-08-18T01:31:46.836262Z[0m [32m INFO[0m [2mrmudos::vm[0m[2m:[0m load_object create() [3mpath[0m[2m=[0m/daemon/events_d
[2m2026-08-18T01:31:46.836463Z[0m [32m INFO[0m [2mrmudos::vm[0m[2m:[0m load_object start [3mpath[0m[2m=[0m/daemon/events_d
[2m2026-08-18T01:31:46.836467Z[0m [32m INFO[0m [2mrmudos::compiler[0m[2m:[0m compile start [3mpath[0m[2m=[0m/daemon/events_d [3mfile[0m[2m=[0mmudlib/daemon/events_d.c
[2m2026-08-18T01:31:46.836968Z[0m [32m INFO[0m [2mrmudos::compiler[0m[2m:[0m compile done [3mpath[0m[2m=[0m/daemon/events_d [3melapsed_ms[0m[2m=[0m0
[2m2026-08-18T01:31:46.836974Z[0m [32m INFO[0m [2mrmudos::vm[0m[2m:[0m load_object compile ok [3mpath[0m[2m=[0m/daemon/events_d [3melapsed_ms[0m[2m=[0m0
[2m2026-08-18T01:31:46.836977Z[0m [32m INFO[0m [2mrmudos::vm[0m[2m:[0m load_object create() [3mpath[0m[2m=[0m/daemon/events_d
[2m2026-08-18T01:31:46.840057Z[0m [32m INFO[0m [2mrmudos::vm[0m[2m:[0m load_object start [3mpath[0m[2m=[0m/daemon/events_d
[2m2026-08-18T01:31:46.840068Z[0m [32m INFO[0m [2mrmudos::compiler[0m[2m:[0m compile start [3mpath[0m[2m=[0m/daemon/events_d [3mfile[0m[2m=[0mmudlib/daemon/events_d.c
[2m2026-08-18T01:31:46.840631Z[0m [32m INFO[0m [2mrmudos::compiler[0m[2m:[0m compile done [3mpath[0m[2m=[0m/daemon/events_d [3melapsed_ms[0m[2m=[0m0
[2m2026-08-18T01:31:46.840636Z[0m [32m INFO[0m [2mrmudos::vm[0m[2m:[0m load_object compile ok [3mpath[0m[2m=[0m/daemon/events_d [3melapsed_ms[0m[2m=[0m0
[2m2026-08-18T01:31:46.840638Z[0m [32m INFO[0m [2mrmudos::vm[0m[2m:[0m load_object create() [3mpath[0m[2m=[0m/daemon/events_d
[2m2026-08-18T01:31:47.586817Z[0m [32m INFO[0m [2mrmudos::vm[0m[2m:[0m load_object start [3mpath[0m[2m=[0m/d/newbieville/rooms/ngates
[2m2026-08-18T01:31:47.586843Z[0m [32m INFO[0m [2mrmudos::compiler[0m[2m:[0m compile start [3mpath[0m[2m=[0m/d/newbieville/rooms/ngates [3mfile[0m[2m=[0mmudlib/d/newbieville/rooms/ngates.c
[2m2026-08-18T01:31:47.587715Z[0m [32m INFO[0m [2mrmudos::compiler[0m[2m:[0m compile start [3mpath[0m[2m=[0m/std/room [3mfile[0m[2m=[0mmudlib/std/room.c
[2m2026-08-18T01:31:47.588036Z[0m [32m INFO[0m [2mrmudos::compiler[0m[2m:[0m compile start [3mpath[0m[2m=[0m/std/container [3mfile[0m[2m=[0mmudlib/std/container.c
[2m2026-08-18T01:31:47.588420Z[0m [32m INFO[0m [2mrmudos::compiler[0m[2m:[0m compile start [3mpath[0m[2m=[0m/std/Object [3mfile[0m[2m=[0mmudlib/std/Object.c
[2m2026-08-18T01:31:47.589677Z[0m [32m INFO[0m [2mrmudos::compiler[0m[2m:[0m compile start [3mpath[0m[2m=[0m/std/move [3mfile[0m[2m=[0mmudlib/std/move.c
[2m2026-08-18T01:31:47.590232Z[0m [32m INFO[0m [2mrmudos::compiler[0m[2m:[0m compile done [3mpath[0m[2m=[0m/std/move [3melapsed_ms[0m[2m=[0m0
[2m2026-08-18T01:31:47.590657Z[0m [32m INFO[0m [2mrmudos::compiler[0m[2m:[0m compile done [3mpath[0m[2m=[0m/std/Object [3melapsed_ms[0m[2m=[0m2
[2m2026-08-18T01:31:47.590842Z[0m [32m INFO[0m [2mrmudos::compiler[0m[2m:[0m compile done [3mpath[0m[2m=[0m/std/container [3melapsed_ms[0m[2m=[0m2
[2m2026-08-18T01:31:47.590853Z[0m [32m INFO[0m [2mrmudos::compiler[0m[2m:[0m compile start [3mpath[0m[2m=[0m/std/room/senses [3mfile[0m[2m=[0mmudlib/std/room/senses.c
[2m2026-08-18T01:31:47.591528Z[0m [32m INFO[0m [2mrmudos::compiler[0m[2m:[0m compile done [3mpath[0m[2m=[0m/std/room/senses [3melapsed_ms[0m[2m=[0m0
[2m2026-08-18T01:31:47.591537Z[0m [32m INFO[0m [2mrmudos::compiler[0m[2m:[0m compile start [3mpath[0m[2m=[0m/std/room/exits [3mfile[0m[2m=[0mmudlib/std/room/exits.c
[2m2026-08-18T01:31:47.592643Z[0m [32m INFO[0m [2mrmudos::compiler[0m[2m:[0m compile done [3mpath[0m[2m=[0m/std/room/exits [3melapsed_ms[0m[2m=[0m1
[2m2026-08-18T01:31:47.592654Z[0m [32m INFO[0m [2mrmudos::compiler[0m[2m:[0m compile start [3mpath[0m[2m=[0m/std/room/items [3mfile[0m[2m=[0mmudlib/std/room/items.c
[2m2026-08-18T01:31:47.592996Z[0m [32m INFO[0m [2mrmudos::compiler[0m[2m:[0m compile done [3mpath[0m[2m=[0m/std/room/items [3melapsed_ms[0m[2m=[0m0
[2m2026-08-18T01:31:47.593311Z[0m [32m INFO[0m [2mrmudos::compiler[0m[2m:[0m compile done [3mpath[0m[2m=[0m/std/room [3melapsed_ms[0m[2m=[0m5
[2m2026-08-18T01:31:47.593585Z[0m [32m INFO[0m [2mrmudos::compiler[0m[2m:[0m compile done [3mpath[0m[2m=[0m/d/newbieville/rooms/ngates [3melapsed_ms[0m[2m=[0m6
[2m2026-08-18T01:31:47.593592Z[0m [32m INFO[0m [2mrmudos::vm[0m[2m:[0m load_object compile ok [3mpath[0m[2m=[0m/d/newbieville/rooms/ngates [3melapsed_ms[0m[2m=[0m6
[2m2026-08-18T01:31:47.593596Z[0m [32m INFO[0m [2mrmudos::vm[0m[2m:[0m load_object create() [3mpath[0m[2m=[0m/d/newbieville/rooms/ngates
[2m2026-08-18T01:31:47.593752Z[0m [32m INFO[0m [2mrmudos::vm[0m[2m:[0m load_object done [3mpath[0m[2m=[0m/d/newbieville/rooms/ngates
[2m2026-08-18T01:31:47.594111Z[0m [32m INFO[0m [2mrmudos::vm[0m[2m:[0m load_object start [3mpath[0m[2m=[0m/daemon/events_d
[2m2026-08-18T01:31:47.594119Z[0m [32m INFO[0m [2mrmudos::compiler[0m[2m:[0m compile start [3mpath[0m[2m=[0m/daemon/events_d [3mfile[0m[2m=[0mmudlib/daemon/events_d.c
[2m2026-08-18T01:31:47.594766Z[0m [32m INFO[0m [2mrmudos::compiler[0m[2m:[0m compile done [3mpath[0m[2m=[0m/daemon/events_d [3melapsed_ms[0m[2m=[0m0
[2m2026-08-18T01:31:47.594772Z[0m [32m INFO[0m [2mrmudos::vm[0m[2m:[0m load_object compile ok [3mpath[0m[2m=[0m/daemon/events_d [3melapsed_ms[0m[2m=[0m0
[2m2026-08-18T01:31:47.594776Z[0m [32m INFO[0m [2mrmudos::vm[0m[2m:[0m load_object create() [3mpath[0m[2m=[0m/daemon/events_d
[2m2026-08-18T01:31:47.595011Z[0m [32m INFO[0m [2mrmudos::vm[0m[2m:[0m load_object start [3mpath[0m[2m=[0m/daemon/events_d
[2m2026-08-18T01:31:47.595018Z[0m [32m INFO[0m [2mrmudos::compiler[0m[2m:[0m compile start [3mpath[0m[2m=[0m/daemon/events_d [3mfile[0m[2m=[0mmudlib/daemon/events_d.c
[2m2026-08-18T01:31:47.595602Z[0m [32m INFO[0m [2mrmudos::compiler[0m[2m:[0m compile done [3mpath[0m[2m=[0m/daemon/events_d [3melapsed_ms[0m[2m=[0m0
[2m2026-08-18T01:31:47.595609Z[0m [32m INFO[0m [2mrmudos::vm[0m[2m:[0m load_object compile ok [3mpath[0m[2m=[0m/daemon/events_d [3melapsed_ms[0m[2m=[0m0
[2m2026-08-18T01:31:47.595611Z[0m [32m INFO[0m [2mrmudos::vm[0m[2m:[0m load_object create() [3mpath[0m[2m=[0m/daemon/events_d
[2m2026-08-18T01:31:47.595751Z[0m [32m INFO[0m [2mrmudos::vm[0m[2m:[0m load_object start [3mpath[0m[2m=[0m/daemon/events_d
[2m2026-08-18T01:31:47.595755Z[0m [32m INFO[0m [2mrmudos::compiler[0m[2m:[0m compile start [3mpath[0m[2m=[0m/daemon/events_d [3mfile[0m[2m=[0mmudlib/daemon/events_d.c
[2m2026-08-18T01:31:47.596349Z[0m [32m INFO[0m [2mrmudos::compiler[0m[2m:[0m compile done [3mpath[0m[2m=[0m/daemon/events_d [3melapsed_ms[0m[2m=[0m0
[2m2026-08-18T01:31:47.596355Z[0m [32m INFO[0m [2mrmudos::vm[0m[2m:[0m load_object compile ok [3mpath[0m[2m=[0m/daemon/events_d [3melapsed_ms[0m[2m=[0m0
[2m2026-08-18T01:31:47.596357Z[0m [32m INFO[0m [2mrmudos::vm[0m[2m:[0m load_object create() [3mpath[0m[2m=[0m/daemon/events_d
[2m2026-08-18T01:31:53.616719Z[0m [32m INFO[0m [2mrmudos::vm[0m[2m:[0m load_object start [3mpath[0m[2m=[0m/cmds/mortal/_status
[2m2026-08-18T01:31:53.616741Z[0m [32m INFO[0m [2mrmudos::compiler[0m[2m:[0m compile start [3mpath[0m[2m=[0m/cmds/mortal/_status [3mfile[0m[2m=[0mmudlib/cmds/mortal/_status.c
[2m2026-08-18T01:31:53.616951Z[0m [32m INFO[0m [2mrmudos::compiler[0m[2m:[0m compile start [3mpath[0m[2m=[0m/std/daemon [3mfile[0m[2m=[0mmudlib/std/daemon.c
[2m2026-08-18T01:31:53.617019Z[0m [32m INFO[0m [2mrmudos::compiler[0m[2m:[0m compile done [3mpath[0m[2m=[0m/std/daemon [3melapsed_ms[0m[2m=[0m0
[2m2026-08-18T01:31:53.617060Z[0m [32m INFO[0m [2mrmudos::compiler[0m[2m:[0m compile done [3mpath[0m[2m=[0m/cmds/mortal/_status [3melapsed_ms[0m[2m=[0m0
[2m2026-08-18T01:31:53.617063Z[0m [32m INFO[0m [2mrmudos::vm[0m[2m:[0m load_object compile ok [3mpath[0m[2m=[0m/cmds/mortal/_status [3melapsed_ms[0m[2m=[0m0
[2m2026-08-18T01:31:53.617065Z[0m [32m INFO[0m [2mrmudos::vm[0m[2m:[0m load_object create() [3mpath[0m[2m=[0m/cmds/mortal/_status
[2m2026-08-18T01:31:53.617085Z[0m [32m INFO[0m [2mrmudos::vm[0m[2m:[0m load_object done [3mpath[0m[2m=[0m/cmds/mortal/_status
